日期,方向,代码,名称,行业,手数(手),股数(股),成本价(元),成交价(元),成交金额(元),手续费(元),盈亏(元),盈亏(%),备注
2020-01-14,买入,300598,诚迈科技,计算机,1,100,178.96,178.96,17896.0,22.37,0.0,0.0,纳入持仓池
2020-01-14,买入,002291,遥望科技,传媒,7,700,27.47,27.47,19229.0,24.04,0.0,0.0,纳入持仓池
2020-01-14,买入,002351,漫步者,电子,8,800,22.63,22.63,18104.0,22.63,0.0,0.0,纳入持仓池
2020-01-14,买入,002605,姚记科技,传媒,5,500,36.85,36.85,18425.0,23.03,0.0,0.0,纳入持仓池
2020-01-14,买入,603005,晶方科技,电子,3,300,60.17,60.17,18051.0,22.56,0.0,0.0,纳入持仓池
2020-01-14,买入,600745,*ST闻泰,电子,1,100,106.5,106.5,10650.0,13.31,0.0,0.0,纳入持仓池
2020-01-14,买入,603501,豪威集团,电子,1,100,166.44,166.44,16644.0,20.8,0.0,0.0,纳入持仓池
2020-01-14,买入,300783,三只松鼠,食品饮料,2,200,68.98,68.98,13796.0,17.25,0.0,0.0,纳入持仓池
2020-01-14,买入,300552,万集科技,计算机,1,100,100.47,100.47,10047.0,12.56,0.0,0.0,纳入持仓池
2020-01-14,买入,002201,九鼎新材,建筑材料,9,900,21.1,21.1,18990.0,23.74,0.0,0.0,纳入持仓池
2020-01-14,买入,300661,圣邦股份,电子,0,0,268.83,268.83,0,0,0.0,0.0,"资金不足一手（需26,883元，分配20,000元）"
2020-01-14,买入,300223,北京君正,电子,2,200,89.6,89.6,17920.0,22.4,0.0,0.0,纳入持仓池
2020-01-14,买入,603986,兆易创新,电子,0,0,253.99,253.99,0,0,0.0,0.0,"资金不足一手（需25,399元，分配20,000元）"
2020-01-14,买入,002850,科达利,电力设备,3,300,54.99,54.99,16497.0,20.62,0.0,0.0,纳入持仓池
2020-01-14,买入,002552,宝鼎科技,其他,8,800,24.77,24.77,19816.0,24.77,0.0,0.0,纳入持仓池
2020-01-14,买入,300468,四方精创,计算机,4,400,40.89,40.89,16356.0,20.45,0.0,0.0,纳入持仓池
2020-01-14,买入,600223,福瑞达,美容护理,19,1900,10.45,10.45,19855.0,24.82,0.0,0.0,纳入持仓池
2020-01-14,买入,002045,国光电器,电子,15,1500,12.77,12.77,19155.0,23.94,0.0,0.0,纳入持仓池
2020-01-14,买入,300341,麦克奥迪,医药生物,14,1400,14.23,14.23,19922.0,24.9,0.0,0.0,纳入持仓池
2020-01-14,买入,300433,蓝思科技,电子,11,1100,16.68,16.68,18348.0,22.93,0.0,0.0,纳入持仓池
2020-01-14,买入,603598,引力传媒,传媒,9,900,20.5,20.5,18450.0,23.06,0.0,0.0,纳入持仓池
2020-01-14,买入,603799,华友钴业,有色金属,4,400,48.9,48.9,19560.0,24.45,0.0,0.0,纳入持仓池
2020-01-14,买入,002623,亚玛顿,其他,5,500,35.67,35.67,17835.0,22.29,0.0,0.0,纳入持仓池
2020-01-14,买入,002241,歌尔股份,电子,9,900,21.99,21.99,19791.0,24.74,0.0,0.0,纳入持仓池
2020-01-14,买入,300643,万通智控,汽车,9,900,21.8,21.8,19620.0,24.53,0.0,0.0,纳入持仓池
2020-01-14,买入,300782,卓胜微,电子,0,0,432.93,432.93,0,0,0.0,0.0,"资金不足一手（需43,293元，分配20,000元）"
2020-01-14,买入,002156,通富微电,电子,10,1000,18.57,18.57,18570.0,23.21,0.0,0.0,纳入持仓池
2020-01-14,买入,603129,春风动力,汽车,3,300,50.51,50.51,15153.0,18.94,0.0,0.0,纳入持仓池
2020-01-14,买入,300113,顺网科技,传媒,6,600,31.92,31.92,19152.0,23.94,0.0,0.0,纳入持仓池
2020-01-14,买入,300088,长信科技,电子,17,1700,11.5,11.5,19550.0,24.44,0.0,0.0,纳入持仓池
2020-01-23,卖出,300783,三只松鼠,食品饮料,2,200,68.98,61.55,12310.0,15.39,-1501.39,-10.77,移出持仓池
2020-01-23,卖出,002201,九鼎新材,建筑材料,9,900,21.1,18.95,17055.0,21.32,-1956.32,-10.19,移出持仓池
2020-01-23,卖出,002850,科达利,电力设备,3,300,54.99,54.4,16320.0,20.4,-197.4,-1.07,移出持仓池
2020-01-23,卖出,603598,引力传媒,传媒,9,900,20.5,17.3,15570.0,19.46,-2899.46,-15.61,移出持仓池
2020-01-23,卖出,002623,亚玛顿,其他,5,500,35.67,32.59,16295.0,20.37,-1560.37,-8.63,移出持仓池
2020-01-23,卖出,002241,歌尔股份,电子,9,900,21.99,23.61,21249.0,26.56,1431.44,7.37,移出持仓池
2020-01-23,卖出,300643,万通智控,汽车,9,900,21.8,19.05,17145.0,21.43,-2496.43,-12.61,移出持仓池
2020-01-23,卖出,603129,春风动力,汽车,3,300,50.51,46.0,13800.0,17.25,-1370.25,-8.93,移出持仓池
2020-01-23,卖出,300113,顺网科技,传媒,6,600,31.92,30.1,18060.0,22.57,-1114.57,-5.7,移出持仓池
2020-01-23,买入,000700,模塑科技,其他,16,1600,12.29,12.29,19664.0,24.58,0.0,0.0,纳入持仓池
2020-01-23,买入,000818,航锦科技,基础化工,7,700,28.4,28.4,19880.0,24.85,0.0,0.0,纳入持仓池
2020-01-23,买入,002555,三七互娱,传媒,6,600,32.41,32.41,19446.0,24.31,0.0,0.0,纳入持仓池
2020-01-23,买入,300460,ST惠伦,电子,8,800,22.53,22.53,18024.0,22.53,0.0,0.0,纳入持仓池
2020-01-23,买入,603825,ST华扬,传媒,7,700,27.02,27.02,18914.0,23.64,0.0,0.0,纳入持仓池
2020-01-23,买入,002791,坚朗五金,建筑材料,4,400,41.85,41.85,16740.0,20.93,0.0,0.0,纳入持仓池
2020-01-23,买入,300456,赛微电子,电子,6,600,30.2,30.2,18120.0,22.65,0.0,0.0,纳入持仓池
2020-01-23,买入,603920,世运电路,电子,6,600,29.6,29.6,17760.0,22.2,0.0,0.0,纳入持仓池
2020-01-23,买入,603160,汇顶科技,电子,0,0,338.06,338.06,0,0,0.0,0.0,"资金不足一手（需33,806元，分配20,000元）"
2020-01-23,买入,601689,拓普集团,汽车,8,800,22.99,22.99,18392.0,22.99,0.0,0.0,纳入持仓池
2020-01-23,持有,300598,诚迈科技,计算机,1,100,178.96,202.39,--,--,2343.0,13.09,继续持有
2020-01-23,持有,002291,遥望科技,传媒,7,700,27.47,27.09,--,--,-266.0,-1.38,继续持有
2020-01-23,持有,603005,晶方科技,电子,3,300,60.17,80.9,--,--,6219.0,34.45,继续持有
2020-01-23,持有,002605,姚记科技,传媒,5,500,36.85,38.2,--,--,675.0,3.66,继续持有
2020-01-23,持有,600745,*ST闻泰,电子,1,100,106.5,125.0,--,--,1850.0,17.37,继续持有
2020-01-23,持有,002351,漫步者,电子,8,800,22.63,19.84,--,--,-2232.0,-12.33,继续持有
2020-01-23,持有,300433,蓝思科技,电子,11,1100,16.68,20.68,--,--,4400.0,23.98,继续持有
2020-01-23,持有,300223,北京君正,电子,2,200,89.6,101.78,--,--,2436.0,13.59,继续持有
2020-01-23,持有,002156,通富微电,电子,10,1000,18.57,24.68,--,--,6110.0,32.9,继续持有
2020-01-23,持有,603501,豪威集团,电子,1,100,166.44,185.55,--,--,1911.0,11.48,继续持有
2020-01-23,持有,300552,万集科技,计算机,1,100,100.47,91.51,--,--,-896.0,-8.92,继续持有
2020-01-23,持有,603986,兆易创新,电子,--,--,--,283.0,--,--,0.0,0.0,继续持有
2020-01-23,持有,300661,圣邦股份,电子,--,--,--,275.11,--,--,0.0,0.0,继续持有
2020-01-23,持有,002552,宝鼎科技,其他,8,800,24.77,21.61,--,--,-2528.0,-12.76,继续持有
2020-01-23,持有,600223,福瑞达,美容护理,19,1900,10.45,10.12,--,--,-627.0,-3.16,继续持有
2020-01-23,持有,300468,四方精创,计算机,4,400,40.89,38.8,--,--,-836.0,-5.11,继续持有
2020-01-23,持有,300088,长信科技,电子,17,1700,11.5,12.67,--,--,1989.0,10.17,继续持有
2020-01-23,持有,300341,麦克奥迪,医药生物,14,1400,14.23,13.5,--,--,-1022.0,-5.13,继续持有
2020-01-23,持有,603799,华友钴业,有色金属,4,400,48.9,47.2,--,--,-680.0,-3.48,继续持有
2020-01-23,持有,002045,国光电器,电子,15,1500,12.77,12.81,--,--,60.0,0.31,继续持有
2020-02-17,卖出,300552,万集科技,计算机,1,100,100.47,90.17,9017.0,11.27,-1041.27,-10.25,移出持仓池
2020-02-17,卖出,002552,宝鼎科技,其他,8,800,24.77,20.61,16488.0,20.61,-3348.61,-16.79,移出持仓池
2020-02-17,卖出,600223,福瑞达,美容护理,19,1900,10.45,9.04,17176.0,21.47,-2700.47,-13.49,移出持仓池
2020-02-17,卖出,603825,ST华扬,传媒,7,700,27.02,28.48,19936.0,24.92,997.08,5.4,移出持仓池
2020-02-17,卖出,603920,世运电路,电子,6,600,29.6,29.3,17580.0,21.98,-201.98,-1.01,移出持仓池
2020-02-17,卖出,300341,麦克奥迪,医药生物,14,1400,14.23,13.55,18970.0,23.71,-975.71,-4.78,移出持仓池
2020-02-17,卖出,603799,华友钴业,有色金属,4,400,48.9,54.6,21840.0,27.3,2252.7,11.66,移出持仓池
2020-02-17,卖出,601689,拓普集团,汽车,8,800,22.99,25.13,20104.0,25.13,1686.87,9.31,移出持仓池
2020-02-17,卖出,002045,国光电器,电子,15,1500,12.77,13.3,19950.0,24.94,770.06,4.15,移出持仓池
2020-02-17,买入,002623,亚玛顿,其他,4,400,43.84,43.84,17536.0,21.92,0.0,0.0,纳入持仓池
2020-02-17,买入,300160,秀强股份,家用电器,19,1900,10.29,10.29,19551.0,24.44,0.0,0.0,纳入持仓池
2020-02-17,买入,002460,赣锋锂业,有色金属,3,300,62.0,62.0,18600.0,23.25,0.0,0.0,纳入持仓池
2020-02-17,买入,300548,长芯博创,通信,2,200,93.48,93.48,18696.0,23.37,0.0,0.0,纳入持仓池
2020-02-17,买入,300655,晶瑞电材,电子,4,400,47.29,47.29,18916.0,23.64,0.0,0.0,纳入持仓池
2020-02-17,买入,300397,天和防务,国防军工,4,400,47.77,47.77,19108.0,23.89,0.0,0.0,纳入持仓池
2020-02-17,买入,300390,天华新能,电力设备,15,1500,13.33,13.33,19995.0,24.99,0.0,0.0,纳入持仓池
2020-02-17,买入,300014,亿纬锂能,电力设备,2,200,77.03,77.03,15406.0,19.26,0.0,0.0,纳入持仓池
2020-02-17,买入,300346,南大光电,电子,7,700,25.72,25.72,18004.0,22.5,0.0,0.0,纳入持仓池
2020-02-17,买入,002371,北方华创,电子,1,100,146.4,146.4,14640.0,18.3,0.0,0.0,纳入持仓池
2020-02-17,买入,002850,科达利,电力设备,3,300,60.8,60.8,18240.0,22.8,0.0,0.0,纳入持仓池
2020-02-17,持有,603005,晶方科技,电子,3,300,60.17,104.5,--,--,13299.0,73.67,继续持有
2020-02-17,持有,300598,诚迈科技,计算机,1,100,178.96,225.98,--,--,4702.0,26.27,继续持有
2020-02-17,持有,002291,遥望科技,传媒,7,700,27.47,27.17,--,--,-210.0,-1.09,继续持有
2020-02-17,持有,000818,航锦科技,基础化工,7,700,28.4,30.76,--,--,1652.0,8.31,继续持有
2020-02-17,持有,000700,模塑科技,其他,16,1600,12.29,13.71,--,--,2272.0,11.55,继续持有
2020-02-17,持有,002351,漫步者,电子,8,800,22.63,21.1,--,--,-1224.0,-6.76,继续持有
2020-02-17,持有,603986,兆易创新,电子,--,--,--,318.0,--,--,0.0,0.0,继续持有
2020-02-17,持有,002605,姚记科技,传媒,5,500,36.85,36.23,--,--,-310.0,-1.68,继续持有
2020-02-17,持有,002156,通富微电,电子,10,1000,18.57,28.65,--,--,10080.0,54.28,继续持有
2020-02-17,持有,600745,*ST闻泰,电子,1,100,106.5,124.46,--,--,1796.0,16.86,继续持有
2020-02-17,持有,300433,蓝思科技,电子,11,1100,16.68,22.44,--,--,6336.0,34.53,继续持有
2020-02-17,持有,300223,北京君正,电子,2,200,89.6,115.1,--,--,5100.0,28.46,继续持有
2020-02-17,持有,002791,坚朗五金,建筑材料,4,400,41.85,50.15,--,--,3320.0,19.83,继续持有
2020-02-17,持有,300460,ST惠伦,电子,8,800,22.53,27.05,--,--,3616.0,20.06,继续持有
2020-02-17,持有,603501,豪威集团,电子,1,100,166.44,192.99,--,--,2655.0,15.95,继续持有
2020-02-17,持有,300456,赛微电子,电子,6,600,30.2,33.84,--,--,2184.0,12.05,继续持有
2020-02-17,持有,300468,四方精创,计算机,4,400,40.89,42.9,--,--,804.0,4.92,继续持有
2020-02-17,持有,002555,三七互娱,传媒,6,600,32.41,38.2,--,--,3474.0,17.86,继续持有
2020-02-17,持有,300088,长信科技,电子,17,1700,11.5,13.49,--,--,3383.0,17.3,继续持有
2020-02-28,卖出,300433,蓝思科技,电子,11,1100,16.68,19.47,21417.0,26.77,3042.23,16.73,移出持仓池
2020-02-28,卖出,300460,ST惠伦,电子,8,800,22.53,20.75,16600.0,20.75,-1444.75,-7.9,移出持仓池
2020-02-28,卖出,603501,豪威集团,电子,1,100,166.44,174.22,17422.0,21.78,756.22,4.67,移出持仓池
2020-02-28,卖出,300456,赛微电子,电子,6,600,30.2,27.94,16764.0,20.96,-1376.96,-7.48,移出持仓池
2020-02-28,卖出,300468,四方精创,计算机,4,400,40.89,37.24,14896.0,18.62,-1478.62,-8.93,移出持仓池
2020-02-28,卖出,002555,三七互娱,传媒,6,600,32.41,33.86,20316.0,25.39,844.61,4.47,移出持仓池
2020-02-28,卖出,300655,晶瑞电材,电子,4,400,47.29,42.37,16948.0,21.18,-1989.18,-10.4,移出持仓池
2020-02-28,卖出,300397,天和防务,国防军工,4,400,47.77,43.61,17444.0,21.8,-1685.8,-8.71,移出持仓池
2020-02-28,卖出,300390,天华新能,电力设备,15,1500,13.33,11.8,17700.0,22.12,-2317.12,-11.48,移出持仓池
2020-02-28,卖出,300014,亿纬锂能,电力设备,2,200,77.03,66.55,13310.0,16.64,-2112.64,-13.61,移出持仓池
2020-02-28,卖出,300088,长信科技,电子,17,1700,11.5,10.82,18394.0,22.99,-1178.99,-5.91,移出持仓池
2020-02-28,卖出,002850,科达利,电力设备,3,300,60.8,61.56,18468.0,23.09,204.91,1.25,移出持仓池
2020-02-28,买入,000652,泰达股份,综合,19,1900,10.3,10.3,19570.0,24.46,0.0,0.0,纳入持仓池
2020-02-28,买入,000955,欣龙控股,纺织服饰,17,1700,11.32,11.32,19244.0,24.05,0.0,0.0,纳入持仓池
2020-02-28,买入,603613,国联股份,商贸零售,1,100,113.71,113.71,11371.0,14.21,0.0,0.0,纳入持仓池
2020-02-28,买入,300578,会畅科技,通信,2,200,73.0,73.0,14600.0,18.25,0.0,0.0,纳入持仓池
2020-02-28,买入,300677,英科医疗,医药生物,4,400,45.98,45.98,18392.0,22.99,0.0,0.0,纳入持仓池
2020-02-28,买入,002239,奥特佳,汽车,41,4100,4.85,4.85,19885.0,24.86,0.0,0.0,纳入持仓池
2020-02-28,买入,002838,道恩股份,基础化工,5,500,33.88,33.88,16940.0,21.18,0.0,0.0,纳入持仓池
2020-02-28,买入,300767,震安科技,基础化工,2,200,90.56,90.56,18112.0,22.64,0.0,0.0,纳入持仓池
2020-02-28,买入,002414,高德红外,国防军工,4,400,47.43,47.43,18972.0,23.71,0.0,0.0,纳入持仓池
2020-02-28,买入,300457,赢合科技,电力设备,3,300,60.04,60.04,18012.0,22.52,0.0,0.0,纳入持仓池
2020-02-28,买入,002214,*ST大立,国防军工,8,800,24.06,24.06,19248.0,24.06,0.0,0.0,纳入持仓池
2020-02-28,买入,603825,ST华扬,传媒,6,600,29.0,29.0,17400.0,21.75,0.0,0.0,纳入持仓池
2020-02-28,持有,300598,诚迈科技,计算机,1,100,178.96,259.2,--,--,8024.0,44.84,继续持有
2020-02-28,持有,603005,晶方科技,电子,3,300,60.17,110.5,--,--,15099.0,83.65,继续持有
2020-02-28,持有,002291,遥望科技,传媒,7,700,27.47,22.65,--,--,-3374.0,-17.55,继续持有
2020-02-28,持有,603986,兆易创新,电子,--,--,--,363.04,--,--,0.0,0.0,继续持有
2020-02-28,持有,600745,*ST闻泰,电子,1,100,106.5,139.37,--,--,3287.0,30.86,继续持有
2020-02-28,持有,002605,姚记科技,传媒,5,500,36.85,35.6,--,--,-625.0,-3.39,继续持有
2020-02-28,持有,002791,坚朗五金,建筑材料,4,400,41.85,55.08,--,--,5292.0,31.61,继续持有
2020-02-28,持有,300548,长芯博创,通信,2,200,93.48,118.8,--,--,5064.0,27.09,继续持有
2020-02-28,持有,000700,模塑科技,其他,16,1600,12.29,10.88,--,--,-2256.0,-11.47,继续持有
2020-02-28,持有,000818,航锦科技,基础化工,7,700,28.4,25.7,--,--,-1890.0,-9.51,继续持有
2020-02-28,持有,002351,漫步者,电子,8,800,22.63,19.47,--,--,-2528.0,-13.96,继续持有
2020-02-28,持有,300346,南大光电,电子,7,700,25.72,29.8,--,--,2856.0,15.86,继续持有
2020-02-28,持有,002156,通富微电,电子,10,1000,18.57,27.45,--,--,8880.0,47.82,继续持有
2020-02-28,持有,300160,秀强股份,家用电器,19,1900,10.29,10.43,--,--,266.0,1.36,继续持有
2020-02-28,持有,002623,亚玛顿,其他,4,400,43.84,41.02,--,--,-1128.0,-6.43,继续持有
2020-02-28,持有,300223,北京君正,电子,2,200,89.6,117.77,--,--,5634.0,31.44,继续持有
2020-02-28,持有,002371,北方华创,电子,1,100,146.4,148.01,--,--,161.0,1.1,继续持有
2020-02-28,持有,002460,赣锋锂业,有色金属,3,300,62.0,51.98,--,--,-3006.0,-16.16,继续持有
2020-03-17,卖出,300548,长芯博创,通信,2,200,93.48,90.59,18118.0,22.65,-600.65,-3.09,移出持仓池
2020-03-17,卖出,300346,南大光电,电子,7,700,25.72,31.31,21917.0,27.4,3885.6,21.73,移出持仓池
2020-03-17,卖出,603613,国联股份,商贸零售,1,100,113.71,101.78,10178.0,12.72,-1205.72,-10.49,移出持仓池
2020-03-17,卖出,300578,会畅科技,通信,2,200,73.0,53.3,10660.0,13.33,-3953.33,-26.99,移出持仓池
2020-03-17,卖出,300223,北京君正,电子,2,200,89.6,99.5,19900.0,24.88,1955.12,11.05,移出持仓池
2020-03-17,卖出,300767,震安科技,基础化工,2,200,90.56,70.97,14194.0,17.74,-3935.74,-21.63,移出持仓池
2020-03-17,卖出,002414,高德红外,国防军工,4,400,47.43,37.0,14800.0,18.5,-4190.5,-21.99,移出持仓池
2020-03-17,卖出,300457,赢合科技,电力设备,3,300,60.04,51.57,15471.0,19.34,-2560.34,-14.11,移出持仓池
2020-03-17,卖出,002371,北方华创,电子,1,100,146.4,137.15,13715.0,17.14,-942.14,-6.32,移出持仓池
2020-03-17,卖出,002460,赣锋锂业,有色金属,3,300,62.0,41.47,12441.0,15.55,-6174.55,-33.11,移出持仓池
2020-03-17,卖出,002214,*ST大立,国防军工,8,800,24.06,19.69,15752.0,19.69,-3515.69,-18.16,移出持仓池
2020-03-17,卖出,603825,ST华扬,传媒,6,600,29.0,25.02,15012.0,18.77,-2406.77,-13.72,移出持仓池
2020-03-17,买入,002961,瑞达期货,非银金融,6,600,28.95,28.95,17370.0,21.71,0.0,0.0,纳入持仓池
2020-03-17,买入,603301,振德医疗,医药生物,4,400,49.7,49.7,19880.0,24.85,0.0,0.0,纳入持仓池
2020-03-17,买入,000016,*ST康佳A,家用电器,19,1900,10.38,10.38,19722.0,24.65,0.0,0.0,纳入持仓池
2020-03-17,买入,603726,朗迪集团,家用电器,7,700,26.14,26.14,18298.0,22.87,0.0,0.0,纳入持仓池
2020-03-17,买入,603031,安孚科技,电力设备,5,500,38.24,38.24,19120.0,23.9,0.0,0.0,纳入持仓池
2020-03-17,买入,002551,尚荣医疗,医药生物,17,1700,11.18,11.18,19006.0,23.76,0.0,0.0,纳入持仓池
2020-03-17,买入,300683,海特生物,医药生物,2,200,75.0,75.0,15000.0,18.75,0.0,0.0,纳入持仓池
2020-03-17,买入,688012,中微公司,电子,0,0,174.24,174.24,0,0,0.0,0.0,"资金不足一手（需34,848元，分配20,000元）"
2020-03-17,买入,603093,南华期货,非银金融,8,800,23.1,23.1,18480.0,23.1,0.0,0.0,纳入持仓池
2020-03-17,买入,002581,*ST未名,医药生物,14,1400,14.04,14.04,19656.0,24.57,0.0,0.0,纳入持仓池
2020-03-17,买入,300738,奥飞数据,通信,3,300,64.36,64.36,19308.0,24.14,0.0,0.0,纳入持仓池
2020-03-17,买入,300363,博腾股份,医药生物,6,600,29.51,29.51,17706.0,22.13,0.0,0.0,纳入持仓池
2020-03-17,买入,300655,晶瑞电材,电子,4,400,43.03,43.03,17212.0,21.52,0.0,0.0,纳入持仓池
2020-03-17,买入,002541,鸿路钢构,建筑装饰,12,1200,15.76,15.76,18912.0,23.64,0.0,0.0,纳入持仓池
2020-03-17,持有,300598,诚迈科技,计算机,1,100,178.96,342.5,--,--,16354.0,91.38,继续持有
2020-03-17,持有,002291,遥望科技,传媒,7,700,27.47,25.34,--,--,-1491.0,-7.75,继续持有
2020-03-17,持有,603005,晶方科技,电子,3,300,60.17,91.89,--,--,9516.0,52.72,继续持有
2020-03-17,持有,002838,道恩股份,基础化工,5,500,33.88,41.86,--,--,3990.0,23.55,继续持有
2020-03-17,持有,000652,泰达股份,综合,19,1900,10.3,11.42,--,--,2128.0,10.87,继续持有
2020-03-17,持有,000700,模塑科技,其他,16,1600,12.29,10.4,--,--,-3024.0,-15.38,继续持有
2020-03-17,持有,300677,英科医疗,医药生物,4,400,45.98,45.88,--,--,-40.0,-0.22,继续持有
2020-03-17,持有,000955,欣龙控股,纺织服饰,17,1700,11.32,10.71,--,--,-1037.0,-5.39,继续持有
2020-03-17,持有,002351,漫步者,电子,8,800,22.63,16.59,--,--,-4832.0,-26.69,继续持有
2020-03-17,持有,000818,航锦科技,基础化工,7,700,28.4,23.08,--,--,-3724.0,-18.73,继续持有
2020-03-17,持有,002791,坚朗五金,建筑材料,4,400,41.85,48.9,--,--,2820.0,16.85,继续持有
2020-03-17,持有,002156,通富微电,电子,10,1000,18.57,22.42,--,--,3850.0,20.73,继续持有
2020-03-17,持有,300160,秀强股份,家用电器,19,1900,10.29,7.63,--,--,-5054.0,-25.85,继续持有
2020-03-17,持有,002623,亚玛顿,其他,4,400,43.84,30.9,--,--,-5176.0,-29.52,继续持有
2020-03-17,持有,002605,姚记科技,传媒,5,500,36.85,26.42,--,--,-5215.0,-28.3,继续持有
2020-03-17,持有,002239,奥特佳,汽车,41,4100,4.85,3.89,--,--,-3936.0,-19.79,继续持有
2020-03-31,卖出,002961,瑞达期货,非银金融,6,600,28.95,27.99,16794.0,20.99,-596.99,-3.32,移出持仓池
2020-03-31,卖出,603301,振德医疗,医药生物,4,400,49.7,39.73,15892.0,19.87,-4007.87,-20.06,移出持仓池
2020-03-31,卖出,603726,朗迪集团,家用电器,7,700,26.14,20.33,14231.0,17.79,-4084.79,-22.23,移出持仓池
2020-03-31,卖出,002156,通富微电,电子,10,1000,18.57,18.8,18800.0,23.5,206.5,1.24,移出持仓池
2020-03-31,卖出,603031,安孚科技,电力设备,5,500,38.24,32.36,16180.0,20.23,-2960.23,-15.38,移出持仓池
2020-03-31,卖出,300683,海特生物,医药生物,2,200,75.0,52.85,10570.0,13.21,-4443.21,-29.53,移出持仓池
2020-03-31,卖出,603093,南华期货,非银金融,8,800,23.1,21.74,17392.0,21.74,-1109.74,-5.89,移出持仓池
2020-03-31,卖出,002581,*ST未名,医药生物,14,1400,14.04,11.45,16030.0,20.04,-3646.04,-18.45,移出持仓池
2020-03-31,卖出,300160,秀强股份,家用电器,19,1900,10.29,6.64,12616.0,15.77,-6950.77,-35.47,移出持仓池
2020-03-31,卖出,002623,亚玛顿,其他,4,400,43.84,25.09,10036.0,12.54,-7512.54,-42.77,移出持仓池
2020-03-31,卖出,300738,奥飞数据,通信,3,300,64.36,57.3,17190.0,21.49,-2139.49,-10.97,移出持仓池
2020-03-31,卖出,300363,博腾股份,医药生物,6,600,29.51,28.1,16860.0,21.07,-867.07,-4.78,移出持仓池
2020-03-31,卖出,300655,晶瑞电材,电子,4,400,43.03,33.2,13280.0,16.6,-3948.6,-22.84,移出持仓池
2020-03-31,卖出,002541,鸿路钢构,建筑装饰,12,1200,15.76,14.98,17976.0,22.47,-958.47,-4.95,移出持仓池
2020-03-31,买入,002216,三全食品,食品饮料,9,900,20.19,20.19,18171.0,22.71,0.0,0.0,纳入持仓池
2020-03-31,买入,300457,赢合科技,电力设备,3,300,52.65,52.65,15795.0,19.74,0.0,0.0,纳入持仓池
2020-03-31,买入,002320,海峡股份,交通运输,11,1100,17.38,17.38,19118.0,23.9,0.0,0.0,纳入持仓池
2020-03-31,买入,300702,天宇股份,医药生物,2,200,85.5,85.5,17100.0,21.38,0.0,0.0,纳入持仓池
2020-03-31,买入,300737,科顺股份,建筑材料,10,1000,18.67,18.67,18670.0,23.34,0.0,0.0,纳入持仓池
2020-03-31,买入,603879,永悦科技,基础化工,11,1100,16.79,16.79,18469.0,23.09,0.0,0.0,纳入持仓池
2020-03-31,买入,603208,江山欧派,轻工制造,2,200,78.92,78.92,15784.0,19.73,0.0,0.0,纳入持仓池
2020-03-31,买入,002603,以岭药业,医药生物,8,800,22.45,22.45,17960.0,22.45,0.0,0.0,纳入持仓池
2020-03-31,买入,600966,博汇纸业,轻工制造,25,2500,7.83,7.83,19575.0,24.47,0.0,0.0,纳入持仓池
2020-03-31,买入,002846,英联股份,轻工制造,7,700,26.69,26.69,18683.0,23.35,0.0,0.0,纳入持仓池
2020-03-31,买入,603378,*ST亚士,建筑材料,7,700,27.7,27.7,19390.0,24.24,0.0,0.0,纳入持仓池
2020-03-31,买入,600223,福瑞达,美容护理,29,2900,6.7,6.7,19430.0,24.29,0.0,0.0,纳入持仓池
2020-03-31,买入,002837,英维克,机械设备,5,500,38.31,38.31,19155.0,23.94,0.0,0.0,纳入持仓池
2020-03-31,买入,603022,新通联,轻工制造,11,1100,17.24,17.24,18964.0,23.71,0.0,0.0,纳入持仓池
2020-03-31,买入,300030,阳普医疗,医药生物,17,1700,11.26,11.26,19142.0,23.93,0.0,0.0,纳入持仓池
2020-03-31,持有,300598,诚迈科技,计算机,1,100,178.96,251.09,--,--,7213.0,40.31,继续持有
2020-03-31,持有,002291,遥望科技,传媒,7,700,27.47,22.19,--,--,-3696.0,-19.22,继续持有
2020-03-31,持有,603005,晶方科技,电子,3,300,60.17,90.06,--,--,8967.0,49.68,继续持有
2020-03-31,持有,002838,道恩股份,基础化工,5,500,33.88,37.73,--,--,1925.0,11.36,继续持有
2020-03-31,持有,300677,英科医疗,医药生物,4,400,45.98,46.67,--,--,276.0,1.5,继续持有
2020-03-31,持有,000652,泰达股份,综合,19,1900,10.3,9.28,--,--,-1938.0,-9.9,继续持有
2020-03-31,持有,002791,坚朗五金,建筑材料,4,400,41.85,54.78,--,--,5172.0,30.9,继续持有
2020-03-31,持有,000700,模塑科技,其他,16,1600,12.29,8.51,--,--,-6048.0,-30.76,继续持有
2020-03-31,持有,002605,姚记科技,传媒,5,500,36.85,29.9,--,--,-3475.0,-18.86,继续持有
2020-03-31,持有,000818,航锦科技,基础化工,7,700,28.4,21.33,--,--,-4949.0,-24.89,继续持有
2020-03-31,持有,002351,漫步者,电子,8,800,22.63,15.22,--,--,-5928.0,-32.74,继续持有
2020-03-31,持有,002239,奥特佳,汽车,41,4100,4.85,3.79,--,--,-4346.0,-21.86,继续持有
2020-03-31,持有,000955,欣龙控股,纺织服饰,17,1700,11.32,8.36,--,--,-5032.0,-26.15,继续持有
2020-03-31,持有,002551,尚荣医疗,医药生物,17,1700,11.18,9.72,--,--,-2482.0,-13.06,继续持有
2020-03-31,持有,000016,*ST康佳A,家用电器,19,1900,10.38,8.35,--,--,-3857.0,-19.56,继续持有
2020-04-16,卖出,002351,漫步者,电子,8,800,22.63,16.5,13200.0,16.5,-4920.5,-27.09,移出持仓池
2020-04-16,卖出,002216,三全食品,食品饮料,9,900,20.19,21.69,19521.0,24.4,1325.6,7.43,移出持仓池
2020-04-16,卖出,300457,赢合科技,电力设备,3,300,52.65,48.02,14406.0,18.01,-1407.01,-8.79,移出持仓池
2020-04-16,卖出,002320,海峡股份,交通运输,11,1100,17.38,15.2,16720.0,20.9,-2418.9,-12.54,移出持仓池
2020-04-16,卖出,300702,天宇股份,医药生物,2,200,85.5,85.25,17050.0,21.31,-71.31,-0.29,移出持仓池
2020-04-16,卖出,300737,科顺股份,建筑材料,10,1000,18.67,18.72,18720.0,23.4,26.6,0.27,移出持仓池
2020-04-16,卖出,603879,永悦科技,基础化工,11,1100,16.79,18.21,20031.0,25.04,1536.96,8.46,移出持仓池
2020-04-16,卖出,600966,博汇纸业,轻工制造,25,2500,7.83,7.6,19000.0,23.75,-598.75,-2.94,移出持仓池
2020-04-16,卖出,002551,尚荣医疗,医药生物,17,1700,11.18,9.03,15351.0,19.19,-3674.19,-19.23,移出持仓池
2020-04-16,卖出,002846,英联股份,轻工制造,7,700,26.69,26.29,18403.0,23.0,-303.0,-1.5,移出持仓池
2020-04-16,卖出,603378,*ST亚士,建筑材料,7,700,27.7,28.8,20160.0,25.2,744.8,3.97,移出持仓池
2020-04-16,卖出,600223,福瑞达,美容护理,29,2900,6.7,6.74,19546.0,24.43,91.57,0.6,移出持仓池
2020-04-16,卖出,002837,英维克,机械设备,5,500,38.31,38.23,19115.0,23.89,-63.89,-0.21,移出持仓池
2020-04-16,卖出,000016,*ST康佳A,家用电器,19,1900,10.38,7.7,14630.0,18.29,-5110.29,-25.82,移出持仓池
2020-04-16,卖出,300030,阳普医疗,医药生物,17,1700,11.26,11.52,19584.0,24.48,417.52,2.31,移出持仓池
2020-04-16,买入,300658,延江股份,美容护理,4,400,41.17,41.17,16468.0,20.59,0.0,0.0,纳入持仓池
2020-04-16,买入,300792,壹网壹创,商贸零售,0,0,266.0,266.0,0,0,0.0,0.0,"资金不足一手（需26,600元，分配20,000元）"
2020-04-16,买入,000903,ST云动,汽车,32,3200,6.16,6.16,19712.0,24.64,0.0,0.0,纳入持仓池
2020-04-16,买入,603200,上海洗霸,环保,3,300,60.85,60.85,18255.0,22.82,0.0,0.0,纳入持仓池
2020-04-16,买入,600527,江南高纤,纺织服饰,44,4400,4.52,4.52,19888.0,24.86,0.0,0.0,纳入持仓池
2020-04-16,买入,688012,中微公司,电子,0,0,152.86,152.86,0,0,0.0,0.0,"资金不足一手（需30,572元，分配20,000元）"
2020-04-16,买入,002581,*ST未名,医药生物,11,1100,16.89,16.89,18579.0,23.22,0.0,0.0,纳入持仓池
2020-04-16,买入,600556,天下秀,传媒,12,1200,16.17,16.17,19404.0,24.25,0.0,0.0,纳入持仓池
2020-04-16,买入,601179,中国西电,电力设备,27,2700,7.37,7.37,19899.0,24.87,0.0,0.0,纳入持仓池
2020-04-16,买入,300206,理邦仪器,医药生物,13,1300,14.76,14.76,19188.0,23.98,0.0,0.0,纳入持仓池
2020-04-16,买入,603229,奥翔药业,医药生物,6,600,30.5,30.5,18300.0,22.88,0.0,0.0,纳入持仓池
2020-04-16,买入,600127,金健米业,农林牧渔,21,2100,9.32,9.32,19572.0,24.46,0.0,0.0,纳入持仓池
2020-04-16,买入,002555,三七互娱,传媒,5,500,37.07,37.07,18535.0,23.17,0.0,0.0,纳入持仓池
2020-04-16,买入,300246,宝莱特,医药生物,7,700,25.19,25.19,17633.0,22.04,0.0,0.0,纳入持仓池
2020-04-16,买入,002623,亚玛顿,其他,6,600,29.64,29.64,17784.0,22.23,0.0,0.0,纳入持仓池
2020-04-16,持有,300598,诚迈科技,计算机,1,100,178.96,246.95,--,--,6799.0,37.99,继续持有
2020-04-16,持有,002291,遥望科技,传媒,7,700,27.47,21.87,--,--,-3920.0,-20.39,继续持有
2020-04-16,持有,603005,晶方科技,电子,3,300,60.17,82.79,--,--,6786.0,37.59,继续持有
2020-04-16,持有,300677,英科医疗,医药生物,4,400,45.98,56.55,--,--,4228.0,22.99,继续持有
2020-04-16,持有,002603,以岭药业,医药生物,8,800,22.45,37.9,--,--,12360.0,68.82,继续持有
2020-04-16,持有,002838,道恩股份,基础化工,5,500,33.88,39.25,--,--,2685.0,15.85,继续持有
2020-04-16,持有,000955,欣龙控股,纺织服饰,17,1700,11.32,10.9,--,--,-714.0,-3.71,继续持有
2020-04-16,持有,000652,泰达股份,综合,19,1900,10.3,9.28,--,--,-1938.0,-9.9,继续持有
2020-04-16,持有,002791,坚朗五金,建筑材料,4,400,41.85,58.53,--,--,6672.0,39.86,继续持有
2020-04-16,持有,002605,姚记科技,传媒,5,500,36.85,30.36,--,--,-3245.0,-17.61,继续持有
2020-04-16,持有,000818,航锦科技,基础化工,7,700,28.4,22.05,--,--,-4445.0,-22.36,继续持有
2020-04-16,持有,002239,奥特佳,汽车,41,4100,4.85,4.09,--,--,-3116.0,-15.67,继续持有
2020-04-16,持有,603208,江山欧派,轻工制造,2,200,78.92,88.03,--,--,1822.0,11.54,继续持有
2020-04-16,持有,603022,新通联,轻工制造,11,1100,17.24,18.58,--,--,1474.0,7.77,继续持有
2020-04-16,持有,000700,模塑科技,其他,16,1600,12.29,8.79,--,--,-5600.0,-28.48,继续持有
2020-04-30,卖出,000652,泰达股份,综合,19,1900,10.3,7.31,13889.0,17.36,-5698.36,-29.03,移出持仓池
2020-04-30,卖出,000903,ST云动,汽车,32,3200,6.16,4.78,15296.0,19.12,-4435.12,-22.4,移出持仓池
2020-04-30,卖出,002239,奥特佳,汽车,41,4100,4.85,3.54,14514.0,18.14,-5389.14,-27.01,移出持仓池
2020-04-30,卖出,600527,江南高纤,纺织服饰,44,4400,4.52,3.57,15708.0,19.64,-4199.64,-21.02,移出持仓池
2020-04-30,卖出,601179,中国西电,电力设备,27,2700,7.37,5.92,15984.0,19.98,-3934.98,-19.67,移出持仓池
2020-04-30,卖出,300206,理邦仪器,医药生物,13,1300,14.76,13.27,17251.0,21.56,-1958.56,-10.09,移出持仓池
2020-04-30,卖出,603229,奥翔药业,医药生物,6,600,30.5,29.26,17556.0,21.95,-765.95,-4.07,移出持仓池
2020-04-30,卖出,603022,新通联,轻工制造,11,1100,17.24,18.03,19833.0,24.79,844.21,4.58,移出持仓池
2020-04-30,卖出,000700,模塑科技,其他,16,1600,12.29,8.09,12944.0,16.18,-6736.18,-34.17,移出持仓池
2020-04-30,卖出,300246,宝莱特,医药生物,7,700,25.19,21.36,14952.0,18.69,-2699.69,-15.2,移出持仓池
2020-04-30,买入,300576,容大感光,电子,3,300,50.6,50.6,15180.0,18.98,0.0,0.0,纳入持仓池
2020-04-30,买入,603533,掌阅科技,传媒,5,500,34.0,34.0,17000.0,21.25,0.0,0.0,纳入持仓池
2020-04-30,买入,002371,北方华创,电子,1,100,152.17,152.17,15217.0,19.02,0.0,0.0,纳入持仓池
2020-04-30,买入,002837,英维克,机械设备,4,400,42.71,42.71,17084.0,21.36,0.0,0.0,纳入持仓池
2020-04-30,买入,002683,广东宏大,基础化工,6,600,30.07,30.07,18042.0,22.55,0.0,0.0,纳入持仓池
2020-04-30,买入,002409,雅克科技,电子,4,400,41.47,41.47,16588.0,20.73,0.0,0.0,纳入持仓池
2020-04-30,买入,002460,赣锋锂业,有色金属,4,400,46.31,46.31,18524.0,23.16,0.0,0.0,纳入持仓池
2020-04-30,买入,002398,垒知集团,建筑材料,17,1700,11.45,11.45,19465.0,24.33,0.0,0.0,纳入持仓池
2020-04-30,买入,002156,通富微电,电子,8,800,22.88,22.88,18304.0,22.88,0.0,0.0,纳入持仓池
2020-04-30,买入,300363,博腾股份,医药生物,7,700,28.24,28.24,19768.0,24.71,0.0,0.0,纳入持仓池
2020-04-30,买入,300750,宁德时代,电力设备,1,100,144.38,144.38,14438.0,18.05,0.0,0.0,纳入持仓池
2020-04-30,持有,603005,晶方科技,电子,3,300,60.17,101.49,--,--,12396.0,68.67,继续持有
2020-04-30,持有,300677,英科医疗,医药生物,4,400,45.98,56.32,--,--,4136.0,22.49,继续持有
2020-04-30,持有,603200,上海洗霸,环保,3,300,60.85,68.35,--,--,2250.0,12.33,继续持有
2020-04-30,持有,300598,诚迈科技,计算机,1,100,178.96,229.14,--,--,5018.0,28.04,继续持有
2020-04-30,持有,603208,江山欧派,轻工制造,2,200,78.92,113.48,--,--,6912.0,43.79,继续持有
2020-04-30,持有,000818,航锦科技,基础化工,7,700,28.4,23.43,--,--,-3479.0,-17.5,继续持有
2020-04-30,持有,002791,坚朗五金,建筑材料,4,400,41.85,68.52,--,--,10668.0,63.73,继续持有
2020-04-30,持有,002838,道恩股份,基础化工,5,500,33.88,32.62,--,--,-630.0,-3.72,继续持有
2020-04-30,持有,688012,中微公司,电子,--,--,--,168.06,--,--,0.0,0.0,继续持有
2020-04-30,持有,002623,亚玛顿,其他,6,600,29.64,35.51,--,--,3522.0,19.8,继续持有
2020-04-30,持有,002603,以岭药业,医药生物,8,800,22.45,28.78,--,--,5064.0,28.2,继续持有
2020-04-30,持有,002581,*ST未名,医药生物,11,1100,16.89,19.09,--,--,2420.0,13.03,继续持有
2020-04-30,持有,002291,遥望科技,传媒,7,700,27.47,18.77,--,--,-6090.0,-31.67,继续持有
2020-04-30,持有,600127,金健米业,农林牧渔,21,2100,9.32,10.14,--,--,1722.0,8.8,继续持有
2020-04-30,持有,000955,欣龙控股,纺织服饰,17,1700,11.32,9.22,--,--,-3570.0,-18.55,继续持有
2020-04-30,持有,300658,延江股份,美容护理,4,400,41.17,34.8,--,--,-2548.0,-15.47,继续持有
2020-04-30,持有,002555,三七互娱,传媒,5,500,37.07,36.16,--,--,-455.0,-2.45,继续持有
2020-04-30,持有,002605,姚记科技,传媒,5,500,36.85,28.0,--,--,-4425.0,-24.02,继续持有
2020-04-30,持有,600556,天下秀,传媒,12,1200,16.17,16.68,--,--,612.0,3.15,继续持有
2020-05-19,卖出,603533,掌阅科技,传媒,5,500,34.0,32.9,16450.0,20.56,-570.56,-3.24,移出持仓池
2020-05-19,卖出,000955,欣龙控股,纺织服饰,17,1700,11.32,8.64,14688.0,18.36,-4574.36,-23.67,移出持仓池
2020-05-19,卖出,300658,延江股份,美容护理,4,400,41.17,31.67,12668.0,15.84,-3815.84,-23.08,移出持仓池
2020-05-19,卖出,002837,英维克,机械设备,4,400,42.71,40.04,16016.0,20.02,-1088.02,-6.25,移出持仓池
2020-05-19,卖出,002460,赣锋锂业,有色金属,4,400,46.31,49.92,19968.0,24.96,1419.04,7.8,移出持仓池
2020-05-19,卖出,002398,垒知集团,建筑材料,17,1700,11.45,11.29,19193.0,23.99,-295.99,-1.4,移出持仓池
2020-05-19,卖出,002555,三七互娱,传媒,5,500,37.07,36.5,18250.0,22.81,-307.81,-1.54,移出持仓池
2020-05-19,卖出,002156,通富微电,电子,8,800,22.88,24.94,19952.0,24.94,1623.06,9.0,移出持仓池
2020-05-19,卖出,300363,博腾股份,医药生物,7,700,28.24,23.4,16380.0,20.48,-3408.48,-17.14,移出持仓池
2020-05-19,卖出,300750,宁德时代,电力设备,1,100,144.38,143.26,14326.0,17.91,-129.91,-0.78,移出持仓池
2020-05-19,卖出,002605,姚记科技,传媒,5,500,36.85,27.17,13585.0,16.98,-4856.98,-26.27,移出持仓池
2020-05-19,卖出,600556,天下秀,传媒,12,1200,16.17,18.51,22212.0,27.77,2780.23,14.47,移出持仓池
2020-05-19,买入,688019,安集科技,电子,0,0,330.0,330.0,0,0,0.0,0.0,"资金不足一手（需66,000元，分配20,000元）"
2020-05-19,买入,603229,奥翔药业,医药生物,4,400,42.24,42.24,16896.0,21.12,0.0,0.0,纳入持仓池
2020-05-19,买入,002400,省广集团,传媒,26,2600,7.43,7.43,19318.0,24.15,0.0,0.0,纳入持仓池
2020-05-19,买入,002133,广宇集团,房地产,5,500,36.04,36.04,18020.0,22.53,0.0,0.0,纳入持仓池
2020-05-19,买入,600882,妙可蓝多,食品饮料,5,500,36.04,36.04,18020.0,22.53,0.0,0.0,纳入持仓池
2020-05-19,买入,002847,盐津铺子,食品饮料,2,200,91.98,91.98,18396.0,23.0,0.0,0.0,纳入持仓池
2020-05-19,买入,000021,深科技,电子,8,800,23.9,23.9,19120.0,23.9,0.0,0.0,纳入持仓池
2020-05-19,买入,688023,安恒信息,计算机,0,0,308.96,308.96,0,0,0.0,0.0,"资金不足一手（需61,792元，分配20,000元）"
2020-05-19,买入,300342,天银机电,家用电器,9,900,21.77,21.77,19593.0,24.49,0.0,0.0,纳入持仓池
2020-05-19,买入,600988,赤峰黄金,有色金属,19,1900,10.07,10.07,19133.0,23.92,0.0,0.0,纳入持仓池
2020-05-19,买入,002967,广电计量,社会服务,6,600,29.29,29.29,17574.0,21.97,0.0,0.0,纳入持仓池
2020-05-19,买入,300489,光智科技,电子,4,400,43.2,43.2,17280.0,21.6,0.0,0.0,纳入持仓池
2020-05-19,持有,300677,英科医疗,医药生物,4,400,45.98,65.82,--,--,7936.0,43.15,继续持有
2020-05-19,持有,300576,容大感光,电子,3,300,50.6,77.58,--,--,8094.0,53.32,继续持有
2020-05-19,持有,002581,*ST未名,医药生物,11,1100,16.89,27.0,--,--,11121.0,59.86,继续持有
2020-05-19,持有,688012,中微公司,电子,--,--,--,249.18,--,--,0.0,0.0,继续持有
2020-05-19,持有,603005,晶方科技,电子,3,300,60.17,77.81,--,--,5292.0,29.32,继续持有
2020-05-19,持有,603200,上海洗霸,环保,3,300,60.85,67.55,--,--,2010.0,11.01,继续持有
2020-05-19,持有,300598,诚迈科技,计算机,1,100,178.96,290.9,--,--,11194.0,62.55,继续持有
2020-05-19,持有,600127,金健米业,农林牧渔,21,2100,9.32,11.52,--,--,4620.0,23.61,继续持有
2020-05-19,持有,000818,航锦科技,基础化工,7,700,28.4,25.87,--,--,-1771.0,-8.91,继续持有
2020-05-19,持有,002623,亚玛顿,其他,6,600,29.64,38.2,--,--,5136.0,28.88,继续持有
2020-05-19,持有,002291,遥望科技,传媒,7,700,27.47,20.4,--,--,-4949.0,-25.74,继续持有
2020-05-19,持有,002371,北方华创,电子,1,100,152.17,183.79,--,--,3162.0,20.78,继续持有
2020-05-19,持有,002409,雅克科技,电子,4,400,41.47,46.21,--,--,1896.0,11.43,继续持有
2020-05-19,持有,002603,以岭药业,医药生物,8,800,22.45,30.5,--,--,6440.0,35.86,继续持有
2020-05-19,持有,002683,广东宏大,基础化工,6,600,30.07,35.55,--,--,3288.0,18.22,继续持有
2020-05-19,持有,002838,道恩股份,基础化工,5,500,33.88,31.3,--,--,-1290.0,-7.62,继续持有
2020-05-19,持有,002791,坚朗五金,建筑材料,4,400,41.85,79.3,--,--,14980.0,89.49,继续持有
2020-05-19,持有,603208,江山欧派,轻工制造,2,200,78.92,136.51,--,--,11518.0,72.97,继续持有
2020-05-29,卖出,300598,诚迈科技,计算机,1,100,178.96,234.2,23420.0,29.28,5494.72,30.87,移出持仓池
2020-05-29,卖出,000818,航锦科技,基础化工,7,700,28.4,22.51,15757.0,19.7,-4142.7,-20.74,移出持仓池
2020-05-29,卖出,002371,北方华创,电子,1,100,152.17,152.0,15200.0,19.0,-36.0,-0.11,移出持仓池
2020-05-29,卖出,002603,以岭药业,医药生物,8,800,22.45,27.34,21872.0,27.34,3884.66,21.78,移出持仓池
2020-05-29,卖出,000021,深科技,电子,8,800,23.9,22.51,18008.0,22.51,-1134.51,-5.82,移出持仓池
2020-05-29,卖出,300342,天银机电,家用电器,9,900,21.77,18.72,16848.0,21.06,-2766.06,-14.01,移出持仓池
2020-05-29,卖出,600988,赤峰黄金,有色金属,19,1900,10.07,9.98,18962.0,23.7,-194.7,-0.89,移出持仓池
2020-05-29,卖出,002967,广电计量,社会服务,6,600,29.29,25.53,15318.0,19.15,-2275.15,-12.84,移出持仓池
2020-05-29,卖出,300489,光智科技,电子,4,400,43.2,43.0,17200.0,21.5,-101.5,-0.46,移出持仓池
2020-05-29,买入,300803,指南针,计算机,3,300,50.2,50.2,15060.0,18.82,0.0,0.0,纳入持仓池
2020-05-29,买入,002541,鸿路钢构,建筑装饰,8,800,22.33,22.33,17864.0,22.33,0.0,0.0,纳入持仓池
2020-05-29,买入,300346,南大光电,电子,5,500,33.77,33.77,16885.0,21.11,0.0,0.0,纳入持仓池
2020-05-29,买入,002074,国轩高科,其他,6,600,29.9,29.9,17940.0,22.43,0.0,0.0,纳入持仓池
2020-05-29,买入,300236,上海新阳,电子,3,300,58.24,58.24,17472.0,21.84,0.0,0.0,纳入持仓池
2020-05-29,买入,603713,密尔克卫,交通运输,2,200,91.2,91.2,18240.0,22.8,0.0,0.0,纳入持仓池
2020-05-29,买入,002398,垒知集团,建筑材料,16,1600,12.45,12.45,19920.0,24.9,0.0,0.0,纳入持仓池
2020-05-29,买入,600834,申通地铁,交通运输,13,1300,15.36,15.36,19968.0,24.96,0.0,0.0,纳入持仓池
2020-05-29,买入,603879,永悦科技,基础化工,6,600,28.76,28.76,17256.0,21.57,0.0,0.0,纳入持仓池
2020-05-29,买入,300767,震安科技,基础化工,1,100,103.1,103.1,10310.0,12.89,0.0,0.0,纳入持仓池
2020-05-29,持有,300677,英科医疗,医药生物,4,400,45.98,87.6,--,--,16648.0,90.52,继续持有
2020-05-29,持有,002581,*ST未名,医药生物,11,1100,16.89,26.7,--,--,10791.0,58.08,继续持有
2020-05-29,持有,300576,容大感光,电子,3,300,50.6,68.99,--,--,5517.0,36.34,继续持有
2020-05-29,持有,002400,省广集团,传媒,26,2600,7.43,9.21,--,--,4628.0,23.96,继续持有
2020-05-29,持有,002291,遥望科技,传媒,7,700,27.47,24.27,--,--,-2240.0,-11.65,继续持有
2020-05-29,持有,688012,中微公司,电子,--,--,--,217.11,--,--,0.0,0.0,继续持有
2020-05-29,持有,002791,坚朗五金,建筑材料,4,400,41.85,86.56,--,--,17884.0,106.83,继续持有
2020-05-29,持有,002133,广宇集团,房地产,5,500,36.04,38.95,--,--,1455.0,8.07,继续持有
2020-05-29,持有,600882,妙可蓝多,食品饮料,5,500,36.04,38.95,--,--,1455.0,8.07,继续持有
2020-05-29,持有,002623,亚玛顿,其他,6,600,29.64,37.62,--,--,4788.0,26.92,继续持有
2020-05-29,持有,603208,江山欧派,轻工制造,2,200,78.92,151.91,--,--,14598.0,92.49,继续持有
2020-05-29,持有,002409,雅克科技,电子,4,400,41.47,47.75,--,--,2512.0,15.14,继续持有
2020-05-29,持有,002838,道恩股份,基础化工,5,500,33.88,27.6,--,--,-3140.0,-18.54,继续持有
2020-05-29,持有,603200,上海洗霸,环保,3,300,60.85,50.15,--,--,-3210.0,-17.58,继续持有
2020-05-29,持有,600127,金健米业,农林牧渔,21,2100,9.32,10.01,--,--,1449.0,7.4,继续持有
2020-05-29,持有,002847,盐津铺子,食品饮料,2,200,91.98,102.0,--,--,2004.0,10.89,继续持有
2020-05-29,持有,688019,安集科技,电子,--,--,--,295.0,--,--,0.0,0.0,继续持有
2020-05-29,持有,603005,晶方科技,电子,3,300,60.17,63.75,--,--,1074.0,5.95,继续持有
2020-05-29,持有,002683,广东宏大,基础化工,6,600,30.07,33.4,--,--,1998.0,11.07,继续持有
2020-05-29,持有,603229,奥翔药业,医药生物,4,400,42.24,44.06,--,--,728.0,4.31,继续持有
2020-06-15,卖出,300803,指南针,计算机,3,300,50.2,54.95,16485.0,20.61,1404.39,9.46,移出持仓池
2020-06-15,卖出,603208,江山欧派,轻工制造,2,200,78.92,105.0,21000.0,26.25,5189.75,33.05,移出持仓池
2020-06-15,卖出,002074,国轩高科,其他,6,600,29.9,28.65,17190.0,21.49,-771.49,-4.18,移出持仓池
2020-06-15,卖出,002409,雅克科技,电子,4,400,41.47,46.9,18760.0,23.45,2148.55,13.09,移出持仓池
2020-06-15,卖出,603200,上海洗霸,环保,3,300,60.85,44.61,13383.0,16.73,-4888.73,-26.69,移出持仓池
2020-06-15,卖出,002847,盐津铺子,食品饮料,2,200,91.98,90.0,18000.0,22.5,-418.5,-2.15,移出持仓池
2020-06-15,卖出,300236,上海新阳,电子,3,300,58.24,56.68,17004.0,21.25,-489.25,-2.68,移出持仓池
2020-06-15,卖出,603713,密尔克卫,交通运输,2,200,91.2,90.0,18000.0,22.5,-262.5,-1.32,移出持仓池
2020-06-15,卖出,603005,晶方科技,电子,3,300,60.17,68.4,20520.0,25.65,2443.35,13.68,移出持仓池
2020-06-15,卖出,002683,广东宏大,基础化工,6,600,30.07,35.26,21156.0,26.45,3087.55,17.26,移出持仓池
2020-06-15,卖出,002398,垒知集团,建筑材料,16,1600,12.45,11.85,18960.0,23.7,-983.7,-4.82,移出持仓池
2020-06-15,卖出,600834,申通地铁,交通运输,13,1300,15.36,13.72,17836.0,22.3,-2154.3,-10.68,移出持仓池
2020-06-15,卖出,603879,永悦科技,基础化工,6,600,28.76,12.92,7752.0,9.69,-9513.69,-55.08,移出持仓池
2020-06-15,卖出,300767,震安科技,基础化工,1,100,103.1,64.85,6485.0,8.11,-3833.11,-37.1,移出持仓池
2020-06-15,买入,688399,硕世生物,医药生物,0,0,223.42,223.42,0,0,0.0,0.0,"资金不足一手（需44,684元，分配20,000元）"
2020-06-15,买入,600859,王府井,商贸零售,4,400,40.08,40.08,16032.0,20.04,0.0,0.0,纳入持仓池
2020-06-15,买入,300485,赛升药业,医药生物,8,800,24.19,24.19,19352.0,24.19,0.0,0.0,纳入持仓池
2020-06-15,买入,300453,三鑫医疗,医药生物,9,900,21.38,21.38,19242.0,24.05,0.0,0.0,纳入持仓池
2020-06-15,买入,002603,以岭药业,医药生物,6,600,31.31,31.31,18786.0,23.48,0.0,0.0,纳入持仓池
2020-06-15,买入,300132,青松股份,美容护理,8,800,22.99,22.99,18392.0,22.99,0.0,0.0,纳入持仓池
2020-06-15,买入,002382,蓝帆医疗,医药生物,6,600,30.25,30.25,18150.0,22.69,0.0,0.0,纳入持仓池
2020-06-15,买入,002824,和胜股份,有色金属,7,700,26.15,26.15,18305.0,22.88,0.0,0.0,纳入持仓池
2020-06-15,买入,002481,双塔食品,农林牧渔,11,1100,17.8,17.8,19580.0,24.48,0.0,0.0,纳入持仓池
2020-06-15,买入,600185,珠免集团,商贸零售,17,1700,11.6,11.6,19720.0,24.65,0.0,0.0,纳入持仓池
2020-06-15,买入,300676,华大基因,医药生物,1,100,141.58,141.58,14158.0,17.7,0.0,0.0,纳入持仓池
2020-06-15,买入,300206,理邦仪器,医药生物,11,1100,17.58,17.58,19338.0,24.17,0.0,0.0,纳入持仓池
2020-06-15,买入,688021,奥福科技,汽车,1,200,69.59,69.59,13918.0,17.4,0.0,0.0,纳入持仓池
2020-06-15,买入,688023,安恒信息,计算机,0,0,265.68,265.68,0,0,0.0,0.0,"资金不足一手（需53,136元，分配20,000元）"
2020-06-15,持有,300677,英科医疗,医药生物,4,400,45.98,99.95,--,--,21588.0,117.38,继续持有
2020-06-15,持有,002400,省广集团,传媒,26,2600,7.43,11.22,--,--,9854.0,51.01,继续持有
2020-06-15,持有,002581,*ST未名,医药生物,11,1100,16.89,26.82,--,--,10923.0,58.79,继续持有
2020-06-15,持有,300576,容大感光,电子,3,300,50.6,65.6,--,--,4500.0,29.64,继续持有
2020-06-15,持有,002291,遥望科技,传媒,7,700,27.47,24.41,--,--,-2142.0,-11.14,继续持有
2020-06-15,持有,300346,南大光电,电子,5,500,33.77,40.51,--,--,3370.0,19.96,继续持有
2020-06-15,持有,603229,奥翔药业,医药生物,4,400,42.24,69.14,--,--,10760.0,63.68,继续持有
2020-06-15,持有,002838,道恩股份,基础化工,5,500,33.88,32.07,--,--,-905.0,-5.34,继续持有
2020-06-15,持有,002791,坚朗五金,建筑材料,4,400,41.85,82.4,--,--,16220.0,96.89,继续持有
2020-06-15,持有,002623,亚玛顿,其他,6,600,29.64,42.21,--,--,7542.0,42.41,继续持有
2020-06-15,持有,002133,广宇集团,房地产,5,500,36.04,36.83,--,--,395.0,2.19,继续持有
2020-06-15,持有,600882,妙可蓝多,食品饮料,5,500,36.04,36.83,--,--,395.0,2.19,继续持有
2020-06-15,持有,002541,鸿路钢构,建筑装饰,8,800,22.33,24.92,--,--,2072.0,11.6,继续持有
2020-06-15,持有,688012,中微公司,电子,--,--,--,195.59,--,--,0.0,0.0,继续持有
2020-06-15,持有,688019,安集科技,电子,--,--,--,282.55,--,--,0.0,0.0,继续持有
2020-06-15,持有,600127,金健米业,农林牧渔,21,2100,9.32,9.45,--,--,273.0,1.39,继续持有
2020-06-30,卖出,002291,遥望科技,传媒,7,700,27.47,23.1,16170.0,20.21,-3079.21,-15.91,移出持仓池
2020-06-30,卖出,603229,奥翔药业,医药生物,4,400,42.24,52.0,20800.0,26.0,3878.0,23.11,移出持仓池
2020-06-30,卖出,002623,亚玛顿,其他,6,600,29.64,43.81,26286.0,32.86,8469.14,47.81,移出持仓池
2020-06-30,卖出,300132,青松股份,美容护理,8,800,22.99,23.1,18480.0,23.1,64.9,0.48,移出持仓池
2020-06-30,卖出,002382,蓝帆医疗,医药生物,6,600,30.25,30.11,18066.0,22.58,-106.58,-0.46,移出持仓池
2020-06-30,卖出,002481,双塔食品,农林牧渔,11,1100,17.8,17.32,19052.0,23.82,-551.82,-2.7,移出持仓池
2020-06-30,卖出,300676,华大基因,医药生物,1,100,141.58,155.91,15591.0,19.49,1413.51,10.12,移出持仓池
2020-06-30,卖出,300206,理邦仪器,医药生物,11,1100,17.58,18.24,20064.0,25.08,700.92,3.75,移出持仓池
2020-06-30,卖出,688021,奥福科技,汽车,2,200,69.59,73.92,14784.0,18.48,847.52,6.22,移出持仓池
2020-06-30,卖出,600127,金健米业,农林牧渔,21,2100,9.32,9.65,20265.0,25.33,667.67,3.54,移出持仓池
2020-06-30,买入,688198,佰仁医疗,医药生物,0,0,131.73,131.73,0,0,0.0,0.0,"资金不足一手（需26,346元，分配20,000元）"
2020-06-30,买入,002425,凯撒文化,传媒,11,1100,17.56,17.56,19316.0,24.14,0.0,0.0,纳入持仓池
2020-06-30,买入,603881,数据港,通信,1,100,108.07,108.07,10807.0,13.51,0.0,0.0,纳入持仓池
2020-06-30,买入,603713,密尔克卫,交通运输,1,100,104.02,104.02,10402.0,13.0,0.0,0.0,纳入持仓池
2020-06-30,买入,002214,*ST大立,国防军工,7,700,28.18,28.18,19726.0,24.66,0.0,0.0,纳入持仓池
2020-06-30,买入,600988,赤峰黄金,有色金属,16,1600,11.9,11.9,19040.0,23.8,0.0,0.0,纳入持仓池
2020-06-30,买入,603301,振德医疗,医药生物,3,300,51.55,51.55,15465.0,19.33,0.0,0.0,纳入持仓池
2020-06-30,买入,600984,建设机械,机械设备,8,800,24.8,24.8,19840.0,24.8,0.0,0.0,纳入持仓池
2020-06-30,买入,002409,雅克科技,电子,3,300,52.17,52.17,15651.0,19.56,0.0,0.0,纳入持仓池
2020-06-30,买入,002847,盐津铺子,食品饮料,2,200,95.22,95.22,19044.0,23.8,0.0,0.0,纳入持仓池
2020-06-30,买入,300363,博腾股份,医药生物,5,500,34.56,34.56,17280.0,21.6,0.0,0.0,纳入持仓池
2020-06-30,买入,300293,蓝英装备,机械设备,10,1000,18.32,18.32,18320.0,22.9,0.0,0.0,纳入持仓池
2020-06-30,持有,300677,英科医疗,医药生物,4,400,45.98,127.8,--,--,32728.0,177.95,继续持有
2020-06-30,持有,688399,硕世生物,医药生物,--,--,--,278.0,--,--,0.0,0.0,继续持有
2020-06-30,持有,002581,*ST未名,医药生物,11,1100,16.89,28.51,--,--,12782.0,68.8,继续持有
2020-06-30,持有,002400,省广集团,传媒,26,2600,7.43,10.49,--,--,7956.0,41.18,继续持有
2020-06-30,持有,600859,王府井,商贸零售,4,400,40.08,45.55,--,--,2188.0,13.65,继续持有
2020-06-30,持有,002791,坚朗五金,建筑材料,4,400,41.85,94.09,--,--,20896.0,124.83,继续持有
2020-06-30,持有,300346,南大光电,电子,5,500,33.77,43.12,--,--,4675.0,27.69,继续持有
2020-06-30,持有,688019,安集科技,电子,--,--,--,384.67,--,--,0.0,0.0,继续持有
2020-06-30,持有,300576,容大感光,电子,3,300,50.6,57.88,--,--,2184.0,14.39,继续持有
2020-06-30,持有,002541,鸿路钢构,建筑装饰,8,800,22.33,29.24,--,--,5528.0,30.94,继续持有
2020-06-30,持有,002603,以岭药业,医药生物,6,600,31.31,31.19,--,--,-72.0,-0.38,继续持有
2020-06-30,持有,688012,中微公司,电子,--,--,--,219.31,--,--,0.0,0.0,继续持有
2020-06-30,持有,002838,道恩股份,基础化工,5,500,33.88,29.19,--,--,-2345.0,-13.84,继续持有
2020-06-30,持有,002824,和胜股份,有色金属,7,700,26.15,28.12,--,--,1379.0,7.53,继续持有
2020-06-30,持有,002133,广宇集团,房地产,5,500,36.04,36.29,--,--,125.0,0.69,继续持有
2020-06-30,持有,600882,妙可蓝多,食品饮料,5,500,36.04,36.29,--,--,125.0,0.69,继续持有
2020-06-30,持有,300485,赛升药业,医药生物,8,800,24.19,22.03,--,--,-1728.0,-8.93,继续持有
2020-06-30,持有,300453,三鑫医疗,医药生物,9,900,21.38,19.44,--,--,-1746.0,-9.07,继续持有
2020-07-16,卖出,300346,南大光电,电子,5,500,33.77,40.03,20015.0,25.02,3104.98,18.54,移出持仓池
2020-07-16,卖出,002425,凯撒文化,传媒,11,1100,17.56,15.35,16885.0,21.11,-2452.11,-12.59,移出持仓池
2020-07-16,卖出,300576,容大感光,电子,3,300,50.6,54.02,16206.0,20.26,1005.74,6.76,移出持仓池
2020-07-16,卖出,603881,数据港,通信,1,100,108.07,99.65,9965.0,12.46,-854.46,-7.79,移出持仓池
2020-07-16,卖出,002214,*ST大立,国防军工,7,700,28.18,26.57,18599.0,23.25,-1150.25,-5.71,移出持仓池
2020-07-16,卖出,002824,和胜股份,有色金属,7,700,26.15,27.84,19488.0,24.36,1158.64,6.46,移出持仓池
2020-07-16,卖出,002133,广宇集团,房地产,5,500,36.04,35.54,17770.0,22.21,-272.21,-1.39,移出持仓池
2020-07-16,卖出,600988,赤峰黄金,有色金属,16,1600,11.9,12.75,20400.0,25.5,1334.5,7.14,移出持仓池
2020-07-16,卖出,600882,妙可蓝多,食品饮料,5,500,36.04,35.54,17770.0,22.21,-272.21,-1.39,移出持仓池
2020-07-16,卖出,300485,赛升药业,医药生物,8,800,24.19,20.28,16224.0,20.28,-3148.28,-16.16,移出持仓池
2020-07-16,卖出,600984,建设机械,机械设备,8,800,24.8,20.9,16720.0,20.9,-3140.9,-15.73,移出持仓池
2020-07-16,卖出,002409,雅克科技,电子,3,300,52.17,60.19,18057.0,22.57,2383.43,15.37,移出持仓池
2020-07-16,卖出,300363,博腾股份,医药生物,5,500,34.56,33.0,16500.0,20.62,-800.62,-4.51,移出持仓池
2020-07-16,买入,603069,海汽集团,交通运输,5,500,38.5,38.5,19250.0,24.06,0.0,0.0,纳入持仓池
2020-07-16,买入,603976,正川股份,医药生物,3,300,58.19,58.19,17457.0,21.82,0.0,0.0,纳入持仓池
2020-07-16,买入,000011,深物业A,房地产,9,900,22.16,22.16,19944.0,24.93,0.0,0.0,纳入持仓池
2020-07-16,买入,300206,理邦仪器,医药生物,8,800,22.3,22.3,17840.0,22.3,0.0,0.0,纳入持仓池
2020-07-16,买入,600185,珠免集团,商贸零售,14,1400,13.82,13.82,19348.0,24.19,0.0,0.0,纳入持仓池
2020-07-16,买入,002973,侨银股份,环保,7,700,26.75,26.75,18725.0,23.41,0.0,0.0,纳入持仓池
2020-07-16,买入,000903,ST云动,汽车,28,2800,7.03,7.03,19684.0,24.61,0.0,0.0,纳入持仓池
2020-07-16,买入,600127,金健米业,农林牧渔,17,1700,11.44,11.44,19448.0,24.31,0.0,0.0,纳入持仓池
2020-07-16,买入,002239,奥特佳,汽车,35,3500,5.68,5.68,19880.0,24.85,0.0,0.0,纳入持仓池
2020-07-16,买入,600211,西藏药业,医药生物,2,200,85.53,85.53,17106.0,21.38,0.0,0.0,纳入持仓池
2020-07-16,买入,002065,东华软件,其他,8,800,22.92,22.92,18336.0,22.92,0.0,0.0,纳入持仓池
2020-07-16,买入,600827,百联股份,商贸零售,8,800,22.92,22.92,18336.0,22.92,0.0,0.0,纳入持仓池
2020-07-16,买入,002382,蓝帆医疗,医药生物,6,600,30.71,30.71,18426.0,23.03,0.0,0.0,纳入持仓池
2020-07-16,买入,688111,金山办公,计算机,0,0,374.87,374.87,0,0,0.0,0.0,"资金不足一手（需74,974元，分配20,000元）"
2020-07-16,买入,300390,天华新能,电力设备,12,1200,15.84,15.84,19008.0,23.76,0.0,0.0,纳入持仓池
2020-07-16,持有,300677,英科医疗,医药生物,4,400,45.98,158.0,--,--,44808.0,243.63,继续持有
2020-07-16,持有,688399,硕世生物,医药生物,--,--,--,374.0,--,--,0.0,0.0,继续持有
2020-07-16,持有,600859,王府井,商贸零售,4,400,40.08,61.74,--,--,8664.0,54.04,继续持有
2020-07-16,持有,002581,*ST未名,医药生物,11,1100,16.89,24.99,--,--,8910.0,47.96,继续持有
2020-07-16,持有,300293,蓝英装备,机械设备,10,1000,18.32,28.1,--,--,9780.0,53.38,继续持有
2020-07-16,持有,603301,振德医疗,医药生物,3,300,51.55,73.09,--,--,6462.0,41.78,继续持有
2020-07-16,持有,002791,坚朗五金,建筑材料,4,400,41.85,110.85,--,--,27600.0,164.87,继续持有
2020-07-16,持有,002838,道恩股份,基础化工,5,500,33.88,32.68,--,--,-600.0,-3.54,继续持有
2020-07-16,持有,002541,鸿路钢构,建筑装饰,8,800,22.33,30.79,--,--,6768.0,37.89,继续持有
2020-07-16,持有,002400,省广集团,传媒,26,2600,7.43,9.33,--,--,4940.0,25.57,继续持有
2020-07-16,持有,002847,盐津铺子,食品饮料,2,200,95.22,99.05,--,--,766.0,4.02,继续持有
2020-07-16,持有,603713,密尔克卫,交通运输,1,100,104.02,107.6,--,--,358.0,3.44,继续持有
2020-07-16,持有,688019,安集科技,电子,--,--,--,364.07,--,--,0.0,0.0,继续持有
2020-07-16,持有,002603,以岭药业,医药生物,6,600,31.31,30.01,--,--,-780.0,-4.15,继续持有
2020-07-16,持有,300453,三鑫医疗,医药生物,9,900,21.38,19.53,--,--,-1665.0,-8.65,继续持有
2020-07-31,卖出,002973,侨银股份,环保,7,700,26.75,26.21,18347.0,22.93,-400.93,-2.02,移出持仓池
2020-07-31,卖出,002838,道恩股份,基础化工,5,500,33.88,32.44,16220.0,20.28,-740.28,-4.25,移出持仓池
2020-07-31,卖出,000903,ST云动,汽车,28,2800,7.03,6.94,19432.0,24.29,-276.29,-1.28,移出持仓池
2020-07-31,卖出,002239,奥特佳,汽车,35,3500,5.68,5.41,18935.0,23.67,-968.67,-4.75,移出持仓池
2020-07-31,卖出,002847,盐津铺子,食品饮料,2,200,95.22,104.62,20924.0,26.16,1853.84,9.87,移出持仓池
2020-07-31,卖出,002065,东华软件,其他,8,800,22.92,19.89,15912.0,19.89,-2443.89,-13.22,移出持仓池
2020-07-31,卖出,600827,百联股份,商贸零售,8,800,22.92,19.89,15912.0,19.89,-2443.89,-13.22,移出持仓池
2020-07-31,卖出,002603,以岭药业,医药生物,6,600,31.31,31.84,19104.0,23.88,294.12,1.69,移出持仓池
2020-07-31,卖出,002382,蓝帆医疗,医药生物,6,600,30.71,31.19,18714.0,23.39,264.61,1.56,移出持仓池
2020-07-31,卖出,300453,三鑫医疗,医药生物,9,900,21.38,22.48,20232.0,25.29,964.71,5.14,移出持仓池
2020-07-31,买入,600988,赤峰黄金,有色金属,10,1000,18.3,18.3,18300.0,22.88,0.0,0.0,纳入持仓池
2020-07-31,买入,300171,东富龙,医药生物,7,700,25.6,25.6,17920.0,22.4,0.0,0.0,纳入持仓池
2020-07-31,买入,002286,保龄宝,农林牧渔,10,1000,18.9,18.9,18900.0,23.62,0.0,0.0,纳入持仓池
2020-07-31,买入,300122,智飞生物,医药生物,1,100,186.0,186.0,18600.0,23.25,0.0,0.0,纳入持仓池
2020-07-31,买入,603718,*ST海利,医药生物,4,400,49.12,49.12,19648.0,24.56,0.0,0.0,纳入持仓池
2020-07-31,买入,601888,中国中免,商贸零售,0,0,243.0,243.0,0,0,0.0,0.0,"资金不足一手（需24,300元，分配20,000元）"
2020-07-31,买入,000698,ST沈化,石油石化,20,2000,9.98,9.98,19960.0,24.95,0.0,0.0,纳入持仓池
2020-07-31,买入,300298,三诺生物,医药生物,4,400,45.3,45.3,18120.0,22.65,0.0,0.0,纳入持仓池
2020-07-31,买入,300142,沃森生物,医药生物,2,200,80.86,80.86,16172.0,20.21,0.0,0.0,纳入持仓池
2020-07-31,买入,300143,盈康生命,医药生物,7,700,25.16,25.16,17612.0,22.02,0.0,0.0,纳入持仓池
2020-07-31,买入,002626,金达威,食品饮料,3,300,58.62,58.62,17586.0,21.98,0.0,0.0,纳入持仓池
2020-07-31,买入,603378,*ST亚士,建筑材料,2,200,72.31,72.31,14462.0,18.08,0.0,0.0,纳入持仓池
2020-07-31,持有,300677,英科医疗,医药生物,4,400,45.98,171.7,--,--,50288.0,273.42,继续持有
2020-07-31,持有,603976,正川股份,医药生物,3,300,58.19,92.88,--,--,10407.0,59.62,继续持有
2020-07-31,持有,600211,西藏药业,医药生物,2,200,85.53,155.72,--,--,14038.0,82.06,继续持有
2020-07-31,持有,688399,硕世生物,医药生物,--,--,--,400.0,--,--,0.0,0.0,继续持有
2020-07-31,持有,600859,王府井,商贸零售,4,400,40.08,61.23,--,--,8460.0,52.77,继续持有
2020-07-31,持有,002541,鸿路钢构,建筑装饰,8,800,22.33,46.28,--,--,19160.0,107.25,继续持有
2020-07-31,持有,002791,坚朗五金,建筑材料,4,400,41.85,147.16,--,--,42124.0,251.64,继续持有
2020-07-31,持有,000011,深物业A,房地产,9,900,22.16,24.29,--,--,1917.0,9.61,继续持有
2020-07-31,持有,603069,海汽集团,交通运输,5,500,38.5,48.4,--,--,4950.0,25.71,继续持有
2020-07-31,持有,603301,振德医疗,医药生物,3,300,51.55,90.2,--,--,11595.0,74.98,继续持有
2020-07-31,持有,002581,*ST未名,医药生物,11,1100,16.89,23.78,--,--,7579.0,40.79,继续持有
2020-07-31,持有,603713,密尔克卫,交通运输,1,100,104.02,125.19,--,--,2117.0,20.35,继续持有
2020-07-31,持有,300293,蓝英装备,机械设备,10,1000,18.32,25.4,--,--,7080.0,38.65,继续持有
2020-07-31,持有,600127,金健米业,农林牧渔,17,1700,11.44,12.31,--,--,1479.0,7.6,继续持有
2020-07-31,持有,300206,理邦仪器,医药生物,8,800,22.3,23.49,--,--,952.0,5.34,继续持有
2020-07-31,持有,002400,省广集团,传媒,26,2600,7.43,9.01,--,--,4108.0,21.27,继续持有
2020-07-31,持有,600185,珠免集团,商贸零售,14,1400,13.82,13.25,--,--,-798.0,-4.12,继续持有
2020-07-31,持有,300390,天华新能,电力设备,12,1200,15.84,19.28,--,--,4128.0,21.72,继续持有
2020-08-17,卖出,002791,坚朗五金,建筑材料,4,400,41.85,139.45,55780.0,69.73,38970.27,233.21,移出持仓池
2020-08-17,卖出,300171,东富龙,医药生物,7,700,25.6,21.12,14784.0,18.48,-3154.48,-17.5,移出持仓池
2020-08-17,卖出,603301,振德医疗,医药生物,3,300,51.55,84.98,25494.0,31.87,9997.13,64.85,移出持仓池
2020-08-17,卖出,300122,智飞生物,医药生物,1,100,186.0,146.68,14668.0,18.34,-3950.34,-21.14,移出持仓池
2020-08-17,卖出,603718,*ST海利,医药生物,4,400,49.12,36.14,14456.0,18.07,-5210.07,-26.43,移出持仓池
2020-08-17,卖出,002581,*ST未名,医药生物,11,1100,16.89,22.46,24706.0,30.88,6096.12,32.98,移出持仓池
2020-08-17,卖出,000698,ST沈化,石油石化,20,2000,9.98,7.99,15980.0,19.98,-3999.98,-19.94,移出持仓池
2020-08-17,卖出,300298,三诺生物,医药生物,4,400,45.3,39.73,15892.0,19.87,-2247.87,-12.3,移出持仓池
2020-08-17,卖出,300206,理邦仪器,医药生物,8,800,22.3,21.22,16976.0,21.22,-885.22,-4.84,移出持仓池
2020-08-17,卖出,300142,沃森生物,医药生物,2,200,80.86,74.45,14890.0,18.61,-1300.61,-7.93,移出持仓池
2020-08-17,卖出,300143,盈康生命,医药生物,7,700,25.16,22.54,15778.0,19.72,-1853.72,-10.41,移出持仓池
2020-08-17,卖出,002626,金达威,食品饮料,3,300,58.62,47.29,14187.0,17.73,-3416.73,-19.33,移出持仓池
2020-08-17,卖出,300390,天华新能,电力设备,12,1200,15.84,17.08,20496.0,25.62,1462.38,7.83,移出持仓池
2020-08-17,卖出,603378,*ST亚士,建筑材料,2,200,72.31,71.38,14276.0,17.84,-203.84,-1.29,移出持仓池
2020-08-17,买入,603290,斯达半导,电子,0,0,214.5,214.5,0,0,0.0,0.0,"资金不足一手（需21,450元，分配20,000元）"
2020-08-17,买入,002163,海南发展,建筑装饰,8,800,22.84,22.84,18272.0,22.84,0.0,0.0,纳入持仓池
2020-08-17,买入,603893,瑞芯微,电子,2,200,90.84,90.84,18168.0,22.71,0.0,0.0,纳入持仓池
2020-08-17,买入,002847,盐津铺子,食品饮料,1,100,134.96,134.96,13496.0,16.87,0.0,0.0,纳入持仓池
2020-08-17,买入,600416,湘电股份,电力设备,9,900,21.21,21.21,19089.0,23.86,0.0,0.0,纳入持仓池
2020-08-17,买入,600316,洪都航空,国防军工,4,400,41.0,41.0,16400.0,20.5,0.0,0.0,纳入持仓池
2020-08-17,买入,601216,君正集团,基础化工,21,2100,9.21,9.21,19341.0,24.18,0.0,0.0,纳入持仓池
2020-08-17,买入,002706,良信股份,其他,7,700,26.4,26.4,18480.0,23.1,0.0,0.0,纳入持仓池
2020-08-17,买入,002625,光启技术,国防军工,8,800,24.99,24.99,19992.0,24.99,0.0,0.0,纳入持仓池
2020-08-17,买入,300740,水羊股份,美容护理,8,800,24.11,24.11,19288.0,24.11,0.0,0.0,纳入持仓池
2020-08-17,买入,300715,凯伦股份,建筑材料,3,300,59.2,59.2,17760.0,22.2,0.0,0.0,纳入持仓池
2020-08-17,买入,002375,亚厦股份,建筑装饰,13,1300,15.18,15.18,19734.0,24.67,0.0,0.0,纳入持仓池
2020-08-17,买入,603906,龙蟠科技,电力设备,7,700,28.09,28.09,19663.0,24.58,0.0,0.0,纳入持仓池
2020-08-17,买入,000987,越秀资本,非银金融,8,800,24.35,24.35,19480.0,24.35,0.0,0.0,纳入持仓池
2020-08-17,买入,300729,乐歌股份,轻工制造,3,300,63.05,63.05,18915.0,23.64,0.0,0.0,纳入持仓池
2020-08-17,持有,600859,王府井,商贸零售,4,400,40.08,60.75,--,--,8268.0,51.57,继续持有
2020-08-17,持有,603976,正川股份,医药生物,3,300,58.19,76.96,--,--,5631.0,32.26,继续持有
2020-08-17,持有,002541,鸿路钢构,建筑装饰,8,800,22.33,50.96,--,--,22904.0,128.21,继续持有
2020-08-17,持有,300677,英科医疗,医药生物,4,400,45.98,158.48,--,--,45000.0,244.67,继续持有
2020-08-17,持有,000011,深物业A,房地产,9,900,22.16,26.29,--,--,3717.0,18.64,继续持有
2020-08-17,持有,603069,海汽集团,交通运输,5,500,38.5,48.8,--,--,5150.0,26.75,继续持有
2020-08-17,持有,603713,密尔克卫,交通运输,1,100,104.02,147.0,--,--,4298.0,41.32,继续持有
2020-08-17,持有,600211,西藏药业,医药生物,2,200,85.53,122.15,--,--,7324.0,42.82,继续持有
2020-08-17,持有,002286,保龄宝,农林牧渔,10,1000,18.9,21.89,--,--,2990.0,15.82,继续持有
2020-08-17,持有,688399,硕世生物,医药生物,--,--,--,313.26,--,--,0.0,0.0,继续持有
2020-08-17,持有,600127,金健米业,农林牧渔,17,1700,11.44,14.08,--,--,4488.0,23.08,继续持有
2020-08-17,持有,600185,珠免集团,商贸零售,14,1400,13.82,13.64,--,--,-252.0,-1.3,继续持有
2020-08-17,持有,002400,省广集团,传媒,26,2600,7.43,8.88,--,--,3770.0,19.52,继续持有
2020-08-17,持有,600988,赤峰黄金,有色金属,10,1000,18.3,21.5,--,--,3200.0,17.49,继续持有
2020-08-17,持有,300293,蓝英装备,机械设备,10,1000,18.32,22.1,--,--,3780.0,20.63,继续持有
2020-08-31,卖出,603893,瑞芯微,电子,2,200,90.84,77.86,15572.0,19.46,-2615.46,-14.29,移出持仓池
2020-08-31,卖出,002286,保龄宝,农林牧渔,10,1000,18.9,17.32,17320.0,21.65,-1601.65,-8.36,移出持仓池
2020-08-31,卖出,600416,湘电股份,电力设备,9,900,21.21,20.23,18207.0,22.76,-904.76,-4.62,移出持仓池
2020-08-31,卖出,002706,良信股份,其他,7,700,26.4,25.04,17528.0,21.91,-973.91,-5.15,移出持仓池
2020-08-31,卖出,002625,光启技术,国防军工,8,800,24.99,22.6,18080.0,22.6,-1934.6,-9.56,移出持仓池
2020-08-31,卖出,300740,水羊股份,美容护理,8,800,24.11,20.6,16480.0,20.6,-2828.6,-14.56,移出持仓池
2020-08-31,卖出,600988,赤峰黄金,有色金属,10,1000,18.3,20.74,20740.0,25.93,2414.07,13.33,移出持仓池
2020-08-31,卖出,002375,亚厦股份,建筑装饰,13,1300,15.18,14.09,18317.0,22.9,-1439.9,-7.18,移出持仓池
2020-08-31,卖出,000987,越秀资本,非银金融,8,800,24.35,20.99,16792.0,20.99,-2708.99,-13.8,移出持仓池
2020-08-31,买入,000799,酒鬼酒,食品饮料,2,200,92.8,92.8,18560.0,23.2,0.0,0.0,纳入持仓池
2020-08-31,买入,601696,中银证券,非银金融,6,600,29.6,29.6,17760.0,22.2,0.0,0.0,纳入持仓池
2020-08-31,买入,603129,春风动力,汽车,1,100,123.65,123.65,12365.0,15.46,0.0,0.0,纳入持仓池
2020-08-31,买入,300368,汇金股份,计算机,8,800,22.66,22.66,18128.0,22.66,0.0,0.0,纳入持仓池
2020-08-31,买入,300612,宣亚国际,传媒,4,400,45.74,45.74,18296.0,22.87,0.0,0.0,纳入持仓池
2020-08-31,买入,300143,盈康生命,医药生物,7,700,26.53,26.53,18571.0,23.21,0.0,0.0,纳入持仓池
2020-08-31,买入,603697,有友食品,食品饮料,5,500,33.86,33.86,16930.0,21.16,0.0,0.0,纳入持仓池
2020-08-31,买入,603378,*ST亚士,建筑材料,2,200,82.66,82.66,16532.0,20.66,0.0,0.0,纳入持仓池
2020-08-31,买入,600079,ST人福,其他,5,500,37.41,37.41,18705.0,23.38,0.0,0.0,纳入持仓池
2020-08-31,买入,300120,经纬辉开,电子,11,1100,17.97,17.97,19767.0,24.71,0.0,0.0,纳入持仓池
2020-08-31,买入,603719,良品铺子,食品饮料,2,200,72.66,72.66,14532.0,18.16,0.0,0.0,纳入持仓池
2020-08-31,持有,300729,乐歌股份,轻工制造,3,300,63.05,89.65,--,--,7980.0,42.19,继续持有
2020-08-31,持有,600859,王府井,商贸零售,4,400,40.08,51.35,--,--,4508.0,28.12,继续持有
2020-08-31,持有,002541,鸿路钢构,建筑装饰,8,800,22.33,47.24,--,--,19928.0,111.55,继续持有
2020-08-31,持有,603976,正川股份,医药生物,3,300,58.19,60.35,--,--,648.0,3.71,继续持有
2020-08-31,持有,601216,君正集团,基础化工,21,2100,9.21,9.36,--,--,315.0,1.63,继续持有
2020-08-31,持有,000011,深物业A,房地产,9,900,22.16,18.41,--,--,-3375.0,-16.92,继续持有
2020-08-31,持有,300293,蓝英装备,机械设备,10,1000,18.32,25.77,--,--,7450.0,40.67,继续持有
2020-08-31,持有,300677,英科医疗,医药生物,4,400,45.98,151.5,--,--,42208.0,229.49,继续持有
2020-08-31,持有,002847,盐津铺子,食品饮料,1,100,134.96,149.6,--,--,1464.0,10.85,继续持有
2020-08-31,持有,603069,海汽集团,交通运输,5,500,38.5,35.69,--,--,-1405.0,-7.3,继续持有
2020-08-31,持有,603713,密尔克卫,交通运输,1,100,104.02,154.8,--,--,5078.0,48.82,继续持有
2020-08-31,持有,603906,龙蟠科技,电力设备,7,700,28.09,29.15,--,--,742.0,3.77,继续持有
2020-08-31,持有,600127,金健米业,农林牧渔,17,1700,11.44,13.92,--,--,4216.0,21.68,继续持有
2020-08-31,持有,002163,海南发展,建筑装饰,8,800,22.84,18.54,--,--,-3440.0,-18.83,继续持有
2020-08-31,持有,002400,省广集团,传媒,26,2600,7.43,8.52,--,--,2834.0,14.67,继续持有
2020-08-31,持有,600211,西藏药业,医药生物,2,200,85.53,96.79,--,--,2252.0,13.16,继续持有
2020-08-31,持有,600316,洪都航空,国防军工,4,400,41.0,36.97,--,--,-1612.0,-9.83,继续持有
2020-08-31,持有,300715,凯伦股份,建筑材料,3,300,59.2,62.0,--,--,840.0,4.73,继续持有
2020-08-31,持有,600185,珠免集团,商贸零售,14,1400,13.82,12.64,--,--,-1652.0,-8.54,继续持有
2020-09-16,卖出,002847,盐津铺子,食品饮料,1,100,134.96,136.25,13625.0,17.03,111.97,0.96,移出持仓池
2020-09-16,卖出,603069,海汽集团,交通运输,5,500,38.5,27.8,13900.0,17.38,-5367.38,-27.79,移出持仓池
2020-09-16,卖出,603713,密尔克卫,交通运输,1,100,104.02,123.6,12360.0,15.45,1942.55,18.82,移出持仓池
2020-09-16,卖出,601696,中银证券,非银金融,6,600,29.6,26.11,15666.0,19.58,-2113.58,-11.79,移出持仓池
2020-09-16,卖出,300612,宣亚国际,传媒,4,400,45.74,30.1,12040.0,15.05,-6271.05,-34.19,移出持仓池
2020-09-16,卖出,300143,盈康生命,医药生物,7,700,26.53,25.2,17640.0,22.05,-953.05,-5.01,移出持仓池
2020-09-16,卖出,600211,西藏药业,医药生物,2,200,85.53,74.3,14860.0,18.57,-2264.57,-13.13,移出持仓池
2020-09-16,卖出,603697,有友食品,食品饮料,5,500,33.86,25.41,12705.0,15.88,-4240.88,-24.96,移出持仓池
2020-09-16,卖出,600316,洪都航空,国防军工,4,400,41.0,30.7,12280.0,15.35,-4135.35,-25.12,移出持仓池
2020-09-16,卖出,600079,ST人福,其他,5,500,37.41,32.35,16175.0,20.22,-2550.22,-13.53,移出持仓池
2020-09-16,卖出,300120,经纬辉开,电子,11,1100,17.97,16.31,17941.0,22.43,-1848.43,-9.24,移出持仓池
2020-09-16,卖出,603719,良品铺子,食品饮料,2,200,72.66,60.63,12126.0,15.16,-2421.16,-16.56,移出持仓池
2020-09-16,卖出,300715,凯伦股份,建筑材料,3,300,59.2,69.0,20700.0,25.88,2914.12,16.55,移出持仓池
2020-09-16,卖出,600185,珠免集团,商贸零售,14,1400,13.82,11.26,15764.0,19.71,-3603.71,-18.52,移出持仓池
2020-09-16,买入,300008,天海防务,国防军工,21,2100,9.23,9.23,19383.0,24.23,0.0,0.0,纳入持仓池
2020-09-16,买入,300185,通裕重工,电力设备,34,3400,5.82,5.82,19788.0,24.73,0.0,0.0,纳入持仓池
2020-09-16,买入,601012,隆基绿能,电力设备,2,200,73.2,73.2,14640.0,18.3,0.0,0.0,纳入持仓池
2020-09-16,买入,603535,嘉诚国际,交通运输,4,400,42.8,42.8,17120.0,21.4,0.0,0.0,纳入持仓池
2020-09-16,买入,300100,双林股份,汽车,14,1400,14.0,14.0,19600.0,24.5,0.0,0.0,纳入持仓池
2020-09-16,买入,002919,名臣健康,传媒,4,400,43.98,43.98,17592.0,21.99,0.0,0.0,纳入持仓池
2020-09-16,买入,601888,中国中免,商贸零售,0,0,217.26,217.26,0,0,0.0,0.0,"资金不足一手（需21,726元，分配20,000元）"
2020-09-16,买入,600988,赤峰黄金,有色金属,11,1100,17.81,17.81,19591.0,24.49,0.0,0.0,纳入持仓池
2020-09-16,买入,002625,光启技术,国防军工,10,1000,19.78,19.78,19780.0,24.73,0.0,0.0,纳入持仓池
2020-09-16,买入,300274,阳光电源,电力设备,7,700,26.29,26.29,18403.0,23.0,0.0,0.0,纳入持仓池
2020-09-16,买入,000913,钱江摩托,汽车,7,700,25.4,25.4,17780.0,22.23,0.0,0.0,纳入持仓池
2020-09-16,买入,002791,坚朗五金,建筑材料,1,100,129.97,129.97,12997.0,16.25,0.0,0.0,纳入持仓池
2020-09-16,买入,600809,山西汾酒,食品饮料,0,0,207.99,207.99,0,0,0.0,0.0,"资金不足一手（需20,799元，分配20,000元）"
2020-09-16,买入,300106,西部牧业,食品饮料,14,1400,14.1,14.1,19740.0,24.68,0.0,0.0,纳入持仓池
2020-09-16,持有,300729,乐歌股份,轻工制造,3,300,63.05,91.78,--,--,8619.0,45.57,继续持有
2020-09-16,持有,600859,王府井,商贸零售,4,400,40.08,47.0,--,--,2768.0,17.27,继续持有
2020-09-16,持有,603129,春风动力,汽车,1,100,123.65,138.19,--,--,1454.0,11.76,继续持有
2020-09-16,持有,603976,正川股份,医药生物,3,300,58.19,53.18,--,--,-1503.0,-8.61,继续持有
2020-09-16,持有,000799,酒鬼酒,食品饮料,2,200,92.8,88.15,--,--,-930.0,-5.01,继续持有
2020-09-16,持有,601216,君正集团,基础化工,21,2100,9.21,8.01,--,--,-2520.0,-13.03,继续持有
2020-09-16,持有,300677,英科医疗,医药生物,4,400,45.98,131.28,--,--,34120.0,185.52,继续持有
2020-09-16,持有,002163,海南发展,建筑装饰,8,800,22.84,17.47,--,--,-4296.0,-23.51,继续持有
2020-09-16,持有,300293,蓝英装备,机械设备,10,1000,18.32,26.13,--,--,7810.0,42.63,继续持有
2020-09-16,持有,600127,金健米业,农林牧渔,17,1700,11.44,12.01,--,--,969.0,4.98,继续持有
2020-09-16,持有,002541,鸿路钢构,建筑装饰,8,800,22.33,43.1,--,--,16616.0,93.01,继续持有
2020-09-16,持有,000011,深物业A,房地产,9,900,22.16,15.27,--,--,-6201.0,-31.09,继续持有
2020-09-16,持有,603906,龙蟠科技,电力设备,7,700,28.09,25.63,--,--,-1722.0,-8.76,继续持有
2020-09-16,持有,603378,*ST亚士,建筑材料,2,200,82.66,74.35,--,--,-1662.0,-10.05,继续持有
2020-09-16,持有,300368,汇金股份,计算机,8,800,22.66,19.1,--,--,-2848.0,-15.71,继续持有
2020-09-16,持有,002400,省广集团,传媒,26,2600,7.43,7.35,--,--,-208.0,-1.08,继续持有
2020-09-30,卖出,300100,双林股份,汽车,14,1400,14.0,10.13,14182.0,17.73,-5435.73,-27.64,移出持仓池
2020-09-30,卖出,002919,名臣健康,传媒,4,400,43.98,43.6,17440.0,21.8,-173.8,-0.86,移出持仓池
2020-09-30,卖出,002163,海南发展,建筑装饰,8,800,22.84,17.63,14104.0,17.63,-4185.63,-22.81,移出持仓池
2020-09-30,卖出,300293,蓝英装备,机械设备,10,1000,18.32,22.3,22300.0,27.88,3952.12,21.72,移出持仓池
2020-09-30,卖出,600127,金健米业,农林牧渔,17,1700,11.44,11.21,19057.0,23.82,-414.82,-2.01,移出持仓池
2020-09-30,卖出,000011,深物业A,房地产,9,900,22.16,16.1,14490.0,18.11,-5472.11,-27.35,移出持仓池
2020-09-30,卖出,600988,赤峰黄金,有色金属,11,1100,17.81,17.53,19283.0,24.1,-332.1,-1.57,移出持仓池
2020-09-30,卖出,000913,钱江摩托,汽车,7,700,25.4,24.22,16954.0,21.19,-847.19,-4.65,移出持仓池
2020-09-30,卖出,603378,*ST亚士,建筑材料,2,200,82.66,67.8,13560.0,16.95,-2988.95,-17.98,移出持仓池
2020-09-30,卖出,002791,坚朗五金,建筑材料,1,100,129.97,129.29,12929.0,16.16,-84.16,-0.52,移出持仓池
2020-09-30,卖出,002400,省广集团,传媒,26,2600,7.43,6.85,17810.0,22.26,-1530.26,-7.81,移出持仓池
2020-09-30,卖出,300106,西部牧业,食品饮料,14,1400,14.1,12.14,16996.0,21.25,-2765.25,-13.9,移出持仓池
2020-09-30,买入,300722,新余国科,国防军工,3,300,62.52,62.52,18756.0,23.45,0.0,0.0,纳入持仓池
2020-09-30,买入,300313,*ST天山,农林牧渔,10,1000,19.1,19.1,19100.0,23.88,0.0,0.0,纳入持仓池
2020-09-30,买入,300318,博晖创新,医药生物,12,1200,15.8,15.8,18960.0,23.7,0.0,0.0,纳入持仓池
2020-09-30,买入,688399,硕世生物,医药生物,0,0,259.38,259.38,0,0,0.0,0.0,"资金不足一手（需51,876元，分配20,000元）"
2020-09-30,买入,300589,江龙船艇,国防军工,5,500,33.4,33.4,16700.0,20.88,0.0,0.0,纳入持仓池
2020-09-30,买入,600316,洪都航空,国防军工,5,500,37.51,37.51,18755.0,23.44,0.0,0.0,纳入持仓池
2020-09-30,买入,002459,晶澳科技,电力设备,5,500,35.42,35.42,17710.0,22.14,0.0,0.0,纳入持仓池
2020-09-30,买入,601865,福莱特,电力设备,6,600,29.92,29.92,17952.0,22.44,0.0,0.0,纳入持仓池
2020-09-30,买入,300719,安达维尔,国防军工,7,700,26.4,26.4,18480.0,23.1,0.0,0.0,纳入持仓池
2020-09-30,买入,300225,*ST金泰,基础化工,14,1400,13.84,13.84,19376.0,24.22,0.0,0.0,纳入持仓池
2020-09-30,买入,300151,昌红科技,其他,9,900,20.39,20.39,18351.0,22.94,0.0,0.0,纳入持仓池
2020-09-30,买入,300298,三诺生物,医药生物,4,400,40.03,40.03,16012.0,20.02,0.0,0.0,纳入持仓池
2020-09-30,买入,600185,珠免集团,商贸零售,18,1800,11.0,11.0,19800.0,24.75,0.0,0.0,纳入持仓池
2020-09-30,持有,603129,春风动力,汽车,1,100,123.65,132.1,--,--,845.0,6.83,继续持有
2020-09-30,持有,603976,正川股份,医药生物,3,300,58.19,61.3,--,--,933.0,5.34,继续持有
2020-09-30,持有,600859,王府井,商贸零售,4,400,40.08,48.05,--,--,3188.0,19.89,继续持有
2020-09-30,持有,601888,中国中免,商贸零售,--,--,--,222.94,--,--,0.0,0.0,继续持有
2020-09-30,持有,300008,天海防务,国防军工,21,2100,9.23,7.91,--,--,-2772.0,-14.3,继续持有
2020-09-30,持有,300677,英科医疗,医药生物,4,400,45.98,150.8,--,--,41928.0,227.97,继续持有
2020-09-30,持有,601012,隆基绿能,电力设备,2,200,73.2,75.01,--,--,362.0,2.47,继续持有
2020-09-30,持有,300368,汇金股份,计算机,8,800,22.66,21.68,--,--,-784.0,-4.32,继续持有
2020-09-30,持有,002625,光启技术,国防军工,10,1000,19.78,21.8,--,--,2020.0,10.21,继续持有
2020-09-30,持有,601216,君正集团,基础化工,21,2100,9.21,7.22,--,--,-4179.0,-21.61,继续持有
2020-09-30,持有,300274,阳光电源,电力设备,7,700,26.29,27.49,--,--,840.0,4.56,继续持有
2020-09-30,持有,000799,酒鬼酒,食品饮料,2,200,92.8,82.35,--,--,-2090.0,-11.26,继续持有
2020-09-30,持有,603535,嘉诚国际,交通运输,4,400,42.8,43.71,--,--,364.0,2.13,继续持有
2020-09-30,持有,300729,乐歌股份,轻工制造,3,300,63.05,60.6,--,--,-735.0,-3.89,继续持有
2020-09-30,持有,603906,龙蟠科技,电力设备,7,700,28.09,26.7,--,--,-973.0,-4.95,继续持有
2020-09-30,持有,002541,鸿路钢构,建筑装饰,8,800,22.33,42.3,--,--,15976.0,89.43,继续持有
2020-09-30,持有,300185,通裕重工,电力设备,34,3400,5.82,4.74,--,--,-3672.0,-18.56,继续持有
2020-10-21,卖出,300677,英科医疗,医药生物,4,400,45.98,103.4,41360.0,51.7,22916.3,124.88,移出持仓池
2020-10-21,卖出,300719,安达维尔,国防军工,7,700,26.4,24.07,16849.0,21.06,-1652.06,-8.83,移出持仓池
2020-10-21,卖出,603906,龙蟠科技,电力设备,7,700,28.09,24.63,17241.0,21.55,-2443.55,-12.32,移出持仓池
2020-10-21,卖出,002541,鸿路钢构,建筑装饰,8,800,22.33,42.22,33776.0,42.22,15869.78,89.07,移出持仓池
2020-10-21,卖出,300298,三诺生物,医药生物,4,400,40.03,40.01,16004.0,20.0,-28.0,-0.05,移出持仓池
2020-10-21,卖出,600185,珠免集团,商贸零售,18,1800,11.0,10.33,18594.0,23.24,-1229.24,-6.09,移出持仓池
2020-10-21,买入,002919,名臣健康,传媒,3,300,57.6,57.6,17280.0,21.6,0.0,0.0,纳入持仓池
2020-10-21,买入,601633,长城汽车,汽车,8,800,24.57,24.57,19656.0,24.57,0.0,0.0,纳入持仓池
2020-10-21,买入,300581,晨曦航空,国防军工,4,400,48.21,48.21,19284.0,24.11,0.0,0.0,纳入持仓池
2020-10-21,买入,300740,水羊股份,美容护理,8,800,22.47,22.47,17976.0,22.47,0.0,0.0,纳入持仓池
2020-10-21,买入,603486,科沃斯,家用电器,3,300,55.26,55.26,16578.0,20.72,0.0,0.0,纳入持仓池
2020-10-21,买入,300751,迈为股份,电力设备,0,0,397.04,397.04,0,0,0.0,0.0,"资金不足一手（需39,704元，分配20,000元）"
2020-10-21,买入,300518,新迅达,商贸零售,3,300,54.9,54.9,16470.0,20.59,0.0,0.0,纳入持仓池
2020-10-21,持有,603976,正川股份,医药生物,3,300,58.19,86.86,--,--,8601.0,49.27,继续持有
2020-10-21,持有,603129,春风动力,汽车,1,100,123.65,162.5,--,--,3885.0,31.42,继续持有
2020-10-21,持有,300313,*ST天山,农林牧渔,10,1000,19.1,22.42,--,--,3320.0,17.38,继续持有
2020-10-21,持有,300318,博晖创新,医药生物,12,1200,15.8,20.55,--,--,5700.0,30.06,继续持有
2020-10-21,持有,300722,新余国科,国防军工,3,300,62.52,79.89,--,--,5211.0,27.78,继续持有
2020-10-21,持有,000799,酒鬼酒,食品饮料,2,200,92.8,102.99,--,--,2038.0,10.98,继续持有
2020-10-21,持有,600859,王府井,商贸零售,4,400,40.08,43.93,--,--,1540.0,9.61,继续持有
2020-10-21,持有,300729,乐歌股份,轻工制造,3,300,63.05,72.9,--,--,2955.0,15.62,继续持有
2020-10-21,持有,300225,*ST金泰,基础化工,14,1400,13.84,17.79,--,--,5530.0,28.54,继续持有
2020-10-21,持有,300274,阳光电源,电力设备,7,700,26.29,29.28,--,--,2093.0,11.37,继续持有
2020-10-21,持有,002459,晶澳科技,电力设备,5,500,35.42,39.03,--,--,1805.0,10.19,继续持有
2020-10-21,持有,601865,福莱特,电力设备,6,600,29.92,33.2,--,--,1968.0,10.96,继续持有
2020-10-21,持有,601216,君正集团,基础化工,21,2100,9.21,7.7,--,--,-3171.0,-16.4,继续持有
2020-10-21,持有,603535,嘉诚国际,交通运输,4,400,42.8,49.89,--,--,2836.0,16.57,继续持有
2020-10-21,持有,300008,天海防务,国防军工,21,2100,9.23,8.78,--,--,-945.0,-4.88,继续持有
2020-10-21,持有,601012,隆基绿能,电力设备,2,200,73.2,72.0,--,--,-240.0,-1.64,继续持有
2020-10-21,持有,688399,硕世生物,医药生物,--,--,--,230.3,--,--,0.0,0.0,继续持有
2020-10-21,持有,300368,汇金股份,计算机,8,800,22.66,20.28,--,--,-1904.0,-10.5,继续持有
2020-10-21,持有,300185,通裕重工,电力设备,34,3400,5.82,5.11,--,--,-2414.0,-12.2,继续持有
2020-10-21,持有,300151,昌红科技,其他,9,900,20.39,22.87,--,--,2232.0,12.16,继续持有
2020-10-21,持有,300589,江龙船艇,国防军工,5,500,33.4,30.29,--,--,-1555.0,-9.31,继续持有
2020-10-21,持有,600316,洪都航空,国防军工,5,500,37.51,36.7,--,--,-405.0,-2.16,继续持有
2020-10-21,持有,002625,光启技术,国防军工,10,1000,19.78,20.6,--,--,820.0,4.15,继续持有
2020-10-30,卖出,601216,君正集团,基础化工,21,2100,9.21,7.03,14763.0,18.45,-4596.45,-23.67,移出持仓池
2020-10-30,卖出,300581,晨曦航空,国防军工,4,400,48.21,41.35,16540.0,20.68,-2764.68,-14.23,移出持仓池
2020-10-30,卖出,300740,水羊股份,美容护理,8,800,22.47,18.64,14912.0,18.64,-3082.64,-17.04,移出持仓池
2020-10-30,卖出,300368,汇金股份,计算机,8,800,22.66,18.51,14808.0,18.51,-3338.51,-18.31,移出持仓池
2020-10-30,卖出,300185,通裕重工,电力设备,34,3400,5.82,4.35,14790.0,18.49,-5016.49,-25.26,移出持仓池
2020-10-30,卖出,300151,昌红科技,其他,9,900,20.39,24.5,22050.0,27.56,3671.44,20.16,移出持仓池
2020-10-30,卖出,600316,洪都航空,国防军工,5,500,37.51,33.66,16830.0,21.04,-1946.04,-10.26,移出持仓池
2020-10-30,卖出,300518,新迅达,商贸零售,3,300,54.9,47.05,14115.0,17.64,-2372.64,-14.3,移出持仓池
2020-10-30,买入,600211,西藏药业,医药生物,2,200,82.99,82.99,16598.0,20.75,0.0,0.0,纳入持仓池
2020-10-30,买入,300062,中能电气,其他,9,900,20.85,20.85,18765.0,23.46,0.0,0.0,纳入持仓池
2020-10-30,买入,002594,比亚迪,汽车,1,100,159.81,159.81,15981.0,19.98,0.0,0.0,纳入持仓池
2020-10-30,买入,688126,沪硅产业,电子,3,600,32.08,32.08,19248.0,24.06,0.0,0.0,纳入持仓池
2020-10-30,买入,000913,钱江摩托,汽车,6,600,28.9,28.9,17340.0,21.68,0.0,0.0,纳入持仓池
2020-10-30,买入,300100,双林股份,汽车,12,1200,15.62,15.62,18744.0,23.43,0.0,0.0,纳入持仓池
2020-10-30,买入,002444,巨星科技,其他,7,700,25.9,25.9,18130.0,22.66,0.0,0.0,纳入持仓池
2020-10-30,买入,300549,优德精密,机械设备,6,600,28.65,28.65,17190.0,21.49,0.0,0.0,纳入持仓池
2020-10-30,买入,002430,杭氧股份,基础化工,6,600,28.8,28.8,17280.0,21.6,0.0,0.0,纳入持仓池
2020-10-30,持有,603129,春风动力,汽车,1,100,123.65,169.5,--,--,4585.0,37.08,继续持有
2020-10-30,持有,603976,正川股份,医药生物,3,300,58.19,77.03,--,--,5652.0,32.38,继续持有
2020-10-30,持有,300274,阳光电源,电力设备,7,700,26.29,38.83,--,--,8778.0,47.7,继续持有
2020-10-30,持有,300313,*ST天山,农林牧渔,10,1000,19.1,21.2,--,--,2100.0,10.99,继续持有
2020-10-30,持有,601865,福莱特,电力设备,6,600,29.92,40.8,--,--,6528.0,36.36,继续持有
2020-10-30,持有,002919,名臣健康,传媒,3,300,57.6,56.05,--,--,-465.0,-2.69,继续持有
2020-10-30,持有,300589,江龙船艇,国防军工,5,500,33.4,37.78,--,--,2190.0,13.11,继续持有
2020-10-30,持有,300722,新余国科,国防军工,3,300,62.52,72.8,--,--,3084.0,16.44,继续持有
2020-10-30,持有,600859,王府井,商贸零售,4,400,40.08,40.36,--,--,112.0,0.7,继续持有
2020-10-30,持有,300225,*ST金泰,基础化工,14,1400,13.84,19.11,--,--,7378.0,38.08,继续持有
2020-10-30,持有,603486,科沃斯,家用电器,3,300,55.26,62.6,--,--,2202.0,13.28,继续持有
2020-10-30,持有,000799,酒鬼酒,食品饮料,2,200,92.8,100.13,--,--,1466.0,7.9,继续持有
2020-10-30,持有,601633,长城汽车,汽车,8,800,24.57,23.72,--,--,-680.0,-3.46,继续持有
2020-10-30,持有,601012,隆基绿能,电力设备,2,200,73.2,75.99,--,--,558.0,3.81,继续持有
2020-10-30,持有,002459,晶澳科技,电力设备,5,500,35.42,38.32,--,--,1450.0,8.19,继续持有
2020-10-30,持有,300729,乐歌股份,轻工制造,3,300,63.05,59.89,--,--,-948.0,-5.01,继续持有
2020-10-30,持有,603535,嘉诚国际,交通运输,4,400,42.8,46.58,--,--,1512.0,8.83,继续持有
2020-10-30,持有,300318,博晖创新,医药生物,12,1200,15.8,17.46,--,--,1992.0,10.51,继续持有
2020-10-30,持有,300751,迈为股份,电力设备,--,--,--,412.0,--,--,0.0,0.0,继续持有
2020-10-30,持有,300008,天海防务,国防军工,21,2100,9.23,8.11,--,--,-2352.0,-12.13,继续持有
2020-10-30,持有,002625,光启技术,国防军工,10,1000,19.78,19.75,--,--,-30.0,-0.15,继续持有
2020-11-16,卖出,002919,名臣健康,传媒,3,300,57.6,38.11,11433.0,14.29,-5861.29,-33.84,移出持仓池
2020-11-16,卖出,300589,江龙船艇,国防军工,5,500,33.4,28.88,14440.0,18.05,-2278.05,-13.53,移出持仓池
2020-11-16,卖出,300062,中能电气,其他,9,900,20.85,14.38,12942.0,16.18,-5839.18,-31.03,移出持仓池
2020-11-16,卖出,688126,沪硅产业,电子,6,600,32.08,34.0,20400.0,25.5,1126.5,5.99,移出持仓池
2020-11-16,卖出,601012,隆基绿能,电力设备,2,200,73.2,66.87,13374.0,16.72,-1282.72,-8.65,移出持仓池
2020-11-16,卖出,002459,晶澳科技,电力设备,5,500,35.42,29.98,14990.0,18.74,-2738.74,-15.36,移出持仓池
2020-11-16,卖出,300729,乐歌股份,轻工制造,3,300,63.05,51.33,15399.0,19.25,-3535.25,-18.59,移出持仓池
2020-11-16,卖出,603535,嘉诚国际,交通运输,4,400,42.8,43.25,17300.0,21.62,158.38,1.05,移出持仓池
2020-11-16,卖出,300008,天海防务,国防军工,21,2100,9.23,6.81,14301.0,17.88,-5099.88,-26.22,移出持仓池
2020-11-16,卖出,002625,光启技术,国防军工,10,1000,19.78,20.77,20770.0,25.96,964.04,5.01,移出持仓池
2020-11-16,卖出,300549,优德精密,机械设备,6,600,28.65,23.5,14100.0,17.62,-3107.62,-17.98,移出持仓池
2020-11-16,买入,603392,万泰生物,医药生物,1,100,188.56,188.56,18856.0,23.57,0.0,0.0,纳入持仓池
2020-11-16,买入,000816,智慧农业,其他,41,4100,4.8,4.8,19680.0,24.6,0.0,0.0,纳入持仓池
2020-11-16,买入,603919,金徽酒,食品饮料,3,300,52.29,52.29,15687.0,19.61,0.0,0.0,纳入持仓池
2020-11-16,买入,600189,泉阳泉,食品饮料,20,2000,9.8,9.8,19600.0,24.5,0.0,0.0,纳入持仓池
2020-11-16,买入,300832,新产业,医药生物,1,100,157.95,157.95,15795.0,19.74,0.0,0.0,纳入持仓池
2020-11-16,买入,300831,派瑞股份,电子,7,700,25.1,25.1,17570.0,21.96,0.0,0.0,纳入持仓池
2020-11-16,买入,002163,海南发展,建筑装饰,9,900,20.62,20.62,18558.0,23.2,0.0,0.0,纳入持仓池
2020-11-16,买入,688036,传音控股,电子,0,0,144.07,144.07,0,0,0.0,0.0,"资金不足一手（需28,814元，分配20,000元）"
2020-11-16,买入,600399,抚顺特钢,钢铁,18,1800,10.93,10.93,19674.0,24.59,0.0,0.0,纳入持仓池
2020-11-16,买入,603787,新日股份,汽车,5,500,34.2,34.2,17100.0,21.38,0.0,0.0,纳入持仓池
2020-11-16,买入,603877,太平鸟,纺织服饰,5,500,38.03,38.03,19015.0,23.77,0.0,0.0,纳入持仓池
2020-11-16,买入,300727,润禾材料,基础化工,5,500,34.22,34.22,17110.0,21.39,0.0,0.0,纳入持仓池
2020-11-16,持有,300274,阳光电源,电力设备,7,700,26.29,45.85,--,--,13692.0,74.4,继续持有
2020-11-16,持有,300313,*ST天山,农林牧渔,10,1000,19.1,18.59,--,--,-510.0,-2.67,继续持有
2020-11-16,持有,300225,*ST金泰,基础化工,14,1400,13.84,23.03,--,--,12866.0,66.4,继续持有
2020-11-16,持有,603129,春风动力,汽车,1,100,123.65,157.31,--,--,3366.0,27.22,继续持有
2020-11-16,持有,000799,酒鬼酒,食品饮料,2,200,92.8,113.96,--,--,4232.0,22.8,继续持有
2020-11-16,持有,603486,科沃斯,家用电器,3,300,55.26,67.62,--,--,3708.0,22.37,继续持有
2020-11-16,持有,603976,正川股份,医药生物,3,300,58.19,71.9,--,--,4113.0,23.56,继续持有
2020-11-16,持有,300318,博晖创新,医药生物,12,1200,15.8,15.43,--,--,-444.0,-2.34,继续持有
2020-11-16,持有,300100,双林股份,汽车,12,1200,15.62,14.85,--,--,-924.0,-4.93,继续持有
2020-11-16,持有,601633,长城汽车,汽车,8,800,24.57,24.95,--,--,304.0,1.55,继续持有
2020-11-16,持有,002594,比亚迪,汽车,1,100,159.81,170.02,--,--,1021.0,6.39,继续持有
2020-11-16,持有,601865,福莱特,电力设备,6,600,29.92,36.33,--,--,3846.0,21.42,继续持有
2020-11-16,持有,300722,新余国科,国防军工,3,300,62.52,57.94,--,--,-1374.0,-7.33,继续持有
2020-11-16,持有,600211,西藏药业,医药生物,2,200,82.99,75.05,--,--,-1588.0,-9.57,继续持有
2020-11-16,持有,600859,王府井,商贸零售,4,400,40.08,40.88,--,--,320.0,2.0,继续持有
2020-11-16,持有,002444,巨星科技,其他,7,700,25.9,26.3,--,--,280.0,1.54,继续持有
2020-11-16,持有,002430,杭氧股份,基础化工,6,600,28.8,31.02,--,--,1332.0,7.71,继续持有
2020-11-16,持有,000913,钱江摩托,汽车,6,600,28.9,28.0,--,--,-540.0,-3.11,继续持有
2020-11-30,卖出,603392,万泰生物,医药生物,1,100,188.56,169.5,16950.0,21.19,-1927.19,-10.11,移出持仓池
2020-11-30,卖出,603919,金徽酒,食品饮料,3,300,52.29,41.58,12474.0,15.59,-3228.59,-20.48,移出持仓池
2020-11-30,卖出,000799,酒鬼酒,食品饮料,2,200,92.8,106.62,21324.0,26.66,2737.34,14.89,移出持仓池
2020-11-30,卖出,603486,科沃斯,家用电器,3,300,55.26,62.7,18810.0,23.51,2208.49,13.46,移出持仓池
2020-11-30,卖出,600189,泉阳泉,食品饮料,20,2000,9.8,8.15,16300.0,20.38,-3320.38,-16.84,移出持仓池
2020-11-30,卖出,300832,新产业,医药生物,1,100,157.95,142.48,14248.0,17.81,-1564.81,-9.79,移出持仓池
2020-11-30,卖出,300831,派瑞股份,电子,7,700,25.1,24.52,17164.0,21.46,-427.46,-2.31,移出持仓池
2020-11-30,卖出,002163,海南发展,建筑装饰,9,900,20.62,20.19,18171.0,22.71,-409.71,-2.09,移出持仓池
2020-11-30,卖出,600399,抚顺特钢,钢铁,18,1800,10.93,10.69,19242.0,24.05,-456.05,-2.2,移出持仓池
2020-11-30,卖出,600211,西藏药业,医药生物,2,200,82.99,60.46,12092.0,15.12,-4521.12,-27.15,移出持仓池
2020-11-30,卖出,600859,王府井,商贸零售,4,400,40.08,34.34,13736.0,17.17,-2313.17,-14.32,移出持仓池
2020-11-30,卖出,002430,杭氧股份,基础化工,6,600,28.8,27.18,16308.0,20.39,-992.39,-5.63,移出持仓池
2020-11-30,卖出,603877,太平鸟,纺织服饰,5,500,38.03,35.05,17525.0,21.91,-1511.91,-7.84,移出持仓池
2020-11-30,卖出,000913,钱江摩托,汽车,6,600,28.9,25.62,15372.0,19.21,-1987.21,-11.35,移出持仓池
2020-11-30,买入,300581,晨曦航空,国防军工,3,300,50.93,50.93,15279.0,19.1,0.0,0.0,纳入持仓池
2020-11-30,买入,601919,中远海控,交通运输,20,2000,9.92,9.92,19840.0,24.8,0.0,0.0,纳入持仓池
2020-11-30,买入,300589,江龙船艇,国防军工,5,500,37.24,37.24,18620.0,23.28,0.0,0.0,纳入持仓池
2020-11-30,买入,603185,弘元绿能,电力设备,2,200,86.71,86.71,17342.0,21.68,0.0,0.0,纳入持仓池
2020-11-30,买入,603906,龙蟠科技,电力设备,7,700,28.41,28.41,19887.0,24.86,0.0,0.0,纳入持仓池
2020-11-30,买入,603655,朗博科技,汽车,3,300,62.65,62.65,18795.0,23.49,0.0,0.0,纳入持仓池
2020-11-30,买入,002245,蔚蓝锂芯,电力设备,19,1900,10.29,10.29,19551.0,24.44,0.0,0.0,纳入持仓池
2020-11-30,买入,300062,中能电气,其他,14,1400,14.22,14.22,19908.0,24.89,0.0,0.0,纳入持仓池
2020-11-30,买入,002625,光启技术,国防军工,9,900,20.67,20.67,18603.0,23.25,0.0,0.0,纳入持仓池
2020-11-30,买入,601168,西部矿业,有色金属,14,1400,13.95,13.95,19530.0,24.41,0.0,0.0,纳入持仓池
2020-11-30,买入,600316,洪都航空,国防军工,5,500,36.27,36.27,18135.0,22.67,0.0,0.0,纳入持仓池
2020-11-30,买入,000625,长安汽车,汽车,7,700,25.26,25.26,17682.0,22.1,0.0,0.0,纳入持仓池
2020-11-30,买入,300008,天海防务,国防军工,25,2500,7.72,7.72,19300.0,24.12,0.0,0.0,纳入持仓池
2020-11-30,买入,603535,嘉诚国际,交通运输,4,400,46.27,46.27,18508.0,23.14,0.0,0.0,纳入持仓池
2020-11-30,持有,300722,新余国科,国防军工,3,300,62.52,74.97,--,--,3735.0,19.91,继续持有
2020-11-30,持有,300274,阳光电源,电力设备,7,700,26.29,48.06,--,--,15239.0,82.81,继续持有
2020-11-30,持有,300313,*ST天山,农林牧渔,10,1000,19.1,20.07,--,--,970.0,5.08,继续持有
2020-11-30,持有,601633,长城汽车,汽车,8,800,24.57,27.89,--,--,2656.0,13.51,继续持有
2020-11-30,持有,603787,新日股份,汽车,5,500,34.2,36.61,--,--,1205.0,7.05,继续持有
2020-11-30,持有,300727,润禾材料,基础化工,5,500,34.22,42.56,--,--,4170.0,24.37,继续持有
2020-11-30,持有,603976,正川股份,医药生物,3,300,58.19,64.84,--,--,1995.0,11.43,继续持有
2020-11-30,持有,002594,比亚迪,汽车,1,100,159.81,172.15,--,--,1234.0,7.72,继续持有
2020-11-30,持有,300225,*ST金泰,基础化工,14,1400,13.84,18.51,--,--,6538.0,33.74,继续持有
2020-11-30,持有,300100,双林股份,汽车,12,1200,15.62,14.65,--,--,-1164.0,-6.21,继续持有
2020-11-30,持有,688036,传音控股,电子,--,--,--,137.81,--,--,0.0,0.0,继续持有
2020-11-30,持有,000816,智慧农业,其他,41,4100,4.8,3.55,--,--,-5125.0,-26.04,继续持有
2020-11-30,持有,300318,博晖创新,医药生物,12,1200,15.8,13.87,--,--,-2316.0,-12.22,继续持有
2020-11-30,持有,002444,巨星科技,其他,7,700,25.9,27.98,--,--,1456.0,8.03,继续持有
2020-11-30,持有,603129,春风动力,汽车,1,100,123.65,135.66,--,--,1201.0,9.71,继续持有
2020-11-30,持有,601865,福莱特,电力设备,6,600,29.92,34.4,--,--,2688.0,14.97,继续持有
2020-12-16,卖出,603787,新日股份,汽车,5,500,34.2,35.4,17700.0,22.12,577.88,3.51,移出持仓池
2020-12-16,卖出,603976,正川股份,医药生物,3,300,58.19,71.82,21546.0,26.93,4062.07,23.42,移出持仓池
2020-12-16,卖出,603906,龙蟠科技,电力设备,7,700,28.41,28.41,19887.0,24.86,-24.86,0.0,移出持仓池
2020-12-16,卖出,300225,*ST金泰,基础化工,14,1400,13.84,12.55,17570.0,21.96,-1827.96,-9.32,移出持仓池
2020-12-16,卖出,300100,双林股份,汽车,12,1200,15.62,12.89,15468.0,19.34,-3295.34,-17.48,移出持仓池
2020-12-16,卖出,603655,朗博科技,汽车,3,300,62.65,27.58,8274.0,10.34,-10531.34,-55.98,移出持仓池
2020-12-16,卖出,002444,巨星科技,其他,7,700,25.9,25.8,18060.0,22.57,-92.57,-0.39,移出持仓池
2020-12-16,卖出,603129,春风动力,汽车,1,100,123.65,165.68,16568.0,20.71,4182.29,33.99,移出持仓池
2020-12-16,卖出,300062,中能电气,其他,14,1400,14.22,12.84,17976.0,22.47,-1954.47,-9.7,移出持仓池
2020-12-16,卖出,002625,光启技术,国防军工,9,900,20.67,18.84,16956.0,21.2,-1668.2,-8.85,移出持仓池
2020-12-16,卖出,601168,西部矿业,有色金属,14,1400,13.95,12.83,17962.0,22.45,-1590.45,-8.03,移出持仓池
2020-12-16,卖出,000625,长安汽车,汽车,7,700,25.26,23.63,16541.0,20.68,-1161.68,-6.45,移出持仓池
2020-12-16,卖出,300008,天海防务,国防军工,25,2500,7.72,6.4,16000.0,20.0,-3320.0,-17.1,移出持仓池
2020-12-16,卖出,601865,福莱特,电力设备,6,600,29.92,33.83,20298.0,25.37,2320.63,13.07,移出持仓池
2020-12-16,买入,600189,泉阳泉,食品饮料,17,1700,11.75,11.75,19975.0,24.97,0.0,0.0,纳入持仓池
2020-12-16,买入,603919,金徽酒,食品饮料,4,400,48.19,48.19,19276.0,24.09,0.0,0.0,纳入持仓池
2020-12-16,买入,600399,抚顺特钢,钢铁,14,1400,13.65,13.65,19110.0,23.89,0.0,0.0,纳入持仓池
2020-12-16,买入,600559,老白干酒,食品饮料,6,600,30.06,30.06,18036.0,22.55,0.0,0.0,纳入持仓池
2020-12-16,买入,603267,鸿远电子,国防军工,1,100,119.66,119.66,11966.0,14.96,0.0,0.0,纳入持仓池
2020-12-16,买入,300690,双一科技,电力设备,3,300,65.0,65.0,19500.0,24.38,0.0,0.0,纳入持仓池
2020-12-16,买入,600199,金种子酒,食品饮料,14,1400,14.23,14.23,19922.0,24.9,0.0,0.0,纳入持仓池
2020-12-16,买入,002747,埃斯顿,机械设备,7,700,28.15,28.15,19705.0,24.63,0.0,0.0,纳入持仓池
2020-12-16,买入,300763,锦浪科技,电力设备,1,100,140.15,140.15,14015.0,17.52,0.0,0.0,纳入持仓池
2020-12-16,买入,688169,石头科技,家用电器,0,0,1018.03,1018.03,0,0,0.0,0.0,"资金不足一手（需203,606元，分配20,000元）"
2020-12-16,买入,000913,钱江摩托,汽车,7,700,28.17,28.17,19719.0,24.65,0.0,0.0,纳入持仓池
2020-12-16,买入,300124,汇川技术,机械设备,2,200,85.5,85.5,17100.0,21.38,0.0,0.0,纳入持仓池
2020-12-16,买入,600702,舍得酒业,食品饮料,2,200,75.5,75.5,15100.0,18.88,0.0,0.0,纳入持仓池
2020-12-16,买入,000516,国际医学,医药生物,19,1900,10.02,10.02,19038.0,23.8,0.0,0.0,纳入持仓池
2020-12-16,买入,603486,科沃斯,家用电器,2,200,70.1,70.1,14020.0,17.53,0.0,0.0,纳入持仓池
2020-12-16,持有,300274,阳光电源,电力设备,7,700,26.29,62.99,--,--,25690.0,139.6,继续持有
2020-12-16,持有,300313,*ST天山,农林牧渔,10,1000,19.1,24.05,--,--,4950.0,25.92,继续持有
2020-12-16,持有,300722,新余国科,国防军工,3,300,62.52,60.04,--,--,-744.0,-3.97,继续持有
2020-12-16,持有,601633,长城汽车,汽车,8,800,24.57,27.15,--,--,2064.0,10.5,继续持有
2020-12-16,持有,603185,弘元绿能,电力设备,2,200,86.71,113.88,--,--,5434.0,31.33,继续持有
2020-12-16,持有,000816,智慧农业,其他,41,4100,4.8,3.89,--,--,-3731.0,-18.96,继续持有
2020-12-16,持有,300581,晨曦航空,国防军工,3,300,50.93,45.38,--,--,-1665.0,-10.9,继续持有
2020-12-16,持有,300589,江龙船艇,国防军工,5,500,37.24,35.13,--,--,-1055.0,-5.67,继续持有
2020-12-16,持有,002594,比亚迪,汽车,1,100,159.81,171.87,--,--,1206.0,7.55,继续持有
2020-12-16,持有,601919,中远海控,交通运输,20,2000,9.92,9.42,--,--,-1000.0,-5.04,继续持有
2020-12-16,持有,600316,洪都航空,国防军工,5,500,36.27,38.31,--,--,1020.0,5.62,继续持有
2020-12-16,持有,300318,博晖创新,医药生物,12,1200,15.8,14.0,--,--,-2160.0,-11.39,继续持有
2020-12-16,持有,002245,蔚蓝锂芯,电力设备,19,1900,10.29,10.05,--,--,-456.0,-2.33,继续持有
2020-12-16,持有,603535,嘉诚国际,交通运输,4,400,46.27,45.2,--,--,-428.0,-2.31,继续持有
2020-12-16,持有,300727,润禾材料,基础化工,5,500,34.22,35.55,--,--,665.0,3.89,继续持有
2020-12-31,卖出,603919,金徽酒,食品饮料,4,400,48.19,40.49,16196.0,20.25,-3100.25,-15.98,移出持仓池
2020-12-31,卖出,600559,老白干酒,食品饮料,6,600,30.06,31.48,18888.0,23.61,828.39,4.72,移出持仓池
2020-12-31,卖出,300690,双一科技,电力设备,3,300,65.0,58.53,17559.0,21.95,-1962.95,-9.95,移出持仓池
2020-12-31,卖出,002747,埃斯顿,机械设备,7,700,28.15,29.82,20874.0,26.09,1142.91,5.93,移出持仓池
2020-12-31,卖出,300763,锦浪科技,电力设备,1,100,140.15,149.0,14900.0,18.62,866.38,6.31,移出持仓池
2020-12-31,卖出,000913,钱江摩托,汽车,7,700,28.17,25.59,17913.0,22.39,-1828.39,-9.16,移出持仓池
2020-12-31,卖出,300124,汇川技术,机械设备,2,200,85.5,93.3,18660.0,23.32,1536.68,9.12,移出持仓池
2020-12-31,卖出,300318,博晖创新,医药生物,12,1200,15.8,11.96,14352.0,17.94,-4625.94,-24.3,移出持仓池
2020-12-31,卖出,600702,舍得酒业,食品饮料,2,200,75.5,85.44,17088.0,21.36,1966.64,13.17,移出持仓池
2020-12-31,卖出,603535,嘉诚国际,交通运输,4,400,46.27,42.76,17104.0,21.38,-1425.38,-7.59,移出持仓池
2020-12-31,卖出,300727,润禾材料,基础化工,5,500,34.22,31.65,15825.0,19.78,-1304.78,-7.51,移出持仓池
2020-12-31,买入,600121,郑州煤电,煤炭,21,2100,9.32,9.32,19572.0,24.46,0.0,0.0,纳入持仓池
2020-12-31,买入,300846,首都在线,计算机,9,900,22.19,22.19,19971.0,24.96,0.0,0.0,纳入持仓池
2020-12-31,买入,603025,大豪科技,机械设备,7,700,27.27,27.27,19089.0,23.86,0.0,0.0,纳入持仓池
2020-12-31,买入,002756,永兴材料,有色金属,3,300,54.22,54.22,16266.0,20.33,0.0,0.0,纳入持仓池
2020-12-31,买入,300648,星云股份,电力设备,4,400,44.39,44.39,17756.0,22.2,0.0,0.0,纳入持仓池
2020-12-31,买入,002625,光启技术,国防军工,8,800,22.25,22.25,17800.0,22.25,0.0,0.0,纳入持仓池
2020-12-31,买入,001896,豫能控股,公用事业,20,2000,9.63,9.63,19260.0,24.07,0.0,0.0,纳入持仓池
2020-12-31,买入,002149,西部材料,有色金属,10,1000,18.29,18.29,18290.0,22.86,0.0,0.0,纳入持仓池
2020-12-31,买入,688333,铂力特,其他,0,0,151.98,151.98,0,0,0.0,0.0,"资金不足一手（需30,396元，分配20,000元）"
2020-12-31,买入,603063,禾望电气,电力设备,10,1000,19.33,19.33,19330.0,24.16,0.0,0.0,纳入持仓池
2020-12-31,买入,002192,融捷股份,有色金属,4,400,41.0,41.0,16400.0,20.5,0.0,0.0,纳入持仓池
2020-12-31,买入,300726,宏达电子,国防军工,2,200,72.35,72.35,14470.0,18.09,0.0,0.0,纳入持仓池
2020-12-31,持有,601633,长城汽车,汽车,8,800,24.57,37.81,--,--,10592.0,53.89,继续持有
2020-12-31,持有,300274,阳光电源,电力设备,7,700,26.29,72.28,--,--,32193.0,174.93,继续持有
2020-12-31,持有,600189,泉阳泉,食品饮料,17,1700,11.75,14.69,--,--,4998.0,25.02,继续持有
2020-12-31,持有,300313,*ST天山,农林牧渔,10,1000,19.1,21.78,--,--,2680.0,14.03,继续持有
2020-12-31,持有,600316,洪都航空,国防军工,5,500,36.27,56.87,--,--,10300.0,56.8,继续持有
2020-12-31,持有,600399,抚顺特钢,钢铁,14,1400,13.65,14.9,--,--,1750.0,9.16,继续持有
2020-12-31,持有,601919,中远海控,交通运输,20,2000,9.92,12.21,--,--,4580.0,23.08,继续持有
2020-12-31,持有,002245,蔚蓝锂芯,电力设备,19,1900,10.29,12.98,--,--,5111.0,26.14,继续持有
2020-12-31,持有,000516,国际医学,医药生物,19,1900,10.02,12.57,--,--,4845.0,25.45,继续持有
2020-12-31,持有,300722,新余国科,国防军工,3,300,62.52,55.55,--,--,-2091.0,-11.15,继续持有
2020-12-31,持有,300581,晨曦航空,国防军工,3,300,50.93,45.05,--,--,-1764.0,-11.55,继续持有
2020-12-31,持有,000816,智慧农业,其他,41,4100,4.8,3.95,--,--,-3485.0,-17.71,继续持有
2020-12-31,持有,603267,鸿远电子,国防军工,1,100,119.66,128.76,--,--,910.0,7.6,继续持有
2020-12-31,持有,603486,科沃斯,家用电器,2,200,70.1,88.49,--,--,3678.0,26.23,继续持有
2020-12-31,持有,002594,比亚迪,汽车,1,100,159.81,194.3,--,--,3449.0,21.58,继续持有
2020-12-31,持有,603185,弘元绿能,电力设备,2,200,86.71,138.45,--,--,10348.0,59.67,继续持有
2020-12-31,持有,300589,江龙船艇,国防军工,5,500,37.24,32.87,--,--,-2185.0,-11.73,继续持有
2020-12-31,持有,600199,金种子酒,食品饮料,14,1400,14.23,19.41,--,--,7252.0,36.4,继续持有
2021-01-18,卖出,300846,首都在线,计算机,9,900,22.19,19.73,17757.0,22.2,-2236.2,-11.09,移出持仓池
2021-01-18,卖出,002245,蔚蓝锂芯,电力设备,19,1900,10.29,11.16,21204.0,26.5,1626.5,8.45,移出持仓池
2021-01-18,卖出,000516,国际医学,医药生物,19,1900,10.02,10.59,20121.0,25.15,1057.85,5.69,移出持仓池
2021-01-18,卖出,000816,智慧农业,其他,41,4100,4.8,3.42,14022.0,17.53,-5675.53,-28.75,移出持仓池
2021-01-18,卖出,300648,星云股份,电力设备,4,400,44.39,40.17,16068.0,20.09,-1708.09,-9.51,移出持仓池
2021-01-18,卖出,001896,豫能控股,公用事业,20,2000,9.63,8.61,17220.0,21.53,-2061.53,-10.59,移出持仓池
2021-01-18,卖出,002149,西部材料,有色金属,10,1000,18.29,14.97,14970.0,18.71,-3338.71,-18.15,移出持仓池
2021-01-18,卖出,300589,江龙船艇,国防军工,5,500,37.24,26.57,13285.0,16.61,-5351.61,-28.65,移出持仓池
2021-01-18,卖出,603063,禾望电气,电力设备,10,1000,19.33,18.22,18220.0,22.78,-1132.78,-5.74,移出持仓池
2021-01-18,卖出,600199,金种子酒,食品饮料,14,1400,14.23,16.2,22680.0,28.35,2729.65,13.84,移出持仓池
2021-01-18,卖出,002192,融捷股份,有色金属,4,400,41.0,42.96,17184.0,21.48,762.52,4.78,移出持仓池
2021-01-18,卖出,300726,宏达电子,国防军工,2,200,72.35,78.6,15720.0,19.65,1230.35,8.64,移出持仓池
2021-01-18,买入,300850,新强联,电力设备,1,100,182.01,182.01,18201.0,22.75,0.0,0.0,纳入持仓池
2021-01-18,买入,002759,天际股份,电力设备,7,700,25.41,25.41,17787.0,22.23,0.0,0.0,纳入持仓池
2021-01-18,买入,002176,江特电机,电力设备,38,3800,5.26,5.26,19988.0,24.98,0.0,0.0,纳入持仓池
2021-01-18,买入,688169,石头科技,家用电器,0,0,1122.44,1122.44,0,0,0.0,0.0,"资金不足一手（需224,488元，分配20,000元）"
2021-01-18,买入,603110,东方材料,基础化工,4,400,41.5,41.5,16600.0,20.75,0.0,0.0,纳入持仓池
2021-01-18,买入,600346,恒力石化,石油石化,5,500,39.05,39.05,19525.0,24.41,0.0,0.0,纳入持仓池
2021-01-18,买入,002497,雅化集团,基础化工,7,700,25.2,25.2,17640.0,22.05,0.0,0.0,纳入持仓池
2021-01-18,买入,601908,京运通,公用事业,17,1700,11.64,11.64,19788.0,24.73,0.0,0.0,纳入持仓池
2021-01-18,买入,600660,福耀玻璃,汽车,3,300,54.49,54.49,16347.0,20.43,0.0,0.0,纳入持仓池
2021-01-18,买入,000301,东方盛虹,石油石化,19,1900,10.4,10.4,19760.0,24.7,0.0,0.0,纳入持仓池
2021-01-18,买入,000615,*ST美谷,美容护理,19,1900,10.4,10.4,19760.0,24.7,0.0,0.0,纳入持仓池
2021-01-18,买入,000799,酒鬼酒,食品饮料,1,100,176.7,176.7,17670.0,22.09,0.0,0.0,纳入持仓池
2021-01-18,买入,600176,中国巨石,建筑材料,8,800,24.0,24.0,19200.0,24.0,0.0,0.0,纳入持仓池
2021-01-18,持有,300274,阳光电源,电力设备,7,700,26.29,86.1,--,--,41867.0,227.5,继续持有
2021-01-18,持有,600189,泉阳泉,食品饮料,17,1700,11.75,14.37,--,--,4454.0,22.3,继续持有
2021-01-18,持有,601633,长城汽车,汽车,8,800,24.57,41.2,--,--,13304.0,67.68,继续持有
2021-01-18,持有,601919,中远海控,交通运输,20,2000,9.92,15.64,--,--,11440.0,57.66,继续持有
2021-01-18,持有,300313,*ST天山,农林牧渔,10,1000,19.1,19.75,--,--,650.0,3.4,继续持有
2021-01-18,持有,603486,科沃斯,家用电器,2,200,70.1,106.23,--,--,7226.0,51.54,继续持有
2021-01-18,持有,600121,郑州煤电,煤炭,21,2100,9.32,7.16,--,--,-4536.0,-23.18,继续持有
2021-01-18,持有,603267,鸿远电子,国防军工,1,100,119.66,142.45,--,--,2279.0,19.05,继续持有
2021-01-18,持有,600399,抚顺特钢,钢铁,14,1400,13.65,14.32,--,--,938.0,4.91,继续持有
2021-01-18,持有,300722,新余国科,国防军工,3,300,62.52,51.3,--,--,-3366.0,-17.95,继续持有
2021-01-18,持有,603025,大豪科技,机械设备,7,700,27.27,22.98,--,--,-3003.0,-15.73,继续持有
2021-01-18,持有,002756,永兴材料,有色金属,3,300,54.22,55.3,--,--,324.0,1.99,继续持有
2021-01-18,持有,002625,光启技术,国防军工,8,800,22.25,26.72,--,--,3576.0,20.09,继续持有
2021-01-18,持有,300581,晨曦航空,国防军工,3,300,50.93,43.73,--,--,-2160.0,-14.14,继续持有
2021-01-18,持有,603185,弘元绿能,电力设备,2,200,86.71,141.11,--,--,10880.0,62.74,继续持有
2021-01-18,持有,002594,比亚迪,汽车,1,100,159.81,221.69,--,--,6188.0,38.72,继续持有
2021-01-18,持有,600316,洪都航空,国防军工,5,500,36.27,52.86,--,--,8295.0,45.74,继续持有
2021-01-29,卖出,300722,新余国科,国防军工,3,300,62.52,41.5,12450.0,15.56,-6321.56,-33.62,移出持仓池
2021-01-29,卖出,002625,光启技术,国防军工,8,800,22.25,22.88,18304.0,22.88,481.12,2.83,移出持仓池
2021-01-29,卖出,300581,晨曦航空,国防军工,3,300,50.93,35.8,10740.0,13.43,-4552.43,-29.71,移出持仓池
2021-01-29,卖出,601908,京运通,公用事业,17,1700,11.64,9.35,15895.0,19.87,-3912.87,-19.67,移出持仓池
2021-01-29,卖出,600316,洪都航空,国防军工,5,500,36.27,41.41,20705.0,25.88,2544.12,14.17,移出持仓池
2021-01-29,卖出,000301,东方盛虹,石油石化,19,1900,10.4,9.23,17537.0,21.92,-2244.92,-11.25,移出持仓池
2021-01-29,卖出,000615,*ST美谷,美容护理,19,1900,10.4,9.23,17537.0,21.92,-2244.92,-11.25,移出持仓池
2021-01-29,卖出,600176,中国巨石,建筑材料,8,800,24.0,22.53,18024.0,22.53,-1198.53,-6.12,移出持仓池
2021-01-29,买入,920368,连城数控,其他,1,100,178.98,178.98,17898.0,22.37,0.0,0.0,纳入持仓池
2021-01-29,买入,002192,融捷股份,有色金属,3,300,52.0,52.0,15600.0,19.5,0.0,0.0,纳入持仓池
2021-01-29,买入,300763,锦浪科技,电力设备,0,0,209.52,209.52,0,0,0.0,0.0,"资金不足一手（需20,952元，分配20,000元）"
2021-01-29,买入,688598,金博股份,电力设备,0,0,222.73,222.73,0,0,0.0,0.0,"资金不足一手（需44,546元，分配20,000元）"
2021-01-29,买入,002568,百润股份,食品饮料,1,100,119.3,119.3,11930.0,14.91,0.0,0.0,纳入持仓池
2021-01-29,买入,300225,*ST金泰,基础化工,9,900,21.0,21.0,18900.0,23.62,0.0,0.0,纳入持仓池
2021-01-29,买入,600877,电科芯片,电子,14,1400,13.76,13.76,19264.0,24.08,0.0,0.0,纳入持仓池
2021-01-29,买入,002466,天齐锂业,有色金属,3,300,59.95,59.95,17985.0,22.48,0.0,0.0,纳入持仓池
2021-01-29,持有,300274,阳光电源,电力设备,7,700,26.29,104.8,--,--,54957.0,298.63,继续持有
2021-01-29,持有,002176,江特电机,电力设备,38,3800,5.26,6.64,--,--,5244.0,26.24,继续持有
2021-01-29,持有,603486,科沃斯,家用电器,2,200,70.1,110.45,--,--,8070.0,57.56,继续持有
2021-01-29,持有,002759,天际股份,电力设备,7,700,25.41,20.73,--,--,-3276.0,-18.42,继续持有
2021-01-29,持有,600189,泉阳泉,食品饮料,17,1700,11.75,13.24,--,--,2533.0,12.68,继续持有
2021-01-29,持有,603025,大豪科技,机械设备,7,700,27.27,25.2,--,--,-1449.0,-7.59,继续持有
2021-01-29,持有,688169,石头科技,家用电器,--,--,--,1208.0,--,--,0.0,0.0,继续持有
2021-01-29,持有,601633,长城汽车,汽车,8,800,24.57,41.92,--,--,13880.0,70.61,继续持有
2021-01-29,持有,300850,新强联,电力设备,1,100,182.01,167.68,--,--,-1433.0,-7.87,继续持有
2021-01-29,持有,002594,比亚迪,汽车,1,100,159.81,247.0,--,--,8719.0,54.56,继续持有
2021-01-29,持有,603185,弘元绿能,电力设备,2,200,86.71,174.58,--,--,17574.0,101.34,继续持有
2021-01-29,持有,601919,中远海控,交通运输,20,2000,9.92,12.41,--,--,4980.0,25.1,继续持有
2021-01-29,持有,600121,郑州煤电,煤炭,21,2100,9.32,5.53,--,--,-7959.0,-40.67,继续持有
2021-01-29,持有,300313,*ST天山,农林牧渔,10,1000,19.1,14.95,--,--,-4150.0,-21.73,继续持有
2021-01-29,持有,600399,抚顺特钢,钢铁,14,1400,13.65,14.63,--,--,1372.0,7.18,继续持有
2021-01-29,持有,603110,东方材料,基础化工,4,400,41.5,43.09,--,--,636.0,3.83,继续持有
2021-01-29,持有,000799,酒鬼酒,食品饮料,1,100,176.7,177.18,--,--,48.0,0.27,继续持有
2021-01-29,持有,002756,永兴材料,有色金属,3,300,54.22,48.11,--,--,-1833.0,-11.27,继续持有
2021-01-29,持有,603267,鸿远电子,国防军工,1,100,119.66,135.08,--,--,1542.0,12.89,继续持有
2021-01-29,持有,600660,福耀玻璃,汽车,3,300,54.49,59.0,--,--,1353.0,8.28,继续持有
2021-01-29,持有,600346,恒力石化,石油石化,5,500,39.05,38.6,--,--,-225.0,-1.15,继续持有
2021-01-29,持有,002497,雅化集团,基础化工,7,700,25.2,21.98,--,--,-2254.0,-12.78,继续持有
2021-02-10,卖出,601919,中远海控,交通运输,20,2000,9.92,10.87,21740.0,27.18,1872.82,9.58,移出持仓池
2021-02-10,卖出,600121,郑州煤电,煤炭,21,2100,9.32,4.82,10122.0,12.65,-9462.65,-48.28,移出持仓池
2021-02-10,卖出,600399,抚顺特钢,钢铁,14,1400,13.65,15.18,21252.0,26.57,2115.43,11.21,移出持仓池
2021-02-10,卖出,002756,永兴材料,有色金属,3,300,54.22,43.8,13140.0,16.43,-3142.43,-19.22,移出持仓池
2021-02-10,卖出,603267,鸿远电子,国防军工,1,100,119.66,136.01,13601.0,17.0,1618.0,13.66,移出持仓池
2021-02-10,卖出,600660,福耀玻璃,汽车,3,300,54.49,59.98,17994.0,22.49,1624.51,10.08,移出持仓池
2021-02-10,卖出,002568,百润股份,食品饮料,1,100,119.3,139.13,13913.0,17.39,1965.61,16.62,移出持仓池
2021-02-10,卖出,300225,*ST金泰,基础化工,9,900,21.0,22.19,19971.0,24.96,1046.04,5.67,移出持仓池
2021-02-10,卖出,002497,雅化集团,基础化工,7,700,25.2,21.16,14812.0,18.52,-2846.52,-16.03,移出持仓池
2021-02-10,卖出,600877,电科芯片,电子,14,1400,13.76,13.66,19124.0,23.91,-163.91,-0.73,移出持仓池
2021-02-10,卖出,002466,天齐锂业,有色金属,3,300,59.95,51.71,15513.0,19.39,-2491.39,-13.74,移出持仓池
2021-02-10,买入,601015,陕西黑猫,煤炭,20,2000,9.71,9.71,19420.0,24.28,0.0,0.0,纳入持仓池
2021-02-10,买入,000568,泸州老窖,食品饮料,0,0,313.99,313.99,0,0,0.0,0.0,"资金不足一手（需31,399元，分配20,000元）"
2021-02-10,买入,600809,山西汾酒,食品饮料,0,0,443.54,443.54,0,0,0.0,0.0,"资金不足一手（需44,354元，分配20,000元）"
2021-02-10,买入,002612,朗姿股份,纺织服饰,7,700,26.38,26.38,18466.0,23.08,0.0,0.0,纳入持仓池
2021-02-10,买入,002460,赣锋锂业,有色金属,1,100,133.99,133.99,13399.0,16.75,0.0,0.0,纳入持仓池
2021-02-10,买入,688036,传音控股,电子,0,0,249.0,249.0,0,0,0.0,0.0,"资金不足一手（需49,800元，分配20,000元）"
2021-02-10,买入,000301,东方盛虹,石油石化,18,1800,11.0,11.0,19800.0,24.75,0.0,0.0,纳入持仓池
2021-02-10,买入,000615,*ST美谷,美容护理,18,1800,11.0,11.0,19800.0,24.75,0.0,0.0,纳入持仓池
2021-02-10,买入,002648,卫星化学,基础化工,4,400,45.86,45.86,18344.0,22.93,0.0,0.0,纳入持仓池
2021-02-10,买入,002493,荣盛石化,石油石化,4,400,44.1,44.1,17640.0,22.05,0.0,0.0,纳入持仓池
2021-02-10,买入,600702,舍得酒业,食品饮料,2,200,84.88,84.88,16976.0,21.22,0.0,0.0,纳入持仓池
2021-02-10,买入,600031,三一重工,机械设备,4,400,47.93,47.93,19172.0,23.96,0.0,0.0,纳入持仓池
2021-02-10,买入,600132,重庆啤酒,食品饮料,1,100,162.0,162.0,16200.0,20.25,0.0,0.0,纳入持仓池
2021-02-10,持有,300274,阳光电源,电力设备,7,700,26.29,119.09,--,--,64960.0,352.99,继续持有
2021-02-10,持有,002594,比亚迪,汽车,1,100,159.81,266.95,--,--,10714.0,67.04,继续持有
2021-02-10,持有,603486,科沃斯,家用电器,2,200,70.1,122.85,--,--,10550.0,75.25,继续持有
2021-02-10,持有,002759,天际股份,电力设备,7,700,25.41,19.59,--,--,-4074.0,-22.9,继续持有
2021-02-10,持有,688169,石头科技,家用电器,--,--,--,1150.0,--,--,0.0,0.0,继续持有
2021-02-10,持有,002176,江特电机,电力设备,38,3800,5.26,5.38,--,--,456.0,2.28,继续持有
2021-02-10,持有,000799,酒鬼酒,食品饮料,1,100,176.7,186.2,--,--,950.0,5.38,继续持有
2021-02-10,持有,002192,融捷股份,有色金属,3,300,52.0,47.43,--,--,-1371.0,-8.79,继续持有
2021-02-10,持有,920368,连城数控,其他,1,100,178.98,169.98,--,--,-900.0,-5.03,继续持有
2021-02-10,持有,601633,长城汽车,汽车,8,800,24.57,42.46,--,--,14312.0,72.81,继续持有
2021-02-10,持有,603025,大豪科技,机械设备,7,700,27.27,23.26,--,--,-2807.0,-14.7,继续持有
2021-02-10,持有,300313,*ST天山,农林牧渔,10,1000,19.1,14.44,--,--,-4660.0,-24.4,继续持有
2021-02-10,持有,600346,恒力石化,石油石化,5,500,39.05,46.14,--,--,3545.0,18.16,继续持有
2021-02-10,持有,300850,新强联,电力设备,1,100,182.01,153.5,--,--,-2851.0,-15.66,继续持有
2021-02-10,持有,603110,东方材料,基础化工,4,400,41.5,44.05,--,--,1020.0,6.14,继续持有
2021-02-10,持有,603185,弘元绿能,电力设备,2,200,86.71,179.5,--,--,18558.0,107.01,继续持有
2021-02-10,持有,600189,泉阳泉,食品饮料,17,1700,11.75,12.16,--,--,697.0,3.49,继续持有
2021-02-26,卖出,002176,江特电机,电力设备,38,3800,5.26,5.68,21584.0,26.98,1569.02,7.98,移出持仓池
2021-02-26,卖出,000799,酒鬼酒,食品饮料,1,100,176.7,138.2,13820.0,17.28,-3867.28,-21.79,移出持仓池
2021-02-26,卖出,002460,赣锋锂业,有色金属,1,100,133.99,99.02,9902.0,12.38,-3509.38,-26.1,移出持仓池
2021-02-26,卖出,600346,恒力石化,石油石化,5,500,39.05,36.14,18070.0,22.59,-1477.59,-7.45,移出持仓池
2021-02-26,卖出,603185,弘元绿能,电力设备,2,200,86.71,140.71,28142.0,35.18,10764.82,62.28,移出持仓池
2021-02-26,卖出,600189,泉阳泉,食品饮料,17,1700,11.75,10.8,18360.0,22.95,-1637.95,-8.09,移出持仓池
2021-02-26,卖出,002493,荣盛石化,石油石化,4,400,44.1,33.65,13460.0,16.82,-4196.82,-23.7,移出持仓池
2021-02-26,卖出,600702,舍得酒业,食品饮料,2,200,84.88,71.07,14214.0,17.77,-2779.77,-16.27,移出持仓池
2021-02-26,卖出,600031,三一重工,机械设备,4,400,47.93,41.11,16444.0,20.55,-2748.55,-14.23,移出持仓池
2021-02-26,卖出,600132,重庆啤酒,食品饮料,1,100,162.0,120.74,12074.0,15.09,-4141.09,-25.47,移出持仓池
2021-02-26,买入,600392,盛和资源,有色金属,9,900,22.0,22.0,19800.0,24.75,0.0,0.0,纳入持仓池
2021-02-26,买入,300722,新余国科,国防军工,3,300,52.72,52.72,15816.0,19.77,0.0,0.0,纳入持仓池
2021-02-26,买入,000816,智慧农业,其他,54,5400,3.69,3.69,19926.0,24.91,0.0,0.0,纳入持仓池
2021-02-26,买入,601919,中远海控,交通运输,15,1500,12.64,12.64,18960.0,23.7,0.0,0.0,纳入持仓池
2021-02-26,买入,600409,三友化工,基础化工,15,1500,13.01,13.01,19515.0,24.39,0.0,0.0,纳入持仓池
2021-02-26,买入,000488,ST晨鸣,轻工制造,18,1800,11.07,11.07,19926.0,24.91,0.0,0.0,纳入持仓池
2021-02-26,买入,600877,电科芯片,电子,14,1400,13.45,13.45,18830.0,23.54,0.0,0.0,纳入持仓池
2021-02-26,买入,002128,电投能源,煤炭,14,1400,13.45,13.45,18830.0,23.54,0.0,0.0,纳入持仓池
2021-02-26,买入,300442,润泽科技,通信,3,300,50.08,50.08,15024.0,18.78,0.0,0.0,纳入持仓池
2021-02-26,买入,603799,华友钴业,有色金属,2,200,89.34,89.34,17868.0,22.34,0.0,0.0,纳入持仓池
2021-02-26,买入,601127,赛力斯,汽车,10,1000,19.2,19.2,19200.0,24.0,0.0,0.0,纳入持仓池
2021-02-26,买入,688005,容百科技,其他,1,200,60.88,60.88,12176.0,15.22,0.0,0.0,纳入持仓池
2021-02-26,买入,600121,郑州煤电,煤炭,44,4400,4.5,4.5,19800.0,24.75,0.0,0.0,纳入持仓池
2021-02-26,持有,300274,阳光电源,电力设备,7,700,26.29,86.48,--,--,42133.0,228.95,继续持有
2021-02-26,持有,002612,朗姿股份,纺织服饰,7,700,26.38,29.68,--,--,2310.0,12.51,继续持有
2021-02-26,持有,002759,天际股份,电力设备,7,700,25.41,19.49,--,--,-4144.0,-23.3,继续持有
2021-02-26,持有,000301,东方盛虹,石油石化,18,1800,11.0,12.05,--,--,1890.0,9.55,继续持有
2021-02-26,持有,000615,*ST美谷,美容护理,18,1800,11.0,12.05,--,--,1890.0,9.55,继续持有
2021-02-26,持有,603486,科沃斯,家用电器,2,200,70.1,106.15,--,--,7210.0,51.43,继续持有
2021-02-26,持有,603025,大豪科技,机械设备,7,700,27.27,21.09,--,--,-4326.0,-22.66,继续持有
2021-02-26,持有,601015,陕西黑猫,煤炭,20,2000,9.71,8.12,--,--,-3180.0,-16.37,继续持有
2021-02-26,持有,002594,比亚迪,汽车,1,100,159.81,197.27,--,--,3746.0,23.44,继续持有
2021-02-26,持有,688169,石头科技,家用电器,--,--,--,988.0,--,--,0.0,0.0,继续持有
2021-02-26,持有,603110,东方材料,基础化工,4,400,41.5,42.8,--,--,520.0,3.13,继续持有
2021-02-26,持有,300313,*ST天山,农林牧渔,10,1000,19.1,15.12,--,--,-3980.0,-20.84,继续持有
2021-02-26,持有,920368,连城数控,其他,1,100,178.98,148.9,--,--,-3008.0,-16.81,继续持有
2021-02-26,持有,601633,长城汽车,汽车,8,800,24.57,31.37,--,--,5440.0,27.68,继续持有
2021-02-26,持有,300850,新强联,电力设备,1,100,182.01,136.57,--,--,-4544.0,-24.97,继续持有
2021-02-26,持有,002648,卫星化学,基础化工,4,400,45.86,43.61,--,--,-900.0,-4.91,继续持有
2021-02-26,持有,002192,融捷股份,有色金属,3,300,52.0,38.48,--,--,-4056.0,-26.0,继续持有
2021-03-16,卖出,002759,天际股份,电力设备,7,700,25.41,15.57,10899.0,13.62,-6901.62,-38.72,移出持仓池
2021-03-16,卖出,300722,新余国科,国防军工,3,300,52.72,47.11,14133.0,17.67,-1700.67,-10.64,移出持仓池
2021-03-16,卖出,603025,大豪科技,机械设备,7,700,27.27,19.27,13489.0,16.86,-5616.86,-29.34,移出持仓池
2021-03-16,卖出,002594,比亚迪,汽车,1,100,159.81,176.47,17647.0,22.06,1643.94,10.42,移出持仓池
2021-03-16,卖出,603110,东方材料,基础化工,4,400,41.5,36.95,14780.0,18.48,-1838.48,-10.96,移出持仓池
2021-03-16,卖出,300313,*ST天山,农林牧渔,10,1000,19.1,16.17,16170.0,20.21,-2950.21,-15.34,移出持仓池
2021-03-16,卖出,600409,三友化工,基础化工,15,1500,13.01,11.86,17790.0,22.24,-1747.24,-8.84,移出持仓池
2021-03-16,卖出,920368,连城数控,其他,1,100,178.98,154.68,15468.0,19.34,-2449.34,-13.58,移出持仓池
2021-03-16,卖出,601633,长城汽车,汽车,8,800,24.57,29.81,23848.0,29.81,4162.19,21.33,移出持仓池
2021-03-16,卖出,300850,新强联,电力设备,1,100,182.01,118.49,11849.0,14.81,-6366.81,-34.9,移出持仓池
2021-03-16,卖出,000488,ST晨鸣,轻工制造,18,1800,11.07,9.45,17010.0,21.26,-2937.26,-14.63,移出持仓池
2021-03-16,卖出,300442,润泽科技,通信,3,300,50.08,52.11,15633.0,19.54,589.46,4.05,移出持仓池
2021-03-16,卖出,603799,华友钴业,有色金属,2,200,89.34,68.31,13662.0,17.08,-4223.08,-23.54,移出持仓池
2021-03-16,卖出,688005,容百科技,其他,2,200,60.88,55.83,11166.0,13.96,-1023.96,-8.3,移出持仓池
2021-03-16,买入,002176,江特电机,电力设备,33,3300,5.91,5.91,19503.0,24.38,0.0,0.0,纳入持仓池
2021-03-16,买入,603126,中材节能,环保,16,1600,11.85,11.85,18960.0,23.7,0.0,0.0,纳入持仓池
2021-03-16,买入,600744,华银电力,公用事业,34,3400,5.85,5.85,19890.0,24.86,0.0,0.0,纳入持仓池
2021-03-16,买入,002109,ST兴化,基础化工,25,2500,7.77,7.77,19425.0,24.28,0.0,0.0,纳入持仓池
2021-03-16,买入,600707,彩虹股份,电子,19,1900,10.34,10.34,19646.0,24.56,0.0,0.0,纳入持仓池
2021-03-16,买入,002092,中泰化学,基础化工,18,1800,11.01,11.01,19818.0,24.77,0.0,0.0,纳入持仓池
2021-03-16,买入,603128,华贸物流,交通运输,14,1400,14.26,14.26,19964.0,24.96,0.0,0.0,纳入持仓池
2021-03-16,买入,600722,金牛化工,基础化工,22,2200,8.73,8.73,19206.0,24.01,0.0,0.0,纳入持仓池
2021-03-16,买入,002756,永兴材料,有色金属,4,400,40.46,40.46,16184.0,20.23,0.0,0.0,纳入持仓池
2021-03-16,买入,000807,云铝股份,有色金属,16,1600,11.88,11.88,19008.0,23.76,0.0,0.0,纳入持仓池
2021-03-16,买入,601058,赛轮轮胎,其他,22,2200,9.08,9.08,19976.0,24.97,0.0,0.0,纳入持仓池
2021-03-16,买入,600295,鄂尔多斯,钢铁,10,1000,18.97,18.97,18970.0,23.71,0.0,0.0,纳入持仓池
2021-03-16,买入,000933,神火股份,有色金属,18,1800,10.7,10.7,19260.0,24.07,0.0,0.0,纳入持仓池
2021-03-16,买入,601388,怡球资源,有色金属,47,4700,4.2,4.2,19740.0,24.68,0.0,0.0,纳入持仓池
2021-03-16,持有,300274,阳光电源,电力设备,7,700,26.29,70.51,--,--,30954.0,168.2,继续持有
2021-03-16,持有,600121,郑州煤电,煤炭,44,4400,4.5,6.46,--,--,8624.0,43.56,继续持有
2021-03-16,持有,000301,东方盛虹,石油石化,18,1800,11.0,11.58,--,--,1044.0,5.27,继续持有
2021-03-16,持有,000615,*ST美谷,美容护理,18,1800,11.0,11.58,--,--,1044.0,5.27,继续持有
2021-03-16,持有,601015,陕西黑猫,煤炭,20,2000,9.71,7.77,--,--,-3880.0,-19.98,继续持有
2021-03-16,持有,002612,朗姿股份,纺织服饰,7,700,26.38,28.52,--,--,1498.0,8.11,继续持有
2021-03-16,持有,601127,赛力斯,汽车,10,1000,19.2,21.84,--,--,2640.0,13.75,继续持有
2021-03-16,持有,603486,科沃斯,家用电器,2,200,70.1,106.58,--,--,7296.0,52.04,继续持有
2021-03-16,持有,002192,融捷股份,有色金属,3,300,52.0,39.47,--,--,-3759.0,-24.1,继续持有
2021-03-16,持有,600392,盛和资源,有色金属,9,900,22.0,16.71,--,--,-4761.0,-24.05,继续持有
2021-03-16,持有,000816,智慧农业,其他,54,5400,3.69,3.33,--,--,-1944.0,-9.76,继续持有
2021-03-16,持有,601919,中远海控,交通运输,15,1500,12.64,11.41,--,--,-1845.0,-9.73,继续持有
2021-03-16,持有,600877,电科芯片,电子,14,1400,13.45,12.76,--,--,-966.0,-5.13,继续持有
2021-03-16,持有,002128,电投能源,煤炭,14,1400,13.45,12.76,--,--,-966.0,-5.13,继续持有
2021-03-16,持有,002648,卫星化学,基础化工,4,400,45.86,38.86,--,--,-2800.0,-15.26,继续持有
2021-03-16,持有,688169,石头科技,家用电器,--,--,--,998.0,--,--,0.0,0.0,继续持有
2021-03-31,卖出,002109,ST兴化,基础化工,25,2500,7.77,5.05,12625.0,15.78,-6815.78,-35.01,移出持仓池
2021-03-31,卖出,002092,中泰化学,基础化工,18,1800,11.01,9.26,16668.0,20.84,-3170.84,-15.89,移出持仓池
2021-03-31,卖出,603128,华贸物流,交通运输,14,1400,14.26,12.86,18004.0,22.5,-1982.5,-9.82,移出持仓池
2021-03-31,卖出,600722,金牛化工,基础化工,22,2200,8.73,6.6,14520.0,18.15,-4704.15,-24.4,移出持仓池
2021-03-31,卖出,000807,云铝股份,有色金属,16,1600,11.88,9.67,15472.0,19.34,-3555.34,-18.6,移出持仓池
2021-03-31,卖出,600295,鄂尔多斯,钢铁,10,1000,18.97,15.93,15930.0,19.91,-3059.91,-16.03,移出持仓池
2021-03-31,卖出,000933,神火股份,有色金属,18,1800,10.7,9.5,17100.0,21.38,-2181.38,-11.21,移出持仓池
2021-03-31,卖出,600877,电科芯片,电子,14,1400,13.45,12.79,17906.0,22.38,-946.38,-4.91,移出持仓池
2021-03-31,卖出,002128,电投能源,煤炭,14,1400,13.45,12.79,17906.0,22.38,-946.38,-4.91,移出持仓池
2021-03-31,卖出,002648,卫星化学,基础化工,4,400,45.86,37.67,15068.0,18.84,-3294.84,-17.86,移出持仓池
2021-03-31,卖出,601388,怡球资源,有色金属,47,4700,4.2,3.55,16685.0,20.86,-3075.86,-15.48,移出持仓池
2021-03-31,买入,605358,立昂微,电子,2,200,74.05,74.05,14810.0,18.51,0.0,0.0,纳入持仓池
2021-03-31,买入,600499,科达制造,机械设备,18,1800,10.85,10.85,19530.0,24.41,0.0,0.0,纳入持仓池
2021-03-31,买入,300850,新强联,电力设备,1,100,138.01,138.01,13801.0,17.25,0.0,0.0,纳入持仓池
2021-03-31,买入,000626,远大控股,交通运输,11,1100,17.08,17.08,18788.0,23.48,0.0,0.0,纳入持仓池
2021-03-31,买入,002658,雪迪龙,环保,14,1400,13.67,13.67,19138.0,23.92,0.0,0.0,纳入持仓池
2021-03-31,买入,603025,大豪科技,机械设备,9,900,20.84,20.84,18756.0,23.45,0.0,0.0,纳入持仓池
2021-03-31,买入,000966,长源电力,公用事业,24,2400,8.31,8.31,19944.0,24.93,0.0,0.0,纳入持仓池
2021-03-31,买入,688036,传音控股,电子,0,0,209.38,209.38,0,0,0.0,0.0,"资金不足一手（需41,876元，分配20,000元）"
2021-03-31,买入,600189,泉阳泉,食品饮料,16,1600,12.07,12.07,19312.0,24.14,0.0,0.0,纳入持仓池
2021-03-31,买入,003006,百亚股份,美容护理,9,900,21.71,21.71,19539.0,24.42,0.0,0.0,纳入持仓池
2021-03-31,买入,002501,*ST利源,有色金属,61,6100,3.23,3.23,19703.0,24.63,0.0,0.0,纳入持仓池
2021-03-31,买入,000027,深圳能源,公用事业,17,1700,11.22,11.22,19074.0,23.84,0.0,0.0,纳入持仓池
2021-03-31,持有,002612,朗姿股份,纺织服饰,7,700,26.38,36.7,--,--,7224.0,39.12,继续持有
2021-03-31,持有,002176,江特电机,电力设备,33,3300,5.91,7.08,--,--,3861.0,19.8,继续持有
2021-03-31,持有,002192,融捷股份,有色金属,3,300,52.0,53.37,--,--,411.0,2.63,继续持有
2021-03-31,持有,603486,科沃斯,家用电器,2,200,70.1,136.5,--,--,13280.0,94.72,继续持有
2021-03-31,持有,300274,阳光电源,电力设备,7,700,26.29,71.78,--,--,31843.0,173.03,继续持有
2021-03-31,持有,600121,郑州煤电,煤炭,44,4400,4.5,5.39,--,--,3916.0,19.78,继续持有
2021-03-31,持有,600707,彩虹股份,电子,19,1900,10.34,11.23,--,--,1691.0,8.61,继续持有
2021-03-31,持有,601127,赛力斯,汽车,10,1000,19.2,23.25,--,--,4050.0,21.09,继续持有
2021-03-31,持有,002756,永兴材料,有色金属,4,400,40.46,46.44,--,--,2392.0,14.78,继续持有
2021-03-31,持有,000301,东方盛虹,石油石化,18,1800,11.0,11.04,--,--,72.0,0.36,继续持有
2021-03-31,持有,000615,*ST美谷,美容护理,18,1800,11.0,11.04,--,--,72.0,0.36,继续持有
2021-03-31,持有,600392,盛和资源,有色金属,9,900,22.0,17.43,--,--,-4113.0,-20.77,继续持有
2021-03-31,持有,600744,华银电力,公用事业,34,3400,5.85,5.87,--,--,68.0,0.34,继续持有
2021-03-31,持有,601919,中远海控,交通运输,15,1500,12.64,13.52,--,--,1320.0,6.96,继续持有
2021-03-31,持有,601015,陕西黑猫,煤炭,20,2000,9.71,6.62,--,--,-6180.0,-31.82,继续持有
2021-03-31,持有,603126,中材节能,环保,16,1600,11.85,10.32,--,--,-2448.0,-12.91,继续持有
2021-03-31,持有,000816,智慧农业,其他,54,5400,3.69,3.13,--,--,-3024.0,-15.18,继续持有
2021-03-31,持有,601058,赛轮轮胎,其他,22,2200,9.08,9.03,--,--,-110.0,-0.55,继续持有
2021-04-16,卖出,300274,阳光电源,电力设备,7,700,26.29,66.06,46242.0,57.8,27781.2,151.27,移出持仓池
2021-04-16,卖出,300850,新强联,电力设备,1,100,138.01,126.3,12630.0,15.79,-1186.79,-8.48,移出持仓池
2021-04-16,卖出,002658,雪迪龙,环保,14,1400,13.67,9.36,13104.0,16.38,-6050.38,-31.53,移出持仓池
2021-04-16,卖出,603126,中材节能,环保,16,1600,11.85,10.18,16288.0,20.36,-2692.36,-14.09,移出持仓池
2021-04-16,卖出,000816,智慧农业,其他,54,5400,3.69,3.17,17118.0,21.4,-2829.4,-14.09,移出持仓池
2021-04-16,卖出,600189,泉阳泉,食品饮料,16,1600,12.07,11.72,18752.0,23.44,-583.44,-2.9,移出持仓池
2021-04-16,卖出,003006,百亚股份,美容护理,9,900,21.71,22.35,20115.0,25.14,550.86,2.95,移出持仓池
2021-04-16,卖出,601058,赛轮轮胎,其他,22,2200,9.08,9.98,21956.0,27.45,1952.55,9.91,移出持仓池
2021-04-16,卖出,000027,深圳能源,公用事业,17,1700,11.22,9.39,15963.0,19.95,-3130.95,-16.31,移出持仓池
2021-04-16,买入,605111,新洁能,电子,1,100,193.0,193.0,19300.0,24.12,0.0,0.0,纳入持仓池
2021-04-16,买入,600702,舍得酒业,食品饮料,1,100,108.06,108.06,10806.0,13.51,0.0,0.0,纳入持仓池
2021-04-16,买入,000980,众泰汽车,其他,49,4900,4.08,4.08,19992.0,24.99,0.0,0.0,纳入持仓池
2021-04-16,买入,600877,电科芯片,电子,12,1200,15.79,15.79,18948.0,23.68,0.0,0.0,纳入持仓池
2021-04-16,买入,002128,电投能源,煤炭,12,1200,15.79,15.79,18948.0,23.68,0.0,0.0,纳入持仓池
2021-04-16,买入,002762,*ST金比,纺织服饰,13,1300,15.22,15.22,19786.0,24.73,0.0,0.0,纳入持仓池
2021-04-16,买入,688068,热景生物,其他,0,0,120.34,120.34,0,0,0.0,0.0,"资金不足一手（需24,068元，分配20,000元）"
2021-04-16,买入,600280,中央商场,商贸零售,46,4600,4.34,4.34,19964.0,24.96,0.0,0.0,纳入持仓池
2021-04-16,买入,000933,神火股份,有色金属,18,1800,11.05,11.05,19890.0,24.86,0.0,0.0,纳入持仓池
2021-04-16,买入,600238,*ST椰岛,食品饮料,19,1900,10.04,10.04,19076.0,23.84,0.0,0.0,纳入持仓池
2021-04-16,持有,002612,朗姿股份,纺织服饰,7,700,26.38,37.69,--,--,7917.0,42.87,继续持有
2021-04-16,持有,002176,江特电机,电力设备,33,3300,5.91,6.88,--,--,3201.0,16.41,继续持有
2021-04-16,持有,002192,融捷股份,有色金属,3,300,52.0,53.5,--,--,450.0,2.88,继续持有
2021-04-16,持有,601127,赛力斯,汽车,10,1000,19.2,29.0,--,--,9800.0,51.04,继续持有
2021-04-16,持有,000301,东方盛虹,石油石化,18,1800,11.0,11.47,--,--,846.0,4.27,继续持有
2021-04-16,持有,000615,*ST美谷,美容护理,18,1800,11.0,11.47,--,--,846.0,4.27,继续持有
2021-04-16,持有,002756,永兴材料,有色金属,4,400,40.46,49.94,--,--,3792.0,23.43,继续持有
2021-04-16,持有,000966,长源电力,公用事业,24,2400,8.31,10.62,--,--,5544.0,27.8,继续持有
2021-04-16,持有,600121,郑州煤电,煤炭,44,4400,4.5,5.76,--,--,5544.0,28.0,继续持有
2021-04-16,持有,600707,彩虹股份,电子,19,1900,10.34,10.84,--,--,950.0,4.84,继续持有
2021-04-16,持有,000626,远大控股,交通运输,11,1100,17.08,17.75,--,--,737.0,3.92,继续持有
2021-04-16,持有,601919,中远海控,交通运输,15,1500,12.64,15.02,--,--,3570.0,18.83,继续持有
2021-04-16,持有,603486,科沃斯,家用电器,2,200,70.1,120.83,--,--,10146.0,72.37,继续持有
2021-04-16,持有,600499,科达制造,机械设备,18,1800,10.85,9.75,--,--,-1980.0,-10.14,继续持有
2021-04-16,持有,603025,大豪科技,机械设备,9,900,20.84,20.82,--,--,-18.0,-0.1,继续持有
2021-04-16,持有,601015,陕西黑猫,煤炭,20,2000,9.71,6.73,--,--,-5960.0,-30.69,继续持有
2021-04-16,持有,605358,立昂微,电子,2,200,74.05,82.05,--,--,1600.0,10.8,继续持有
2021-04-16,持有,002501,*ST利源,有色金属,61,6100,3.23,3.38,--,--,915.0,4.64,继续持有
2021-04-16,持有,600744,华银电力,公用事业,34,3400,5.85,5.86,--,--,34.0,0.17,继续持有
2021-04-16,持有,600392,盛和资源,有色金属,9,900,22.0,15.77,--,--,-5607.0,-28.32,继续持有
2021-04-30,卖出,605111,新洁能,电子,1,100,193.0,192.65,19265.0,24.08,-59.08,-0.18,移出持仓池
2021-04-30,卖出,000966,长源电力,公用事业,24,2400,8.31,8.65,20760.0,25.95,790.05,4.09,移出持仓池
2021-04-30,卖出,000626,远大控股,交通运输,11,1100,17.08,17.49,19239.0,24.05,426.95,2.4,移出持仓池
2021-04-30,卖出,600280,中央商场,商贸零售,46,4600,4.34,4.1,18860.0,23.57,-1127.57,-5.53,移出持仓池
2021-04-30,卖出,000933,神火股份,有色金属,18,1800,11.05,11.1,19980.0,24.98,65.02,0.45,移出持仓池
2021-04-30,卖出,605358,立昂微,电子,2,200,74.05,80.26,16052.0,20.07,1221.93,8.39,移出持仓池
2021-04-30,卖出,002501,*ST利源,有色金属,61,6100,3.23,3.28,20008.0,25.01,279.99,1.55,移出持仓池
2021-04-30,卖出,600744,华银电力,公用事业,34,3400,5.85,4.71,16014.0,20.02,-3896.02,-19.49,移出持仓池
2021-04-30,买入,000820,*ST节能,环保,53,5300,3.73,3.73,19769.0,24.71,0.0,0.0,纳入持仓池
2021-04-30,买入,300274,阳光电源,电力设备,2,200,89.9,89.9,17980.0,22.48,0.0,0.0,纳入持仓池
2021-04-30,买入,000928,中钢国际,建筑装饰,19,1900,10.45,10.45,19855.0,24.82,0.0,0.0,纳入持仓池
2021-04-30,买入,600460,士兰微,电子,5,500,36.01,36.01,18005.0,22.51,0.0,0.0,纳入持仓池
2021-04-30,买入,002378,章源钨业,有色金属,17,1700,11.35,11.35,19295.0,24.12,0.0,0.0,纳入持仓池
2021-04-30,买入,600746,江苏索普,基础化工,13,1300,14.51,14.51,18863.0,23.58,0.0,0.0,纳入持仓池
2021-04-30,买入,000516,国际医学,医药生物,12,1200,16.22,16.22,19464.0,24.33,0.0,0.0,纳入持仓池
2021-04-30,买入,002466,天齐锂业,有色金属,4,400,48.38,48.38,19352.0,24.19,0.0,0.0,纳入持仓池
2021-04-30,持有,002612,朗姿股份,纺织服饰,7,700,26.38,55.4,--,--,20314.0,110.01,继续持有
2021-04-30,持有,601127,赛力斯,汽车,10,1000,19.2,48.46,--,--,29260.0,152.4,继续持有
2021-04-30,持有,000301,东方盛虹,石油石化,18,1800,11.0,20.98,--,--,17964.0,90.73,继续持有
2021-04-30,持有,000615,*ST美谷,美容护理,18,1800,11.0,20.98,--,--,17964.0,90.73,继续持有
2021-04-30,持有,688068,热景生物,其他,--,--,--,225.5,--,--,0.0,0.0,继续持有
2021-04-30,持有,002176,江特电机,电力设备,33,3300,5.91,7.33,--,--,4686.0,24.03,继续持有
2021-04-30,持有,002192,融捷股份,有色金属,3,300,52.0,67.95,--,--,4785.0,30.67,继续持有
2021-04-30,持有,600499,科达制造,机械设备,18,1800,10.85,13.2,--,--,4230.0,21.66,继续持有
2021-04-30,持有,000980,众泰汽车,其他,49,4900,4.08,4.55,--,--,2303.0,11.52,继续持有
2021-04-30,持有,600702,舍得酒业,食品饮料,1,100,108.06,127.05,--,--,1899.0,17.57,继续持有
2021-04-30,持有,002756,永兴材料,有色金属,4,400,40.46,59.15,--,--,7476.0,46.19,继续持有
2021-04-30,持有,601919,中远海控,交通运输,15,1500,12.64,18.28,--,--,8460.0,44.62,继续持有
2021-04-30,持有,600238,*ST椰岛,食品饮料,19,1900,10.04,14.49,--,--,8455.0,44.32,继续持有
2021-04-30,持有,600877,电科芯片,电子,12,1200,15.79,16.83,--,--,1248.0,6.59,继续持有
2021-04-30,持有,002128,电投能源,煤炭,12,1200,15.79,16.83,--,--,1248.0,6.59,继续持有
2021-04-30,持有,603486,科沃斯,家用电器,2,200,70.1,164.01,--,--,18782.0,133.97,继续持有
2021-04-30,持有,603025,大豪科技,机械设备,9,900,20.84,23.32,--,--,2232.0,11.9,继续持有
2021-04-30,持有,601015,陕西黑猫,煤炭,20,2000,9.71,7.71,--,--,-4000.0,-20.6,继续持有
2021-04-30,持有,002762,*ST金比,纺织服饰,13,1300,15.22,15.3,--,--,104.0,0.53,继续持有
2021-04-30,持有,600707,彩虹股份,电子,19,1900,10.34,10.95,--,--,1159.0,5.9,继续持有
2021-04-30,持有,600392,盛和资源,有色金属,9,900,22.0,16.54,--,--,-4914.0,-24.82,继续持有
2021-04-30,持有,600121,郑州煤电,煤炭,44,4400,4.5,5.06,--,--,2464.0,12.44,继续持有
2021-05-19,卖出,600238,*ST椰岛,食品饮料,19,1900,10.04,13.2,25080.0,31.35,5972.65,31.47,移出持仓池
2021-05-19,卖出,300274,阳光电源,电力设备,2,200,89.9,89.6,17920.0,22.4,-82.4,-0.33,移出持仓池
2021-05-19,卖出,601015,陕西黑猫,煤炭,20,2000,9.71,8.33,16660.0,20.82,-2780.82,-14.21,移出持仓池
2021-05-19,卖出,002378,章源钨业,有色金属,17,1700,11.35,11.8,20060.0,25.07,739.93,3.96,移出持仓池
2021-05-19,卖出,600392,盛和资源,有色金属,9,900,22.0,16.66,14994.0,18.74,-4824.74,-24.27,移出持仓池
2021-05-19,卖出,600746,江苏索普,基础化工,13,1300,14.51,13.12,17056.0,21.32,-1828.32,-9.58,移出持仓池
2021-05-19,卖出,000516,国际医学,医药生物,12,1200,16.22,17.4,20880.0,26.1,1389.9,7.27,移出持仓池
2021-05-19,卖出,002466,天齐锂业,有色金属,4,400,48.38,51.58,20632.0,25.79,1254.21,6.61,移出持仓池
2021-05-19,买入,603518,锦泓集团,纺织服饰,9,900,20.82,20.82,18738.0,23.42,0.0,0.0,纳入持仓池
2021-05-19,买入,600744,华银电力,公用事业,26,2600,7.54,7.54,19604.0,24.5,0.0,0.0,纳入持仓池
2021-05-19,买入,000966,长源电力,公用事业,18,1800,10.74,10.74,19332.0,24.16,0.0,0.0,纳入持仓池
2021-05-19,买入,000718,苏宁环球,房地产,23,2300,8.46,8.46,19458.0,24.32,0.0,0.0,纳入持仓池
2021-05-19,买入,688202,美迪西,医药生物,0,0,424.0,424.0,0,0,0.0,0.0,"资金不足一手（需84,800元，分配20,000元）"
2021-05-19,买入,600733,北汽蓝谷,汽车,11,1100,18.06,18.06,19866.0,24.83,0.0,0.0,纳入持仓池
2021-05-19,买入,603098,森特股份,建筑装饰,8,800,24.15,24.15,19320.0,24.15,0.0,0.0,纳入持仓池
2021-05-19,买入,002172,澳洋健康,医药生物,30,3000,6.63,6.63,19890.0,24.86,0.0,0.0,纳入持仓池
2021-05-19,买入,600696,*ST岩石,食品饮料,9,900,20.88,20.88,18792.0,23.49,0.0,0.0,纳入持仓池
2021-05-19,持有,601127,赛力斯,汽车,10,1000,19.2,64.03,--,--,44830.0,233.49,继续持有
2021-05-19,持有,000301,东方盛虹,石油石化,18,1800,11.0,24.55,--,--,24390.0,123.18,继续持有
2021-05-19,持有,000615,*ST美谷,美容护理,18,1800,11.0,24.55,--,--,24390.0,123.18,继续持有
2021-05-19,持有,002612,朗姿股份,纺织服饰,7,700,26.38,58.32,--,--,22358.0,121.08,继续持有
2021-05-19,持有,002176,江特电机,电力设备,33,3300,5.91,9.15,--,--,10692.0,54.82,继续持有
2021-05-19,持有,000980,众泰汽车,其他,49,4900,4.08,5.49,--,--,6909.0,34.56,继续持有
2021-05-19,持有,688068,热景生物,其他,--,--,--,164.3,--,--,0.0,0.0,继续持有
2021-05-19,持有,600499,科达制造,机械设备,18,1800,10.85,16.03,--,--,9324.0,47.74,继续持有
2021-05-19,持有,002192,融捷股份,有色金属,3,300,52.0,77.13,--,--,7539.0,48.33,继续持有
2021-05-19,持有,603025,大豪科技,机械设备,9,900,20.84,27.51,--,--,6003.0,32.01,继续持有
2021-05-19,持有,600702,舍得酒业,食品饮料,1,100,108.06,156.08,--,--,4802.0,44.44,继续持有
2021-05-19,持有,002756,永兴材料,有色金属,4,400,40.46,63.8,--,--,9336.0,57.69,继续持有
2021-05-19,持有,601919,中远海控,交通运输,15,1500,12.64,21.87,--,--,13845.0,73.02,继续持有
2021-05-19,持有,600707,彩虹股份,电子,19,1900,10.34,11.9,--,--,2964.0,15.09,继续持有
2021-05-19,持有,002762,*ST金比,纺织服饰,13,1300,15.22,16.33,--,--,1443.0,7.29,继续持有
2021-05-19,持有,000928,中钢国际,建筑装饰,19,1900,10.45,11.3,--,--,1615.0,8.13,继续持有
2021-05-19,持有,600877,电科芯片,电子,12,1200,15.79,16.2,--,--,492.0,2.6,继续持有
2021-05-19,持有,002128,电投能源,煤炭,12,1200,15.79,16.2,--,--,492.0,2.6,继续持有
2021-05-19,持有,600460,士兰微,电子,5,500,36.01,38.25,--,--,1120.0,6.22,继续持有
2021-05-19,持有,603486,科沃斯,家用电器,2,200,70.1,161.7,--,--,18320.0,130.67,继续持有
2021-05-19,持有,600121,郑州煤电,煤炭,44,4400,4.5,5.72,--,--,5368.0,27.11,继续持有
2021-05-31,卖出,002756,永兴材料,有色金属,4,400,40.46,61.2,24480.0,30.6,8265.4,51.26,移出持仓池
2021-05-31,卖出,601919,中远海控,交通运输,15,1500,12.64,21.37,32055.0,40.07,13054.93,69.07,移出持仓池
2021-05-31,卖出,600707,彩虹股份,电子,19,1900,10.34,10.47,19893.0,24.87,222.13,1.26,移出持仓池
2021-05-31,卖出,600733,北汽蓝谷,汽车,11,1100,18.06,16.02,17622.0,22.03,-2266.03,-11.3,移出持仓池
2021-05-31,卖出,002172,澳洋健康,医药生物,30,3000,6.63,6.58,19740.0,24.68,-174.68,-0.75,移出持仓池
2021-05-31,卖出,600121,郑州煤电,煤炭,44,4400,4.5,5.67,24948.0,31.19,5116.81,26.0,移出持仓池
2021-05-31,买入,000820,*ST节能,环保,46,4600,4.28,4.28,19688.0,24.61,0.0,0.0,纳入持仓池
2021-05-31,买入,600238,*ST椰岛,食品饮料,10,1000,19.99,19.99,19990.0,24.99,0.0,0.0,纳入持仓池
2021-05-31,买入,688005,容百科技,其他,0,0,109.78,109.78,0,0,0.0,0.0,"资金不足一手（需21,956元，分配20,000元）"
2021-05-31,买入,600610,中毅达,其他,18,1800,11.1,11.1,19980.0,24.98,0.0,0.0,纳入持仓池
2021-05-31,买入,600753,*ST海钦,交通运输,4,400,40.13,40.13,16052.0,20.07,0.0,0.0,纳入持仓池
2021-05-31,买入,000155,川能动力,公用事业,9,900,20.78,20.78,18702.0,23.38,0.0,0.0,纳入持仓池
2021-05-31,持有,000301,东方盛虹,石油石化,18,1800,11.0,28.74,--,--,31932.0,161.27,继续持有
2021-05-31,持有,000615,*ST美谷,美容护理,18,1800,11.0,28.74,--,--,31932.0,161.27,继续持有
2021-05-31,持有,002612,朗姿股份,纺织服饰,7,700,26.38,69.55,--,--,30219.0,163.65,继续持有
2021-05-31,持有,603025,大豪科技,机械设备,9,900,20.84,42.0,--,--,19044.0,101.54,继续持有
2021-05-31,持有,688068,热景生物,其他,--,--,--,183.46,--,--,0.0,0.0,继续持有
2021-05-31,持有,603518,锦泓集团,纺织服饰,9,900,20.82,22.8,--,--,1782.0,9.51,继续持有
2021-05-31,持有,000966,长源电力,公用事业,18,1800,10.74,13.6,--,--,5148.0,26.63,继续持有
2021-05-31,持有,601127,赛力斯,汽车,10,1000,19.2,60.01,--,--,40810.0,212.55,继续持有
2021-05-31,持有,000980,众泰汽车,其他,49,4900,4.08,5.54,--,--,7154.0,35.78,继续持有
2021-05-31,持有,002176,江特电机,电力设备,33,3300,5.91,8.43,--,--,8316.0,42.64,继续持有
2021-05-31,持有,000718,苏宁环球,房地产,23,2300,8.46,11.09,--,--,6049.0,31.09,继续持有
2021-05-31,持有,600744,华银电力,公用事业,26,2600,7.54,9.45,--,--,4966.0,25.33,继续持有
2021-05-31,持有,600499,科达制造,机械设备,18,1800,10.85,16.07,--,--,9396.0,48.11,继续持有
2021-05-31,持有,600696,*ST岩石,食品饮料,9,900,20.88,28.42,--,--,6786.0,36.11,继续持有
2021-05-31,持有,002762,*ST金比,纺织服饰,13,1300,15.22,18.33,--,--,4043.0,20.43,继续持有
2021-05-31,持有,600702,舍得酒业,食品饮料,1,100,108.06,195.13,--,--,8707.0,80.58,继续持有
2021-05-31,持有,688202,美迪西,医药生物,--,--,--,452.69,--,--,0.0,0.0,继续持有
2021-05-31,持有,002192,融捷股份,有色金属,3,300,52.0,75.51,--,--,7053.0,45.21,继续持有
2021-05-31,持有,603486,科沃斯,家用电器,2,200,70.1,182.37,--,--,22454.0,160.16,继续持有
2021-05-31,持有,600460,士兰微,电子,5,500,36.01,39.59,--,--,1790.0,9.94,继续持有
2021-05-31,持有,000928,中钢国际,建筑装饰,19,1900,10.45,11.18,--,--,1387.0,6.99,继续持有
2021-05-31,持有,600877,电科芯片,电子,12,1200,15.79,16.36,--,--,684.0,3.61,继续持有
2021-05-31,持有,002128,电投能源,煤炭,12,1200,15.79,16.36,--,--,684.0,3.61,继续持有
2021-05-31,持有,603098,森特股份,建筑装饰,8,800,24.15,23.95,--,--,-160.0,-0.83,继续持有
2021-06-16,卖出,600499,科达制造,机械设备,18,1800,10.85,12.51,22518.0,28.15,2959.85,15.3,移出持仓池
2021-06-16,卖出,002192,融捷股份,有色金属,3,300,52.0,61.66,18498.0,23.12,2874.88,18.58,移出持仓池
2021-06-16,卖出,600753,*ST海钦,交通运输,4,400,40.13,35.35,14140.0,17.68,-1929.68,-11.91,移出持仓池
2021-06-16,卖出,600460,士兰微,电子,5,500,36.01,42.33,21165.0,26.46,3133.54,17.55,移出持仓池
2021-06-16,卖出,000928,中钢国际,建筑装饰,19,1900,10.45,9.16,17404.0,21.75,-2472.75,-12.34,移出持仓池
2021-06-16,卖出,600877,电科芯片,电子,12,1200,15.79,15.3,18360.0,22.95,-610.95,-3.1,移出持仓池
2021-06-16,卖出,002128,电投能源,煤炭,12,1200,15.79,15.3,18360.0,22.95,-610.95,-3.1,移出持仓池
2021-06-16,买入,300339,润和软件,计算机,4,400,42.0,42.0,16800.0,21.0,0.0,0.0,纳入持仓池
2021-06-16,买入,605376,博迁新材,有色金属,3,300,65.97,65.97,19791.0,24.74,0.0,0.0,纳入持仓池
2021-06-16,买入,601919,中远海控,交通运输,8,800,24.75,24.75,19800.0,24.75,0.0,0.0,纳入持仓池
2021-06-16,买入,601015,陕西黑猫,煤炭,19,1900,10.08,10.08,19152.0,23.94,0.0,0.0,纳入持仓池
2021-06-16,买入,000408,藏格矿业,有色金属,9,900,20.06,20.06,18054.0,22.57,0.0,0.0,纳入持仓池
2021-06-16,买入,000663,永安林业,农林牧渔,20,2000,9.77,9.77,19540.0,24.43,0.0,0.0,纳入持仓池
2021-06-16,买入,600096,云天化,基础化工,14,1400,13.6,13.6,19040.0,23.8,0.0,0.0,纳入持仓池
2021-06-16,买入,300363,博腾股份,医药生物,2,200,81.39,81.39,16278.0,20.35,0.0,0.0,纳入持仓池
2021-06-16,持有,600238,*ST椰岛,食品饮料,10,1000,19.99,28.67,--,--,8680.0,43.42,继续持有
2021-06-16,持有,688068,热景生物,其他,--,--,--,151.88,--,--,0.0,0.0,继续持有
2021-06-16,持有,000980,众泰汽车,其他,49,4900,4.08,5.91,--,--,8967.0,44.85,继续持有
2021-06-16,持有,601127,赛力斯,汽车,10,1000,19.2,63.48,--,--,44280.0,230.62,继续持有
2021-06-16,持有,000301,东方盛虹,石油石化,18,1800,11.0,20.69,--,--,17442.0,88.09,继续持有
2021-06-16,持有,000615,*ST美谷,美容护理,18,1800,11.0,20.69,--,--,17442.0,88.09,继续持有
2021-06-16,持有,603025,大豪科技,机械设备,9,900,20.84,35.0,--,--,12744.0,67.95,继续持有
2021-06-16,持有,000820,*ST节能,环保,46,4600,4.28,4.13,--,--,-690.0,-3.5,继续持有
2021-06-16,持有,688202,美迪西,医药生物,--,--,--,506.88,--,--,0.0,0.0,继续持有
2021-06-16,持有,600702,舍得酒业,食品饮料,1,100,108.06,225.15,--,--,11709.0,108.36,继续持有
2021-06-16,持有,603518,锦泓集团,纺织服饰,9,900,20.82,18.25,--,--,-2313.0,-12.34,继续持有
2021-06-16,持有,600744,华银电力,公用事业,26,2600,7.54,8.42,--,--,2288.0,11.67,继续持有
2021-06-16,持有,603486,科沃斯,家用电器,2,200,70.1,188.7,--,--,23720.0,169.19,继续持有
2021-06-16,持有,000966,长源电力,公用事业,18,1800,10.74,10.43,--,--,-558.0,-2.89,继续持有
2021-06-16,持有,002612,朗姿股份,纺织服饰,7,700,26.38,43.17,--,--,11753.0,63.65,继续持有
2021-06-16,持有,603098,森特股份,建筑装饰,8,800,24.15,25.2,--,--,840.0,4.35,继续持有
2021-06-16,持有,000155,川能动力,公用事业,9,900,20.78,20.06,--,--,-648.0,-3.46,继续持有
2021-06-16,持有,688005,容百科技,其他,--,--,--,95.0,--,--,0.0,0.0,继续持有
2021-06-16,持有,002762,*ST金比,纺织服饰,13,1300,15.22,14.1,--,--,-1456.0,-7.36,继续持有
2021-06-16,持有,600610,中毅达,其他,18,1800,11.1,11.1,--,--,0.0,0.0,继续持有
2021-06-16,持有,002176,江特电机,电力设备,33,3300,5.91,7.38,--,--,4851.0,24.87,继续持有
2021-06-16,持有,000718,苏宁环球,房地产,23,2300,8.46,7.61,--,--,-1955.0,-10.05,继续持有
2021-06-30,卖出,605376,博迁新材,有色金属,3,300,65.97,73.88,22164.0,27.71,2345.29,11.99,移出持仓池
2021-06-30,卖出,603025,大豪科技,机械设备,9,900,20.84,38.42,34578.0,43.22,15778.78,84.36,移出持仓池
2021-06-30,卖出,600702,舍得酒业,食品饮料,1,100,108.06,213.78,21378.0,26.72,10545.28,97.83,移出持仓池
2021-06-30,卖出,600744,华银电力,公用事业,26,2600,7.54,7.87,20462.0,25.58,832.42,4.38,移出持仓池
2021-06-30,卖出,002612,朗姿股份,纺织服饰,7,700,26.38,54.02,37814.0,47.27,19300.73,104.78,移出持仓池
2021-06-30,卖出,600610,中毅达,其他,18,1800,11.1,11.65,20970.0,26.21,963.79,4.95,移出持仓池
2021-06-30,卖出,600096,云天化,基础化工,14,1400,13.6,14.04,19656.0,24.57,591.43,3.24,移出持仓池
2021-06-30,卖出,300363,博腾股份,医药生物,2,200,81.39,84.12,16824.0,21.03,524.97,3.35,移出持仓池
2021-06-30,卖出,002176,江特电机,电力设备,33,3300,5.91,7.69,25377.0,31.72,5842.28,30.12,移出持仓池
2021-06-30,卖出,000718,苏宁环球,房地产,23,2300,8.46,8.29,19067.0,23.83,-414.83,-2.01,移出持仓池
2021-06-30,买入,688699,明微电子,其他,0,0,285.32,285.32,0,0,0.0,0.0,"资金不足一手（需57,064元，分配20,000元）"
2021-06-30,买入,600696,*ST岩石,食品饮料,4,400,44.46,44.46,17784.0,22.23,0.0,0.0,纳入持仓池
2021-06-30,买入,003026,中晶科技,电子,2,200,94.11,94.11,18822.0,23.53,0.0,0.0,纳入持仓池
2021-06-30,买入,688356,键凯科技,医药生物,0,0,328.5,328.5,0,0,0.0,0.0,"资金不足一手（需65,700元，分配20,000元）"
2021-06-30,买入,300671,富满微,电子,1,100,131.64,131.64,13164.0,16.46,0.0,0.0,纳入持仓池
2021-06-30,买入,603026,石大胜华,电力设备,1,100,162.05,162.05,16205.0,20.26,0.0,0.0,纳入持仓池
2021-06-30,买入,601567,三星电气,电力设备,9,900,21.3,21.3,19170.0,23.96,0.0,0.0,纳入持仓池
2021-06-30,买入,002356,赫美集团,商贸零售,59,5900,3.38,3.38,19942.0,24.93,0.0,0.0,纳入持仓池
2021-06-30,买入,300672,国科微,电子,1,100,113.53,113.53,11353.0,14.19,0.0,0.0,纳入持仓池
2021-06-30,买入,000949,新乡化纤,基础化工,23,2300,8.47,8.47,19481.0,24.35,0.0,0.0,纳入持仓池
2021-06-30,买入,600963,岳阳林纸,轻工制造,18,1800,10.57,10.57,19026.0,23.78,0.0,0.0,纳入持仓池
2021-06-30,买入,002155,湖南黄金,有色金属,18,1800,10.57,10.57,19026.0,23.78,0.0,0.0,纳入持仓池
2021-06-30,持有,688068,热景生物,其他,--,--,--,189.0,--,--,0.0,0.0,继续持有
2021-06-30,持有,000980,众泰汽车,其他,49,4900,4.08,7.13,--,--,14945.0,74.75,继续持有
2021-06-30,持有,603518,锦泓集团,纺织服饰,9,900,20.82,24.68,--,--,3474.0,18.54,继续持有
2021-06-30,持有,300339,润和软件,计算机,4,400,42.0,43.36,--,--,544.0,3.24,继续持有
2021-06-30,持有,603098,森特股份,建筑装饰,8,800,24.15,38.9,--,--,11800.0,61.08,继续持有
2021-06-30,持有,601127,赛力斯,汽车,10,1000,19.2,66.67,--,--,47470.0,247.24,继续持有
2021-06-30,持有,600238,*ST椰岛,食品饮料,10,1000,19.99,26.28,--,--,6290.0,31.47,继续持有
2021-06-30,持有,601919,中远海控,交通运输,8,800,24.75,30.54,--,--,4632.0,23.39,继续持有
2021-06-30,持有,603486,科沃斯,家用电器,2,200,70.1,228.08,--,--,31596.0,225.36,继续持有
2021-06-30,持有,000301,东方盛虹,石油石化,18,1800,11.0,22.0,--,--,19800.0,100.0,继续持有
2021-06-30,持有,000615,*ST美谷,美容护理,18,1800,11.0,22.0,--,--,19800.0,100.0,继续持有
2021-06-30,持有,688202,美迪西,医药生物,--,--,--,519.9,--,--,0.0,0.0,继续持有
2021-06-30,持有,000820,*ST节能,环保,46,4600,4.28,3.44,--,--,-3864.0,-19.63,继续持有
2021-06-30,持有,000663,永安林业,农林牧渔,20,2000,9.77,12.05,--,--,4560.0,23.34,继续持有
2021-06-30,持有,000155,川能动力,公用事业,9,900,20.78,22.33,--,--,1395.0,7.46,继续持有
2021-06-30,持有,000408,藏格矿业,有色金属,9,900,20.06,22.33,--,--,2043.0,11.32,继续持有
2021-06-30,持有,000966,长源电力,公用事业,18,1800,10.74,11.2,--,--,828.0,4.28,继续持有
2021-06-30,持有,002762,*ST金比,纺织服饰,13,1300,15.22,15.3,--,--,104.0,0.53,继续持有
2021-07-16,卖出,600696,*ST岩石,食品饮料,4,400,44.46,42.76,17104.0,21.38,-701.38,-3.82,移出持仓池
2021-07-16,卖出,003026,中晶科技,电子,2,200,94.11,82.98,16596.0,20.75,-2246.75,-11.83,移出持仓池
2021-07-16,卖出,600238,*ST椰岛,食品饮料,10,1000,19.99,25.94,25940.0,32.42,5917.58,29.76,移出持仓池
2021-07-16,卖出,601919,中远海控,交通运输,8,800,24.75,21.55,17240.0,21.55,-2581.55,-12.93,移出持仓池
2021-07-16,卖出,601567,三星电气,电力设备,9,900,21.3,16.74,15066.0,18.83,-4122.83,-21.41,移出持仓池
2021-07-16,卖出,603486,科沃斯,家用电器,2,200,70.1,225.17,45034.0,56.29,30957.71,221.21,移出持仓池
2021-07-16,卖出,000301,东方盛虹,石油石化,18,1800,11.0,19.8,35640.0,44.55,15795.45,80.0,移出持仓池
2021-07-16,卖出,000615,*ST美谷,美容护理,18,1800,11.0,19.8,35640.0,44.55,15795.45,80.0,移出持仓池
2021-07-16,卖出,000820,*ST节能,环保,46,4600,4.28,3.49,16054.0,20.07,-3654.07,-18.46,移出持仓池
2021-07-16,卖出,000663,永安林业,农林牧渔,20,2000,9.77,11.83,23660.0,29.57,4090.43,21.08,移出持仓池
2021-07-16,卖出,002762,*ST金比,纺织服饰,13,1300,15.22,13.28,17264.0,21.58,-2543.58,-12.75,移出持仓池
2021-07-16,卖出,000949,新乡化纤,基础化工,23,2300,8.47,7.92,18216.0,22.77,-1287.77,-6.49,移出持仓池
2021-07-16,卖出,600963,岳阳林纸,轻工制造,18,1800,10.57,10.72,19296.0,24.12,245.88,1.42,移出持仓池
2021-07-16,卖出,002155,湖南黄金,有色金属,18,1800,10.57,10.72,19296.0,24.12,245.88,1.42,移出持仓池
2021-07-16,买入,600610,中毅达,其他,11,1100,16.82,16.82,18502.0,23.13,0.0,0.0,纳入持仓池
2021-07-16,买入,000683,博源化工,基础化工,28,2800,6.9,6.9,19320.0,24.15,0.0,0.0,纳入持仓池
2021-07-16,买入,300343,ST联创,基础化工,23,2300,8.54,8.54,19642.0,24.55,0.0,0.0,纳入持仓池
2021-07-16,买入,002592,ST八菱,汽车,19,1900,10.09,10.09,19171.0,23.96,0.0,0.0,纳入持仓池
2021-07-16,买入,600746,江苏索普,基础化工,10,1000,19.52,19.52,19520.0,24.4,0.0,0.0,纳入持仓池
2021-07-16,买入,600096,云天化,基础化工,11,1100,17.6,17.6,19360.0,24.2,0.0,0.0,纳入持仓池
2021-07-16,买入,002145,钛能化学,基础化工,11,1100,17.35,17.35,19085.0,23.86,0.0,0.0,纳入持仓池
2021-07-16,买入,600328,中盐化工,基础化工,10,1000,19.09,19.09,19090.0,23.86,0.0,0.0,纳入持仓池
2021-07-16,买入,300350,华鹏飞,交通运输,13,1300,14.31,14.31,18603.0,23.25,0.0,0.0,纳入持仓池
2021-07-16,买入,000009,中国宝安,电力设备,9,900,21.78,21.78,19602.0,24.5,0.0,0.0,纳入持仓池
2021-07-16,买入,688308,欧科亿,其他,1,200,83.19,83.19,16638.0,20.8,0.0,0.0,纳入持仓池
2021-07-16,买入,688366,昊海生科,医药生物,0,0,261.99,261.99,0,0,0.0,0.0,"资金不足一手（需52,398元，分配20,000元）"
2021-07-16,买入,600744,华银电力,公用事业,21,2100,9.37,9.37,19677.0,24.6,0.0,0.0,纳入持仓池
2021-07-16,买入,000028,国药一致,其他,9,900,21.95,21.95,19755.0,24.69,0.0,0.0,纳入持仓池
2021-07-16,买入,300390,天华新能,电力设备,2,200,69.9,69.9,13980.0,17.48,0.0,0.0,纳入持仓池
2021-07-16,买入,002176,江特电机,电力设备,15,1500,12.76,12.76,19140.0,23.93,0.0,0.0,纳入持仓池
2021-07-16,持有,000980,众泰汽车,其他,49,4900,4.08,6.66,--,--,12642.0,63.24,继续持有
2021-07-16,持有,603098,森特股份,建筑装饰,8,800,24.15,42.78,--,--,14904.0,77.14,继续持有
2021-07-16,持有,688699,明微电子,其他,--,--,--,335.0,--,--,0.0,0.0,继续持有
2021-07-16,持有,300339,润和软件,计算机,4,400,42.0,46.55,--,--,1820.0,10.83,继续持有
2021-07-16,持有,603518,锦泓集团,纺织服饰,9,900,20.82,21.74,--,--,828.0,4.42,继续持有
2021-07-16,持有,603026,石大胜华,电力设备,1,100,162.05,203.65,--,--,4160.0,25.67,继续持有
2021-07-16,持有,601127,赛力斯,汽车,10,1000,19.2,65.23,--,--,46030.0,239.74,继续持有
2021-07-16,持有,002356,赫美集团,商贸零售,59,5900,3.38,4.31,--,--,5487.0,27.51,继续持有
2021-07-16,持有,688068,热景生物,其他,--,--,--,158.5,--,--,0.0,0.0,继续持有
2021-07-16,持有,000155,川能动力,公用事业,9,900,20.78,26.94,--,--,5544.0,29.64,继续持有
2021-07-16,持有,000408,藏格矿业,有色金属,9,900,20.06,26.94,--,--,6192.0,34.3,继续持有
2021-07-16,持有,300672,国科微,电子,1,100,113.53,144.19,--,--,3066.0,27.01,继续持有
2021-07-16,持有,300671,富满微,电子,1,100,131.64,142.08,--,--,1044.0,7.93,继续持有
2021-07-16,持有,000966,长源电力,公用事业,18,1800,10.74,12.11,--,--,2466.0,12.76,继续持有
2021-07-30,卖出,002592,ST八菱,汽车,19,1900,10.09,8.25,15675.0,19.59,-3515.59,-18.24,移出持仓池
2021-07-30,卖出,600746,江苏索普,基础化工,10,1000,19.52,18.87,18870.0,23.59,-673.59,-3.33,移出持仓池
2021-07-30,卖出,600096,云天化,基础化工,11,1100,17.6,15.24,16764.0,20.96,-2616.96,-13.41,移出持仓池
2021-07-30,卖出,002145,钛能化学,基础化工,11,1100,17.35,17.17,18887.0,23.61,-221.61,-1.04,移出持仓池
2021-07-30,卖出,600328,中盐化工,基础化工,10,1000,19.09,15.42,15420.0,19.28,-3689.28,-19.22,移出持仓池
2021-07-30,卖出,000966,长源电力,公用事业,18,1800,10.74,10.11,18198.0,22.75,-1156.75,-5.87,移出持仓池
2021-07-30,卖出,300350,华鹏飞,交通运输,13,1300,14.31,9.33,12129.0,15.16,-6489.16,-34.8,移出持仓池
2021-07-30,卖出,000009,中国宝安,电力设备,9,900,21.78,21.05,18945.0,23.68,-680.68,-3.35,移出持仓池
2021-07-30,卖出,688308,欧科亿,其他,2,200,83.19,73.66,14732.0,18.41,-1924.41,-11.46,移出持仓池
2021-07-30,卖出,600744,华银电力,公用事业,21,2100,9.37,8.29,17409.0,21.76,-2289.76,-11.53,移出持仓池
2021-07-30,卖出,000028,国药一致,其他,9,900,21.95,21.22,19098.0,23.87,-680.87,-3.33,移出持仓池
2021-07-30,卖出,300390,天华新能,电力设备,2,200,69.9,55.8,11160.0,13.95,-2833.95,-20.17,移出持仓池
2021-07-30,买入,300077,国民技术,电子,5,500,40.0,40.0,20000.0,25.0,0.0,0.0,纳入持仓池
2021-07-30,买入,300712,永福股份,建筑装饰,1,100,107.66,107.66,10766.0,13.46,0.0,0.0,纳入持仓池
2021-07-30,买入,002455,百川股份,基础化工,12,1200,16.42,16.42,19704.0,24.63,0.0,0.0,纳入持仓池
2021-07-30,买入,002192,融捷股份,有色金属,1,100,157.97,157.97,15797.0,19.75,0.0,0.0,纳入持仓池
2021-07-30,买入,600577,XD精达股,电力设备,21,2100,9.36,9.36,19656.0,24.57,0.0,0.0,纳入持仓池
2021-07-30,买入,300480,光力科技,机械设备,4,400,44.0,44.0,17600.0,22.0,0.0,0.0,纳入持仓池
2021-07-30,买入,000428,华天酒店,社会服务,3,300,50.74,50.74,15222.0,19.03,0.0,0.0,纳入持仓池
2021-07-30,买入,000762,西藏矿业,有色金属,3,300,50.74,50.74,15222.0,19.03,0.0,0.0,纳入持仓池
2021-07-30,买入,003035,南网能源,公用事业,24,2400,8.31,8.31,19944.0,24.93,0.0,0.0,纳入持仓池
2021-07-30,买入,300382,斯莱克,机械设备,7,700,25.67,25.67,17969.0,22.46,0.0,0.0,纳入持仓池
2021-07-30,买入,300458,全志科技,电子,2,200,96.46,96.46,19292.0,24.12,0.0,0.0,纳入持仓池
2021-07-30,买入,600696,*ST岩石,食品饮料,5,500,39.29,39.29,19645.0,24.56,0.0,0.0,纳入持仓池
2021-07-30,买入,000825,太钢不锈,钢铁,19,1900,10.23,10.23,19437.0,24.3,0.0,0.0,纳入持仓池
2021-07-30,买入,300171,东富龙,医药生物,4,400,49.91,49.91,19964.0,24.96,0.0,0.0,纳入持仓池
2021-07-30,持有,603098,森特股份,建筑装饰,8,800,24.15,48.35,--,--,19360.0,100.21,继续持有
2021-07-30,持有,688699,明微电子,其他,--,--,--,334.7,--,--,0.0,0.0,继续持有
2021-07-30,持有,300343,ST联创,基础化工,23,2300,8.54,13.65,--,--,11753.0,59.84,继续持有
2021-07-30,持有,000980,众泰汽车,其他,49,4900,4.08,6.36,--,--,11172.0,55.88,继续持有
2021-07-30,持有,300339,润和软件,计算机,4,400,42.0,38.4,--,--,-1440.0,-8.57,继续持有
2021-07-30,持有,688068,热景生物,其他,--,--,--,169.95,--,--,0.0,0.0,继续持有
2021-07-30,持有,601127,赛力斯,汽车,10,1000,19.2,58.11,--,--,38910.0,202.66,继续持有
2021-07-30,持有,300672,国科微,电子,1,100,113.53,159.0,--,--,4547.0,40.05,继续持有
2021-07-30,持有,000155,川能动力,公用事业,9,900,20.78,28.03,--,--,6525.0,34.89,继续持有
2021-07-30,持有,603026,石大胜华,电力设备,1,100,162.05,218.66,--,--,5661.0,34.93,继续持有
2021-07-30,持有,000408,藏格矿业,有色金属,9,900,20.06,28.03,--,--,7173.0,39.73,继续持有
2021-07-30,持有,000683,博源化工,基础化工,28,2800,6.9,7.21,--,--,868.0,4.49,继续持有
2021-07-30,持有,600610,中毅达,其他,11,1100,16.82,15.36,--,--,-1606.0,-8.68,继续持有
2021-07-30,持有,300671,富满微,电子,1,100,131.64,147.5,--,--,1586.0,12.05,继续持有
2021-07-30,持有,002176,江特电机,电力设备,15,1500,12.76,18.28,--,--,8280.0,43.26,继续持有
2021-07-30,持有,603518,锦泓集团,纺织服饰,9,900,20.82,14.6,--,--,-5598.0,-29.88,继续持有
2021-08-17,卖出,300712,永福股份,建筑装饰,1,100,107.66,67.0,6700.0,8.38,-4074.38,-37.77,移出持仓池
2021-08-17,卖出,300672,国科微,电子,1,100,113.53,141.47,14147.0,17.68,2776.32,24.61,移出持仓池
2021-08-17,卖出,000155,川能动力,公用事业,9,900,20.78,24.27,21843.0,27.3,3113.7,16.79,移出持仓池
2021-08-17,卖出,000408,藏格矿业,有色金属,9,900,20.06,24.27,21843.0,27.3,3761.7,20.99,移出持仓池
2021-08-17,卖出,002192,融捷股份,有色金属,1,100,157.97,133.0,13300.0,16.62,-2513.62,-15.81,移出持仓池
2021-08-17,卖出,600577,XD精达股,电力设备,21,2100,9.36,8.7,18270.0,22.84,-1408.84,-7.05,移出持仓池
2021-08-17,卖出,300480,光力科技,机械设备,4,400,44.0,32.72,13088.0,16.36,-4528.36,-25.64,移出持仓池
2021-08-17,卖出,003035,南网能源,公用事业,24,2400,8.31,8.2,19680.0,24.6,-288.6,-1.32,移出持仓池
2021-08-17,卖出,300382,斯莱克,机械设备,7,700,25.67,24.7,17290.0,21.61,-700.61,-3.78,移出持仓池
2021-08-17,卖出,300458,全志科技,电子,2,200,96.46,71.74,14348.0,17.93,-4961.93,-25.63,移出持仓池
2021-08-17,卖出,603518,锦泓集团,纺织服饰,9,900,20.82,14.29,12861.0,16.08,-5893.08,-31.36,移出持仓池
2021-08-17,卖出,000825,太钢不锈,钢铁,19,1900,10.23,8.92,16948.0,21.18,-2510.18,-12.81,移出持仓池
2021-08-17,卖出,300171,东富龙,医药生物,4,400,49.91,53.1,21240.0,26.55,1249.45,6.39,移出持仓池
2021-08-17,买入,002356,赫美集团,商贸零售,33,3300,5.99,5.99,19767.0,24.71,0.0,0.0,纳入持仓池
2021-08-17,买入,002667,*ST威领,其他,6,600,30.8,30.8,18480.0,23.1,0.0,0.0,纳入持仓池
2021-08-17,买入,002326,永太科技,基础化工,5,500,35.47,35.47,17735.0,22.17,0.0,0.0,纳入持仓池
2021-08-17,买入,603032,德新科技,电力设备,6,600,30.9,30.9,18540.0,23.18,0.0,0.0,纳入持仓池
2021-08-17,买入,601969,XD海南矿,钢铁,10,1000,18.51,18.51,18510.0,23.14,0.0,0.0,纳入持仓池
2021-08-17,买入,300471,厚普股份,机械设备,6,600,31.9,31.9,19140.0,23.93,0.0,0.0,纳入持仓池
2021-08-17,买入,600338,西藏珠峰,有色金属,5,500,34.95,34.95,17475.0,21.84,0.0,0.0,纳入持仓池
2021-08-17,买入,603396,金辰股份,电力设备,1,100,130.05,130.05,13005.0,16.26,0.0,0.0,纳入持仓池
2021-08-17,买入,300631,久吾高科,环保,3,300,54.8,54.8,16440.0,20.55,0.0,0.0,纳入持仓池
2021-08-17,买入,002592,ST八菱,汽车,21,2100,9.24,9.24,19404.0,24.25,0.0,0.0,纳入持仓池
2021-08-17,买入,300432,富临精工,电力设备,6,600,32.87,32.87,19722.0,24.65,0.0,0.0,纳入持仓池
2021-08-17,买入,688308,欧科亿,其他,1,200,84.63,84.63,16926.0,21.16,0.0,0.0,纳入持仓池
2021-08-17,买入,000822,山东海化,基础化工,17,1700,11.51,11.51,19567.0,24.46,0.0,0.0,纳入持仓池
2021-08-17,持有,300343,ST联创,基础化工,23,2300,8.54,16.07,--,--,17319.0,88.17,继续持有
2021-08-17,持有,688699,明微电子,其他,--,--,--,313.5,--,--,0.0,0.0,继续持有
2021-08-17,持有,603098,森特股份,建筑装饰,8,800,24.15,43.19,--,--,15232.0,78.84,继续持有
2021-08-17,持有,300077,国民技术,电子,5,500,40.0,31.24,--,--,-4380.0,-21.9,继续持有
2021-08-17,持有,000980,众泰汽车,其他,49,4900,4.08,8.61,--,--,22197.0,111.03,继续持有
2021-08-17,持有,000683,博源化工,基础化工,28,2800,6.9,8.79,--,--,5292.0,27.39,继续持有
2021-08-17,持有,002455,百川股份,基础化工,12,1200,16.42,22.88,--,--,7752.0,39.34,继续持有
2021-08-17,持有,002176,江特电机,电力设备,15,1500,12.76,21.57,--,--,13215.0,69.04,继续持有
2021-08-17,持有,300671,富满微,电子,1,100,131.64,129.0,--,--,-264.0,-2.01,继续持有
2021-08-17,持有,300339,润和软件,计算机,4,400,42.0,32.2,--,--,-3920.0,-23.33,继续持有
2021-08-17,持有,601127,赛力斯,汽车,10,1000,19.2,52.59,--,--,33390.0,173.91,继续持有
2021-08-17,持有,688068,热景生物,其他,--,--,--,141.12,--,--,0.0,0.0,继续持有
2021-08-17,持有,603026,石大胜华,电力设备,1,100,162.05,221.0,--,--,5895.0,36.38,继续持有
2021-08-17,持有,600610,中毅达,其他,11,1100,16.82,15.84,--,--,-1078.0,-5.83,继续持有
2021-08-17,持有,000428,华天酒店,社会服务,3,300,50.74,51.8,--,--,318.0,2.09,继续持有
2021-08-17,持有,000762,西藏矿业,有色金属,3,300,50.74,51.8,--,--,318.0,2.09,继续持有
2021-08-17,持有,600696,*ST岩石,食品饮料,5,500,39.29,41.82,--,--,1265.0,6.44,继续持有
2021-08-31,卖出,002356,赫美集团,商贸零售,33,3300,5.99,5.17,17061.0,21.33,-2727.33,-13.69,移出持仓池
2021-08-31,卖出,000980,众泰汽车,其他,49,4900,4.08,7.91,38759.0,48.45,18718.55,93.87,移出持仓池
2021-08-31,卖出,002455,百川股份,基础化工,12,1200,16.42,18.9,22680.0,28.35,2947.65,15.1,移出持仓池
2021-08-31,卖出,300671,富满微,电子,1,100,131.64,118.01,11801.0,14.75,-1377.75,-10.35,移出持仓池
2021-08-31,卖出,603032,德新科技,电力设备,6,600,30.9,35.1,21060.0,26.32,2493.68,13.59,移出持仓池
2021-08-31,卖出,300339,润和软件,计算机,4,400,42.0,29.21,11684.0,14.61,-5130.61,-30.45,移出持仓池
2021-08-31,卖出,300471,厚普股份,机械设备,6,600,31.9,25.81,15486.0,19.36,-3673.36,-19.09,移出持仓池
2021-08-31,卖出,300631,久吾高科,环保,3,300,54.8,45.05,13515.0,16.89,-2941.89,-17.79,移出持仓池
2021-08-31,卖出,002592,ST八菱,汽车,21,2100,9.24,8.6,18060.0,22.57,-1366.57,-6.93,移出持仓池
2021-08-31,卖出,688308,欧科亿,其他,2,200,84.63,89.53,17906.0,22.38,957.62,5.79,移出持仓池
2021-08-31,卖出,000822,山东海化,基础化工,17,1700,11.51,12.15,20655.0,25.82,1062.18,5.56,移出持仓池
2021-08-31,卖出,600696,*ST岩石,食品饮料,5,500,39.29,33.21,16605.0,20.76,-3060.76,-15.47,移出持仓池
2021-08-31,买入,603260,合盛硅业,基础化工,0,0,215.93,215.93,0,0,0.0,0.0,"资金不足一手（需21,593元，分配20,000元）"
2021-08-31,买入,002192,融捷股份,有色金属,1,100,166.98,166.98,16698.0,20.87,0.0,0.0,纳入持仓池
2021-08-31,买入,002256,兆新股份,公用事业,32,3200,6.1,6.1,19520.0,24.4,0.0,0.0,纳入持仓池
2021-08-31,买入,600773,西藏城投,房地产,5,500,33.48,33.48,16740.0,20.93,0.0,0.0,纳入持仓池
2021-08-31,买入,000829,天音控股,商贸零售,9,900,22.0,22.0,19800.0,24.75,0.0,0.0,纳入持仓池
2021-08-31,买入,300490,华自科技,电力设备,6,600,32.3,32.3,19380.0,24.23,0.0,0.0,纳入持仓池
2021-08-31,买入,300171,东富龙,医药生物,3,300,60.5,60.5,18150.0,22.69,0.0,0.0,纳入持仓池
2021-08-31,买入,688556,高测股份,其他,1,200,74.34,74.34,14868.0,18.59,0.0,0.0,纳入持仓池
2021-08-31,买入,600596,新安股份,基础化工,4,400,44.37,44.37,17748.0,22.18,0.0,0.0,纳入持仓池
2021-08-31,买入,688516,奥特维,电力设备,0,0,228.52,228.52,0,0,0.0,0.0,"资金不足一手（需45,704元，分配20,000元）"
2021-08-31,买入,000155,川能动力,公用事业,6,600,30.55,30.55,18330.0,22.91,0.0,0.0,纳入持仓池
2021-08-31,买入,000408,藏格矿业,有色金属,6,600,30.55,30.55,18330.0,22.91,0.0,0.0,纳入持仓池
2021-08-31,买入,001266,宏英智能,机械设备,4,400,41.88,41.88,16752.0,20.94,0.0,0.0,纳入持仓池
2021-08-31,持有,300343,ST联创,基础化工,23,2300,8.54,20.92,--,--,28474.0,144.96,继续持有
2021-08-31,持有,000428,华天酒店,社会服务,3,300,50.74,77.43,--,--,8007.0,52.6,继续持有
2021-08-31,持有,000762,西藏矿业,有色金属,3,300,50.74,77.43,--,--,8007.0,52.6,继续持有
2021-08-31,持有,002326,永太科技,基础化工,5,500,35.47,44.8,--,--,4665.0,26.3,继续持有
2021-08-31,持有,603026,石大胜华,电力设备,1,100,162.05,281.36,--,--,11931.0,73.63,继续持有
2021-08-31,持有,603396,金辰股份,电力设备,1,100,130.05,171.5,--,--,4145.0,31.87,继续持有
2021-08-31,持有,000683,博源化工,基础化工,28,2800,6.9,11.54,--,--,12992.0,67.25,继续持有
2021-08-31,持有,600338,西藏珠峰,有色金属,5,500,34.95,48.17,--,--,6610.0,37.83,继续持有
2021-08-31,持有,002667,*ST威领,其他,6,600,30.8,31.09,--,--,174.0,0.94,继续持有
2021-08-31,持有,002176,江特电机,电力设备,15,1500,12.76,26.27,--,--,20265.0,105.88,继续持有
2021-08-31,持有,603098,森特股份,建筑装饰,8,800,24.15,41.88,--,--,14184.0,73.42,继续持有
2021-08-31,持有,601969,XD海南矿,钢铁,10,1000,18.51,23.18,--,--,4670.0,25.23,继续持有
2021-08-31,持有,688699,明微电子,其他,--,--,--,289.92,--,--,0.0,0.0,继续持有
2021-08-31,持有,300432,富临精工,电力设备,6,600,32.87,40.97,--,--,4860.0,24.64,继续持有
2021-08-31,持有,601127,赛力斯,汽车,10,1000,19.2,74.6,--,--,55400.0,288.54,继续持有
2021-08-31,持有,300077,国民技术,电子,5,500,40.0,27.88,--,--,-6060.0,-30.3,继续持有
2021-08-31,持有,600610,中毅达,其他,11,1100,16.82,18.5,--,--,1848.0,9.99,继续持有
2021-09-15,卖出,603098,森特股份,建筑装饰,8,800,24.15,41.12,32896.0,41.12,13534.88,70.27,移出持仓池
2021-09-15,卖出,601127,赛力斯,汽车,10,1000,19.2,79.98,79980.0,99.98,60680.02,316.56,移出持仓池
2021-09-15,卖出,000829,天音控股,商贸零售,9,900,22.0,19.61,17649.0,22.06,-2173.06,-10.86,移出持仓池
2021-09-15,卖出,300490,华自科技,电力设备,6,600,32.3,32.74,19644.0,24.55,239.45,1.36,移出持仓池
2021-09-15,卖出,300171,东富龙,医药生物,3,300,60.5,43.44,13032.0,16.29,-5134.29,-28.2,移出持仓池
2021-09-15,卖出,688556,高测股份,其他,2,200,74.34,54.29,10858.0,13.57,-4023.57,-26.97,移出持仓池
2021-09-15,卖出,600596,新安股份,基础化工,4,400,44.37,46.61,18644.0,23.3,872.7,5.05,移出持仓池
2021-09-15,买入,300769,德方纳米,电力设备,0,0,530.0,530.0,0,0,0.0,0.0,"资金不足一手（需53,000元，分配20,000元）"
2021-09-15,买入,600096,云天化,基础化工,5,500,34.24,34.24,17120.0,21.4,0.0,0.0,纳入持仓池
2021-09-15,买入,603876,鼎胜新材,有色金属,4,400,49.87,49.87,19948.0,24.94,0.0,0.0,纳入持仓池
2021-09-15,买入,000707,双环科技,基础化工,19,1900,10.19,10.19,19361.0,24.2,0.0,0.0,纳入持仓池
2021-09-15,买入,300390,天华新能,电力设备,1,100,123.38,123.38,12338.0,15.42,0.0,0.0,纳入持仓池
2021-09-15,买入,920185,贝特瑞,其他,1,100,142.95,142.95,14295.0,17.87,0.0,0.0,纳入持仓池
2021-09-15,买入,600141,兴发集团,基础化工,3,300,51.89,51.89,15567.0,19.46,0.0,0.0,纳入持仓池
2021-09-15,买入,300809,华辰装备,机械设备,3,300,56.99,56.99,17097.0,21.37,0.0,0.0,纳入持仓池
2021-09-15,持有,300343,ST联创,基础化工,23,2300,8.54,27.92,--,--,44574.0,226.93,继续持有
2021-09-15,持有,002326,永太科技,基础化工,5,500,35.47,67.6,--,--,16065.0,90.58,继续持有
2021-09-15,持有,002667,*ST威领,其他,6,600,30.8,38.85,--,--,4830.0,26.14,继续持有
2021-09-15,持有,300432,富临精工,电力设备,6,600,32.87,53.59,--,--,12432.0,63.04,继续持有
2021-09-15,持有,603026,石大胜华,电力设备,1,100,162.05,330.0,--,--,16795.0,103.64,继续持有
2021-09-15,持有,000428,华天酒店,社会服务,3,300,50.74,78.74,--,--,8400.0,55.18,继续持有
2021-09-15,持有,000762,西藏矿业,有色金属,3,300,50.74,78.74,--,--,8400.0,55.18,继续持有
2021-09-15,持有,603260,合盛硅业,基础化工,--,--,--,245.7,--,--,0.0,0.0,继续持有
2021-09-15,持有,002176,江特电机,电力设备,15,1500,12.76,30.0,--,--,25860.0,135.11,继续持有
2021-09-15,持有,603396,金辰股份,电力设备,1,100,130.05,159.58,--,--,2953.0,22.71,继续持有
2021-09-15,持有,000683,博源化工,基础化工,28,2800,6.9,12.66,--,--,16128.0,83.48,继续持有
2021-09-15,持有,300077,国民技术,电子,5,500,40.0,31.17,--,--,-4415.0,-22.07,继续持有
2021-09-15,持有,002192,融捷股份,有色金属,1,100,166.98,182.88,--,--,1590.0,9.52,继续持有
2021-09-15,持有,600338,西藏珠峰,有色金属,5,500,34.95,47.66,--,--,6355.0,36.37,继续持有
2021-09-15,持有,688699,明微电子,其他,--,--,--,287.0,--,--,0.0,0.0,继续持有
2021-09-15,持有,600610,中毅达,其他,11,1100,16.82,22.28,--,--,6006.0,32.46,继续持有
2021-09-15,持有,601969,XD海南矿,钢铁,10,1000,18.51,23.12,--,--,4610.0,24.91,继续持有
2021-09-15,持有,002256,兆新股份,公用事业,32,3200,6.1,5.4,--,--,-2240.0,-11.48,继续持有
2021-09-15,持有,000155,川能动力,公用事业,6,600,30.55,33.74,--,--,1914.0,10.44,继续持有
2021-09-15,持有,001266,宏英智能,机械设备,4,400,41.88,51.89,--,--,4004.0,23.9,继续持有
2021-09-15,持有,000408,藏格矿业,有色金属,6,600,30.55,33.74,--,--,1914.0,10.44,继续持有
2021-09-15,持有,600773,西藏城投,房地产,5,500,33.48,36.7,--,--,1610.0,9.62,继续持有
2021-09-30,卖出,002192,融捷股份,有色金属,1,100,166.98,133.0,13300.0,16.62,-3414.62,-20.35,移出持仓池
2021-09-30,卖出,601969,XD海南矿,钢铁,10,1000,18.51,15.62,15620.0,19.53,-2909.53,-15.61,移出持仓池
2021-09-30,卖出,002256,兆新股份,公用事业,32,3200,6.1,4.36,13952.0,17.44,-5585.44,-28.52,移出持仓池
2021-09-30,卖出,000155,川能动力,公用事业,6,600,30.55,26.77,16062.0,20.08,-2288.08,-12.37,移出持仓池
2021-09-30,卖出,000408,藏格矿业,有色金属,6,600,30.55,26.77,16062.0,20.08,-2288.08,-12.37,移出持仓池
2021-09-30,卖出,600773,西藏城投,房地产,5,500,33.48,26.51,13255.0,16.57,-3501.57,-20.82,移出持仓池
2021-09-30,卖出,300809,华辰装备,机械设备,3,300,56.99,42.43,12729.0,15.91,-4383.91,-25.55,移出持仓池
2021-09-30,买入,300339,润和软件,计算机,6,600,30.1,30.1,18060.0,22.57,0.0,0.0,纳入持仓池
2021-09-30,买入,300772,运达股份,电力设备,3,300,52.3,52.3,15690.0,19.61,0.0,0.0,纳入持仓池
2021-09-30,买入,002453,华软科技,基础化工,11,1100,17.22,17.22,18942.0,23.68,0.0,0.0,纳入持仓池
2021-09-30,买入,002759,天际股份,电力设备,4,400,44.14,44.14,17656.0,22.07,0.0,0.0,纳入持仓池
2021-09-30,买入,002356,赫美集团,商贸零售,35,3500,5.63,5.63,19705.0,24.63,0.0,0.0,纳入持仓池
2021-09-30,买入,300671,富满微,电子,1,100,111.88,111.88,11188.0,13.98,0.0,0.0,纳入持仓池
2021-09-30,买入,603897,长城科技,电力设备,3,300,52.7,52.7,15810.0,19.76,0.0,0.0,纳入持仓池
2021-09-30,持有,300343,ST联创,基础化工,23,2300,8.54,20.56,--,--,27646.0,140.75,继续持有
2021-09-30,持有,002326,永太科技,基础化工,5,500,35.47,53.12,--,--,8825.0,49.76,继续持有
2021-09-30,持有,920185,贝特瑞,其他,1,100,142.95,162.73,--,--,1978.0,13.84,继续持有
2021-09-30,持有,300432,富临精工,电力设备,6,600,32.87,40.84,--,--,4782.0,24.25,继续持有
2021-09-30,持有,603026,石大胜华,电力设备,1,100,162.05,303.05,--,--,14100.0,87.01,继续持有
2021-09-30,持有,300769,德方纳米,电力设备,--,--,--,485.0,--,--,0.0,0.0,继续持有
2021-09-30,持有,603260,合盛硅业,基础化工,--,--,--,179.49,--,--,0.0,0.0,继续持有
2021-09-30,持有,603396,金辰股份,电力设备,1,100,130.05,124.11,--,--,-594.0,-4.57,继续持有
2021-09-30,持有,000707,双环科技,基础化工,19,1900,10.19,9.09,--,--,-2090.0,-10.79,继续持有
2021-09-30,持有,000428,华天酒店,社会服务,3,300,50.74,55.39,--,--,1395.0,9.16,继续持有
2021-09-30,持有,000762,西藏矿业,有色金属,3,300,50.74,55.39,--,--,1395.0,9.16,继续持有
2021-09-30,持有,300077,国民技术,电子,5,500,40.0,28.11,--,--,-5945.0,-29.73,继续持有
2021-09-30,持有,000683,博源化工,基础化工,28,2800,6.9,9.51,--,--,7308.0,37.83,继续持有
2021-09-30,持有,603876,鼎胜新材,有色金属,4,400,49.87,41.4,--,--,-3388.0,-16.98,继续持有
2021-09-30,持有,600096,云天化,基础化工,5,500,34.24,24.28,--,--,-4980.0,-29.09,继续持有
2021-09-30,持有,688699,明微电子,其他,--,--,--,273.3,--,--,0.0,0.0,继续持有
2021-09-30,持有,002176,江特电机,电力设备,15,1500,12.76,23.4,--,--,15960.0,83.39,继续持有
2021-09-30,持有,300390,天华新能,电力设备,1,100,123.38,107.35,--,--,-1603.0,-12.99,继续持有
2021-09-30,持有,600338,西藏珠峰,有色金属,5,500,34.95,35.3,--,--,175.0,1.0,继续持有
2021-09-30,持有,001266,宏英智能,机械设备,4,400,41.88,44.85,--,--,1188.0,7.09,继续持有
2021-09-30,持有,600141,兴发集团,基础化工,3,300,51.89,44.85,--,--,-2112.0,-13.57,继续持有
2021-09-30,持有,600610,中毅达,其他,11,1100,16.82,18.54,--,--,1892.0,10.23,继续持有
2021-09-30,持有,002667,*ST威领,其他,6,600,30.8,24.13,--,--,-4002.0,-21.66,继续持有
2021-10-20,卖出,000707,双环科技,基础化工,19,1900,10.19,8.44,16036.0,20.05,-3345.05,-17.17,移出持仓池
2021-10-20,卖出,000683,博源化工,基础化工,28,2800,6.9,8.45,23660.0,29.57,4310.43,22.46,移出持仓池
2021-10-20,卖出,600096,云天化,基础化工,5,500,34.24,25.84,12920.0,16.15,-4216.15,-24.53,移出持仓池
2021-10-20,卖出,002453,华软科技,基础化工,11,1100,17.22,14.97,16467.0,20.58,-2495.58,-13.07,移出持仓池
2021-10-20,卖出,002176,江特电机,电力设备,15,1500,12.76,23.79,35685.0,44.61,16500.39,86.44,移出持仓池
2021-10-20,卖出,002356,赫美集团,商贸零售,35,3500,5.63,4.85,16975.0,21.22,-2751.22,-13.85,移出持仓池
2021-10-20,卖出,300671,富满微,电子,1,100,111.88,89.05,8905.0,11.13,-2294.13,-20.41,移出持仓池
2021-10-20,卖出,603897,长城科技,电力设备,3,300,52.7,51.28,15384.0,19.23,-445.23,-2.69,移出持仓池
2021-10-20,卖出,600610,中毅达,其他,11,1100,16.82,16.94,18634.0,23.29,108.71,0.71,移出持仓池
2021-10-20,卖出,002667,*ST威领,其他,6,600,30.8,23.41,14046.0,17.56,-4451.56,-23.99,移出持仓池
2021-10-20,买入,002529,*ST海源,其他,7,700,27.32,27.32,19124.0,23.91,0.0,0.0,纳入持仓池
2021-10-20,买入,688599,天合光能,电力设备,1,200,67.3,67.3,13460.0,16.82,0.0,0.0,纳入持仓池
2021-10-20,买入,002487,大金重工,电力设备,6,600,30.0,30.0,18000.0,22.5,0.0,0.0,纳入持仓池
2021-10-20,买入,600172,黄河旋风,机械设备,17,1700,11.5,11.5,19550.0,24.44,0.0,0.0,纳入持仓池
2021-10-20,买入,000829,天音控股,商贸零售,9,900,20.39,20.39,18351.0,22.94,0.0,0.0,纳入持仓池
2021-10-20,买入,600110,诺德股份,电力设备,8,800,23.05,23.05,18440.0,23.05,0.0,0.0,纳入持仓池
2021-10-20,买入,688516,奥特维,电力设备,0,0,224.0,224.0,0,0,0.0,0.0,"资金不足一手（需44,800元，分配20,000元）"
2021-10-20,买入,002141,贤丰控股,农林牧渔,24,2400,8.22,8.22,19728.0,24.66,0.0,0.0,纳入持仓池
2021-10-20,买入,300809,华辰装备,机械设备,3,300,53.08,53.08,15924.0,19.91,0.0,0.0,纳入持仓池
2021-10-20,买入,000519,中兵红箭,国防军工,7,700,26.85,26.85,18795.0,23.49,0.0,0.0,纳入持仓池
2021-10-20,买入,002006,精工科技,机械设备,10,1000,18.86,18.86,18860.0,23.57,0.0,0.0,纳入持仓池
2021-10-20,持有,002326,永太科技,基础化工,5,500,35.47,69.3,--,--,16915.0,95.38,继续持有
2021-10-20,持有,300343,ST联创,基础化工,23,2300,8.54,25.12,--,--,38134.0,194.15,继续持有
2021-10-20,持有,603396,金辰股份,电力设备,1,100,130.05,145.92,--,--,1587.0,12.2,继续持有
2021-10-20,持有,300432,富临精工,电力设备,6,600,32.87,41.34,--,--,5082.0,25.77,继续持有
2021-10-20,持有,300769,德方纳米,电力设备,--,--,--,529.61,--,--,0.0,0.0,继续持有
2021-10-20,持有,920185,贝特瑞,其他,1,100,142.95,168.58,--,--,2563.0,17.93,继续持有
2021-10-20,持有,603260,合盛硅业,基础化工,--,--,--,181.82,--,--,0.0,0.0,继续持有
2021-10-20,持有,300390,天华新能,电力设备,1,100,123.38,117.65,--,--,-573.0,-4.64,继续持有
2021-10-20,持有,603876,鼎胜新材,有色金属,4,400,49.87,47.0,--,--,-1148.0,-5.75,继续持有
2021-10-20,持有,300077,国民技术,电子,5,500,40.0,28.59,--,--,-5705.0,-28.52,继续持有
2021-10-20,持有,300772,运达股份,电力设备,3,300,52.3,54.24,--,--,582.0,3.71,继续持有
2021-10-20,持有,000428,华天酒店,社会服务,3,300,50.74,54.61,--,--,1161.0,7.63,继续持有
2021-10-20,持有,000762,西藏矿业,有色金属,3,300,50.74,54.61,--,--,1161.0,7.63,继续持有
2021-10-20,持有,603026,石大胜华,电力设备,1,100,162.05,270.22,--,--,10817.0,66.75,继续持有
2021-10-20,持有,300339,润和软件,计算机,6,600,30.1,30.15,--,--,30.0,0.17,继续持有
2021-10-20,持有,002759,天际股份,电力设备,4,400,44.14,40.54,--,--,-1440.0,-8.16,继续持有
2021-10-20,持有,600338,西藏珠峰,有色金属,5,500,34.95,34.02,--,--,-465.0,-2.66,继续持有
2021-10-20,持有,001266,宏英智能,机械设备,4,400,41.88,44.93,--,--,1220.0,7.28,继续持有
2021-10-20,持有,600141,兴发集团,基础化工,3,300,51.89,44.93,--,--,-2088.0,-13.41,继续持有
2021-10-29,卖出,603876,鼎胜新材,有色金属,4,400,49.87,39.62,15848.0,19.81,-4119.81,-20.55,移出持仓池
2021-10-29,卖出,600172,黄河旋风,机械设备,17,1700,11.5,10.07,17119.0,21.4,-2452.4,-12.43,移出持仓池
2021-10-29,卖出,603026,石大胜华,电力设备,1,100,162.05,252.0,25200.0,31.5,8963.5,55.51,移出持仓池
2021-10-29,卖出,600110,诺德股份,电力设备,8,800,23.05,22.79,18232.0,22.79,-230.79,-1.13,移出持仓池
2021-10-29,卖出,300339,润和软件,计算机,6,600,30.1,26.32,15792.0,19.74,-2287.74,-12.56,移出持仓池
2021-10-29,卖出,002141,贤丰控股,农林牧渔,24,2400,8.22,8.77,21048.0,26.31,1293.69,6.69,移出持仓池
2021-10-29,卖出,002759,天际股份,电力设备,4,400,44.14,38.2,15280.0,19.1,-2395.1,-13.46,移出持仓池
2021-10-29,卖出,600338,西藏珠峰,有色金属,5,500,34.95,30.52,15260.0,19.07,-2234.07,-12.68,移出持仓池
2021-10-29,卖出,000519,中兵红箭,国防军工,7,700,26.85,26.6,18620.0,23.28,-198.28,-0.93,移出持仓池
2021-10-29,卖出,002006,精工科技,机械设备,10,1000,18.86,17.56,17560.0,21.95,-1321.95,-6.89,移出持仓池
2021-10-29,买入,605117,德业股份,电力设备,0,0,328.46,328.46,0,0,0.0,0.0,"资金不足一手（需32,846元，分配20,000元）"
2021-10-29,买入,300969,恒帅股份,汽车,1,100,160.0,160.0,16000.0,20.0,0.0,0.0,纳入持仓池
2021-10-29,买入,300437,清水源,环保,6,600,33.18,33.18,19908.0,24.89,0.0,0.0,纳入持仓池
2021-10-29,买入,300672,国科微,电子,1,100,168.32,168.32,16832.0,21.04,0.0,0.0,纳入持仓池
2021-10-29,买入,600096,云天化,基础化工,7,700,27.93,27.93,19551.0,24.44,0.0,0.0,纳入持仓池
2021-10-29,买入,300035,中科电气,电力设备,5,500,38.29,38.29,19145.0,23.93,0.0,0.0,纳入持仓池
2021-10-29,买入,002176,江特电机,电力设备,8,800,23.05,23.05,18440.0,23.05,0.0,0.0,纳入持仓池
2021-10-29,买入,688556,高测股份,其他,1,200,67.7,67.7,13540.0,16.93,0.0,0.0,纳入持仓池
2021-10-29,买入,002459,晶澳科技,电力设备,2,200,91.25,91.25,18250.0,22.81,0.0,0.0,纳入持仓池
2021-10-29,买入,603032,德新科技,电力设备,4,400,45.29,45.29,18116.0,22.64,0.0,0.0,纳入持仓池
2021-10-29,买入,603688,石英股份,基础化工,3,300,55.6,55.6,16680.0,20.85,0.0,0.0,纳入持仓池
2021-10-29,持有,300343,ST联创,基础化工,23,2300,8.54,27.97,--,--,44689.0,227.52,继续持有
2021-10-29,持有,002326,永太科技,基础化工,5,500,35.47,71.9,--,--,18215.0,102.71,继续持有
2021-10-29,持有,300432,富临精工,电力设备,6,600,32.87,50.12,--,--,10350.0,52.48,继续持有
2021-10-29,持有,300769,德方纳米,电力设备,--,--,--,629.99,--,--,0.0,0.0,继续持有
2021-10-29,持有,002487,大金重工,电力设备,6,600,30.0,37.62,--,--,4572.0,25.4,继续持有
2021-10-29,持有,688599,天合光能,电力设备,2,200,67.3,78.3,--,--,2200.0,16.34,继续持有
2021-10-29,持有,603396,金辰股份,电力设备,1,100,130.05,141.9,--,--,1185.0,9.11,继续持有
2021-10-29,持有,002529,*ST海源,其他,7,700,27.32,28.7,--,--,966.0,5.05,继续持有
2021-10-29,持有,300772,运达股份,电力设备,3,300,52.3,66.52,--,--,4266.0,27.19,继续持有
2021-10-29,持有,000829,天音控股,商贸零售,9,900,20.39,23.82,--,--,3087.0,16.82,继续持有
2021-10-29,持有,920185,贝特瑞,其他,1,100,142.95,170.0,--,--,2705.0,18.92,继续持有
2021-10-29,持有,001266,宏英智能,机械设备,4,400,41.88,49.59,--,--,3084.0,18.41,继续持有
2021-10-29,持有,600141,兴发集团,基础化工,3,300,51.89,49.59,--,--,-690.0,-4.43,继续持有
2021-10-29,持有,300390,天华新能,电力设备,1,100,123.38,106.51,--,--,-1687.0,-13.67,继续持有
2021-10-29,持有,300077,国民技术,电子,5,500,40.0,25.91,--,--,-7045.0,-35.22,继续持有
2021-10-29,持有,000428,华天酒店,社会服务,3,300,50.74,51.75,--,--,303.0,1.99,继续持有
2021-10-29,持有,000762,西藏矿业,有色金属,3,300,50.74,51.75,--,--,303.0,1.99,继续持有
2021-10-29,持有,603260,合盛硅业,基础化工,--,--,--,164.77,--,--,0.0,0.0,继续持有
2021-10-29,持有,300809,华辰装备,机械设备,3,300,53.08,53.77,--,--,207.0,1.3,继续持有
2021-11-16,卖出,300772,运达股份,电力设备,3,300,52.3,50.6,15180.0,18.98,-528.98,-3.25,移出持仓池
2021-11-16,卖出,000829,天音控股,商贸零售,9,900,20.39,20.4,18360.0,22.95,-13.95,0.05,移出持仓池
2021-11-16,卖出,001266,宏英智能,机械设备,4,400,41.88,39.1,15640.0,19.55,-1131.55,-6.64,移出持仓池
2021-11-16,卖出,600141,兴发集团,基础化工,3,300,51.89,39.1,11730.0,14.66,-3851.66,-24.65,移出持仓池
2021-11-16,卖出,300390,天华新能,电力设备,1,100,123.38,88.18,8818.0,11.02,-3531.02,-28.53,移出持仓池
2021-11-16,卖出,300672,国科微,电子,1,100,168.32,216.9,21690.0,27.11,4830.89,28.86,移出持仓池
2021-11-16,卖出,600096,云天化,基础化工,7,700,27.93,22.14,15498.0,19.37,-4072.37,-20.73,移出持仓池
2021-11-16,卖出,300035,中科电气,电力设备,5,500,38.29,32.41,16205.0,20.26,-2960.26,-15.36,移出持仓池
2021-11-16,卖出,000428,华天酒店,社会服务,3,300,50.74,45.79,13737.0,17.17,-1502.17,-9.76,移出持仓池
2021-11-16,卖出,000762,西藏矿业,有色金属,3,300,50.74,45.79,13737.0,17.17,-1502.17,-9.76,移出持仓池
2021-11-16,卖出,002176,江特电机,电力设备,8,800,23.05,19.64,15712.0,19.64,-2747.64,-14.79,移出持仓池
2021-11-16,卖出,300809,华辰装备,机械设备,3,300,53.08,58.82,17646.0,22.06,1699.94,10.81,移出持仓池
2021-11-16,买入,300052,中青宝,传媒,5,500,37.68,37.68,18840.0,23.55,0.0,0.0,纳入持仓池
2021-11-16,买入,600071,凤凰光学,电子,3,300,51.62,51.62,15486.0,19.36,0.0,0.0,纳入持仓池
2021-11-16,买入,002006,精工科技,机械设备,8,800,23.98,23.98,19184.0,23.98,0.0,0.0,纳入持仓池
2021-11-16,买入,002682,龙洲股份,交通运输,8,800,23.98,23.98,19184.0,23.98,0.0,0.0,纳入持仓池
2021-11-16,买入,300619,金银河,电力设备,2,200,71.13,71.13,14226.0,17.78,0.0,0.0,纳入持仓池
2021-11-16,买入,002268,电科网安,其他,3,300,59.83,59.83,17949.0,22.44,0.0,0.0,纳入持仓池
2021-11-16,买入,300745,欣锐科技,汽车,2,200,68.33,68.33,13666.0,17.08,0.0,0.0,纳入持仓池
2021-11-16,买入,300681,英搏尔,汽车,1,100,106.0,106.0,10600.0,13.25,0.0,0.0,纳入持仓池
2021-11-16,买入,600078,澄星股份,基础化工,25,2500,7.92,7.92,19800.0,24.75,0.0,0.0,纳入持仓池
2021-11-16,买入,688559,海目星,机械设备,1,200,65.7,65.7,13140.0,16.43,0.0,0.0,纳入持仓池
2021-11-16,买入,000537,绿发电力,公用事业,11,1100,18.09,18.09,19899.0,24.87,0.0,0.0,纳入持仓池
2021-11-16,买入,300264,佳创视讯,计算机,16,1600,11.8,11.8,18880.0,23.6,0.0,0.0,纳入持仓池
2021-11-16,买入,601126,四方股份,电力设备,9,900,20.66,20.66,18594.0,23.24,0.0,0.0,纳入持仓池
2021-11-16,持有,300343,ST联创,基础化工,23,2300,8.54,19.12,--,--,24334.0,123.89,继续持有
2021-11-16,持有,002326,永太科技,基础化工,5,500,35.47,59.91,--,--,12220.0,68.9,继续持有
2021-11-16,持有,002487,大金重工,电力设备,6,600,30.0,42.64,--,--,7584.0,42.13,继续持有
2021-11-16,持有,603032,德新科技,电力设备,4,400,45.29,64.64,--,--,7740.0,42.72,继续持有
2021-11-16,持有,688556,高测股份,其他,2,200,67.7,77.92,--,--,2044.0,15.1,继续持有
2021-11-16,持有,300437,清水源,环保,6,600,33.18,38.95,--,--,3462.0,17.39,继续持有
2021-11-16,持有,688599,天合光能,电力设备,2,200,67.3,68.28,--,--,196.0,1.46,继续持有
2021-11-16,持有,002529,*ST海源,其他,7,700,27.32,28.83,--,--,1057.0,5.53,继续持有
2021-11-16,持有,920185,贝特瑞,其他,1,100,142.95,173.99,--,--,3104.0,21.71,继续持有
2021-11-16,持有,605117,德业股份,电力设备,--,--,--,276.95,--,--,0.0,0.0,继续持有
2021-11-16,持有,300769,德方纳米,电力设备,--,--,--,522.0,--,--,0.0,0.0,继续持有
2021-11-16,持有,603396,金辰股份,电力设备,1,100,130.05,124.0,--,--,-605.0,-4.65,继续持有
2021-11-16,持有,300432,富临精工,电力设备,6,600,32.87,34.44,--,--,942.0,4.78,继续持有
2021-11-16,持有,300077,国民技术,电子,5,500,40.0,25.03,--,--,-7485.0,-37.42,继续持有
2021-11-16,持有,300969,恒帅股份,汽车,1,100,160.0,142.07,--,--,-1793.0,-11.21,继续持有
2021-11-16,持有,002459,晶澳科技,电力设备,2,200,91.25,88.0,--,--,-650.0,-3.56,继续持有
2021-11-16,持有,603688,石英股份,基础化工,3,300,55.6,58.16,--,--,768.0,4.6,继续持有
2021-11-30,卖出,002268,电科网安,其他,3,300,59.83,56.89,17067.0,21.33,-903.33,-4.91,移出持仓池
2021-11-30,卖出,688559,海目星,机械设备,2,200,65.7,69.92,13984.0,17.48,826.52,6.42,移出持仓池
2021-11-30,卖出,300969,恒帅股份,汽车,1,100,160.0,138.1,13810.0,17.26,-2207.26,-13.69,移出持仓池
2021-11-30,卖出,300264,佳创视讯,计算机,16,1600,11.8,11.08,17728.0,22.16,-1174.16,-6.1,移出持仓池
2021-11-30,卖出,002459,晶澳科技,电力设备,2,200,91.25,86.96,17392.0,21.74,-879.74,-4.7,移出持仓池
2021-11-30,卖出,603688,石英股份,基础化工,3,300,55.6,58.5,17550.0,21.94,848.06,5.22,移出持仓池
2021-11-30,买入,688518,联赢激光,机械设备,2,400,49.67,49.67,19868.0,24.84,0.0,0.0,纳入持仓池
2021-11-30,买入,300390,天华新能,电力设备,1,100,112.0,112.0,11200.0,14.0,0.0,0.0,纳入持仓池
2021-11-30,买入,002865,钧达股份,电力设备,3,300,63.76,63.76,19128.0,23.91,0.0,0.0,纳入持仓池
2021-11-30,买入,002453,华软科技,基础化工,9,900,20.59,20.59,18531.0,23.16,0.0,0.0,纳入持仓池
2021-11-30,买入,603897,长城科技,电力设备,3,300,63.7,63.7,19110.0,23.89,0.0,0.0,纳入持仓池
2021-11-30,买入,603876,鼎胜新材,有色金属,4,400,47.37,47.37,18948.0,23.68,0.0,0.0,纳入持仓池
2021-11-30,持有,300343,ST联创,基础化工,23,2300,8.54,22.63,--,--,32407.0,164.99,继续持有
2021-11-30,持有,002487,大金重工,电力设备,6,600,30.0,47.88,--,--,10728.0,59.6,继续持有
2021-11-30,持有,603032,德新科技,电力设备,4,400,45.29,70.41,--,--,10048.0,55.46,继续持有
2021-11-30,持有,002326,永太科技,基础化工,5,500,35.47,62.75,--,--,13640.0,76.91,继续持有
2021-11-30,持有,300619,金银河,电力设备,2,200,71.13,104.2,--,--,6614.0,46.49,继续持有
2021-11-30,持有,002006,精工科技,机械设备,8,800,23.98,32.0,--,--,6416.0,33.44,继续持有
2021-11-30,持有,002682,龙洲股份,交通运输,8,800,23.98,32.0,--,--,6416.0,33.44,继续持有
2021-11-30,持有,300745,欣锐科技,汽车,2,200,68.33,87.79,--,--,3892.0,28.48,继续持有
2021-11-30,持有,600078,澄星股份,基础化工,25,2500,7.92,10.44,--,--,6300.0,31.82,继续持有
2021-11-30,持有,300437,清水源,环保,6,600,33.18,38.2,--,--,3012.0,15.13,继续持有
2021-11-30,持有,603396,金辰股份,电力设备,1,100,130.05,148.6,--,--,1855.0,14.26,继续持有
2021-11-30,持有,688599,天合光能,电力设备,2,200,67.3,73.13,--,--,1166.0,8.66,继续持有
2021-11-30,持有,300052,中青宝,传媒,5,500,37.68,33.2,--,--,-2240.0,-11.89,继续持有
2021-11-30,持有,002529,*ST海源,其他,7,700,27.32,28.75,--,--,1001.0,5.23,继续持有
2021-11-30,持有,688556,高测股份,其他,2,200,67.7,78.2,--,--,2100.0,15.51,继续持有
2021-11-30,持有,920185,贝特瑞,其他,1,100,142.95,170.0,--,--,2705.0,18.92,继续持有
2021-11-30,持有,300681,英搏尔,汽车,1,100,106.0,124.51,--,--,1851.0,17.46,继续持有
2021-11-30,持有,300769,德方纳米,电力设备,--,--,--,659.89,--,--,0.0,0.0,继续持有
2021-11-30,持有,601126,四方股份,电力设备,9,900,20.66,24.44,--,--,3402.0,18.3,继续持有
2021-11-30,持有,000537,绿发电力,公用事业,11,1100,18.09,20.6,--,--,2761.0,13.88,继续持有
2021-11-30,持有,605117,德业股份,电力设备,--,--,--,282.26,--,--,0.0,0.0,继续持有
2021-11-30,持有,600071,凤凰光学,电子,3,300,51.62,55.69,--,--,1221.0,7.88,继续持有
2021-11-30,持有,300077,国民技术,电子,5,500,40.0,28.49,--,--,-5755.0,-28.78,继续持有
2021-11-30,持有,300432,富临精工,电力设备,6,600,32.87,37.29,--,--,2652.0,13.45,继续持有
2021-12-16,卖出,920185,贝特瑞,其他,1,100,142.95,146.03,14603.0,18.25,289.75,2.15,移出持仓池
2021-12-16,卖出,300681,英搏尔,汽车,1,100,106.0,95.8,9580.0,11.97,-1031.97,-9.62,移出持仓池
2021-12-16,卖出,300390,天华新能,电力设备,1,100,112.0,89.7,8970.0,11.21,-2241.21,-19.91,移出持仓池
2021-12-16,卖出,300077,国民技术,电子,5,500,40.0,28.56,14280.0,17.85,-5737.85,-28.6,移出持仓池
2021-12-16,卖出,300432,富临精工,电力设备,6,600,32.87,31.4,18840.0,23.55,-905.55,-4.47,移出持仓池
2021-12-16,卖出,002453,华软科技,基础化工,9,900,20.59,18.48,16632.0,20.79,-1919.79,-10.25,移出持仓池
2021-12-16,卖出,603897,长城科技,电力设备,3,300,63.7,57.76,17328.0,21.66,-1803.66,-9.32,移出持仓池
2021-12-16,卖出,603876,鼎胜新材,有色金属,4,400,47.37,40.7,16280.0,20.35,-2688.35,-14.08,移出持仓池
2021-12-16,买入,600860,京城股份,机械设备,9,900,21.64,21.64,19476.0,24.34,0.0,0.0,纳入持仓池
2021-12-16,买入,002432,九安医疗,医药生物,7,700,25.93,25.93,18151.0,22.69,0.0,0.0,纳入持仓池
2021-12-16,买入,000812,陕西金叶,轻工制造,19,1900,10.3,10.3,19570.0,24.46,0.0,0.0,纳入持仓池
2021-12-16,买入,002232,启明信息,计算机,6,600,30.6,30.6,18360.0,22.95,0.0,0.0,纳入持仓池
2021-12-16,买入,300364,中文在线,传媒,11,1100,18.12,18.12,19932.0,24.91,0.0,0.0,纳入持仓池
2021-12-16,买入,300772,运达股份,电力设备,4,400,49.08,49.08,19632.0,24.54,0.0,0.0,纳入持仓池
2021-12-16,买入,300969,恒帅股份,汽车,1,100,118.84,118.84,11884.0,14.86,0.0,0.0,纳入持仓池
2021-12-16,买入,002374,中锐股份,轻工制造,30,3000,6.52,6.52,19560.0,24.45,0.0,0.0,纳入持仓池
2021-12-16,买入,300471,厚普股份,机械设备,6,600,32.99,32.99,19794.0,24.74,0.0,0.0,纳入持仓池
2021-12-16,持有,300343,ST联创,基础化工,23,2300,8.54,19.35,--,--,24863.0,126.58,继续持有
2021-12-16,持有,603032,德新科技,电力设备,4,400,45.29,86.55,--,--,16504.0,91.1,继续持有
2021-12-16,持有,002487,大金重工,电力设备,6,600,30.0,40.78,--,--,6468.0,35.93,继续持有
2021-12-16,持有,600078,澄星股份,基础化工,25,2500,7.92,13.61,--,--,14225.0,71.84,继续持有
2021-12-16,持有,000537,绿发电力,公用事业,11,1100,18.09,26.61,--,--,9372.0,47.1,继续持有
2021-12-16,持有,002529,*ST海源,其他,7,700,27.32,34.2,--,--,4816.0,25.18,继续持有
2021-12-16,持有,002006,精工科技,机械设备,8,800,23.98,30.83,--,--,5480.0,28.57,继续持有
2021-12-16,持有,002682,龙洲股份,交通运输,8,800,23.98,30.83,--,--,5480.0,28.57,继续持有
2021-12-16,持有,688599,天合光能,电力设备,2,200,67.3,83.48,--,--,3236.0,24.04,继续持有
2021-12-16,持有,300052,中青宝,传媒,5,500,37.68,35.56,--,--,-1060.0,-5.63,继续持有
2021-12-16,持有,603396,金辰股份,电力设备,1,100,130.05,158.83,--,--,2878.0,22.13,继续持有
2021-12-16,持有,300619,金银河,电力设备,2,200,71.13,84.09,--,--,2592.0,18.22,继续持有
2021-12-16,持有,688556,高测股份,其他,2,200,67.7,78.6,--,--,2180.0,16.1,继续持有
2021-12-16,持有,601126,四方股份,电力设备,9,900,20.66,24.65,--,--,3591.0,19.31,继续持有
2021-12-16,持有,300437,清水源,环保,6,600,33.18,30.23,--,--,-1770.0,-8.89,继续持有
2021-12-16,持有,600071,凤凰光学,电子,3,300,51.62,51.34,--,--,-84.0,-0.54,继续持有
2021-12-16,持有,002326,永太科技,基础化工,5,500,35.47,55.93,--,--,10230.0,57.68,继续持有
2021-12-16,持有,688518,联赢激光,机械设备,4,400,49.67,52.53,--,--,1144.0,5.76,继续持有
2021-12-16,持有,002865,钧达股份,电力设备,3,300,63.76,61.31,--,--,-735.0,-3.84,继续持有
2021-12-16,持有,300745,欣锐科技,汽车,2,200,68.33,72.61,--,--,856.0,6.26,继续持有
2021-12-16,持有,300769,德方纳米,电力设备,--,--,--,593.0,--,--,0.0,0.0,继续持有
2021-12-31,卖出,603396,金辰股份,电力设备,1,100,130.05,123.0,12300.0,15.38,-720.38,-5.42,移出持仓池
2021-12-31,卖出,601126,四方股份,电力设备,9,900,20.66,20.9,18810.0,23.51,192.49,1.16,移出持仓池
2021-12-31,卖出,002326,永太科技,基础化工,5,500,35.47,51.21,25605.0,32.01,7837.99,44.38,移出持仓池
2021-12-31,卖出,688518,联赢激光,机械设备,4,400,49.67,49.27,19708.0,24.64,-184.64,-0.81,移出持仓池
2021-12-31,卖出,002232,启明信息,计算机,6,600,30.6,22.26,13356.0,16.7,-5020.7,-27.25,移出持仓池
2021-12-31,卖出,300364,中文在线,传媒,11,1100,18.12,14.83,16313.0,20.39,-3639.39,-18.16,移出持仓池
2021-12-31,卖出,300772,运达股份,电力设备,4,400,49.08,43.98,17592.0,21.99,-2061.99,-10.39,移出持仓池
2021-12-31,卖出,300969,恒帅股份,汽车,1,100,118.84,100.08,10008.0,12.51,-1888.51,-15.79,移出持仓池
2021-12-31,卖出,300471,厚普股份,机械设备,6,600,32.99,25.44,15264.0,19.08,-4549.08,-22.89,移出持仓池
2021-12-31,买入,002265,建设工业,汽车,7,700,25.33,25.33,17731.0,22.16,0.0,0.0,纳入持仓池
2021-12-31,买入,002943,宇晶股份,机械设备,3,300,55.95,55.95,16785.0,20.98,0.0,0.0,纳入持仓池
2021-12-31,买入,920946,森萱医药,其他,11,1100,17.6,17.6,19360.0,24.2,0.0,0.0,纳入持仓池
2021-12-31,买入,000819,岳阳兴长,石油石化,10,1000,18.43,18.43,18430.0,23.04,0.0,0.0,纳入持仓池
2021-12-31,买入,603985,恒润股份,电力设备,3,300,53.42,53.42,16026.0,20.03,0.0,0.0,纳入持仓池
2021-12-31,买入,002268,电科网安,其他,3,300,55.94,55.94,16782.0,20.98,0.0,0.0,纳入持仓池
2021-12-31,买入,600995,南网储能,公用事业,10,1000,19.87,19.87,19870.0,24.84,0.0,0.0,纳入持仓池
2021-12-31,买入,300681,英搏尔,汽车,1,100,102.2,102.2,10220.0,12.78,0.0,0.0,纳入持仓池
2021-12-31,买入,603982,泉峰汽车,汽车,4,400,47.0,47.0,18800.0,23.5,0.0,0.0,纳入持仓池
2021-12-31,买入,002176,江特电机,电力设备,9,900,20.76,20.76,18684.0,23.36,0.0,0.0,纳入持仓池
2021-12-31,持有,002432,九安医疗,医药生物,7,700,25.93,49.55,--,--,16534.0,91.09,继续持有
2021-12-31,持有,002487,大金重工,电力设备,6,600,30.0,38.75,--,--,5250.0,29.17,继续持有
2021-12-31,持有,300343,ST联创,基础化工,23,2300,8.54,17.02,--,--,19504.0,99.3,继续持有
2021-12-31,持有,000537,绿发电力,公用事业,11,1100,18.09,24.1,--,--,6611.0,33.22,继续持有
2021-12-31,持有,002374,中锐股份,轻工制造,30,3000,6.52,10.9,--,--,13140.0,67.18,继续持有
2021-12-31,持有,603032,德新科技,电力设备,4,400,45.29,80.27,--,--,13992.0,77.24,继续持有
2021-12-31,持有,300052,中青宝,传媒,5,500,37.68,32.66,--,--,-2510.0,-13.32,继续持有
2021-12-31,持有,600078,澄星股份,基础化工,25,2500,7.92,9.36,--,--,3600.0,18.18,继续持有
2021-12-31,持有,002865,钧达股份,电力设备,3,300,63.76,70.0,--,--,1872.0,9.79,继续持有
2021-12-31,持有,600071,凤凰光学,电子,3,300,51.62,51.46,--,--,-48.0,-0.31,继续持有
2021-12-31,持有,300619,金银河,电力设备,2,200,71.13,87.17,--,--,3208.0,22.55,继续持有
2021-12-31,持有,600860,京城股份,机械设备,9,900,21.64,19.7,--,--,-1746.0,-8.96,继续持有
2021-12-31,持有,002529,*ST海源,其他,7,700,27.32,30.75,--,--,2401.0,12.55,继续持有
2021-12-31,持有,002682,龙洲股份,交通运输,8,800,23.98,26.88,--,--,2320.0,12.09,继续持有
2021-12-31,持有,002006,精工科技,机械设备,8,800,23.98,26.88,--,--,2320.0,12.09,继续持有
2021-12-31,持有,300437,清水源,环保,6,600,33.18,26.57,--,--,-3966.0,-19.92,继续持有
2021-12-31,持有,688556,高测股份,其他,2,200,67.7,67.49,--,--,-42.0,-0.31,继续持有
2021-12-31,持有,688599,天合光能,电力设备,2,200,67.3,78.9,--,--,2320.0,17.24,继续持有
2021-12-31,持有,300745,欣锐科技,汽车,2,200,68.33,64.2,--,--,-826.0,-6.04,继续持有
2021-12-31,持有,000812,陕西金叶,轻工制造,19,1900,10.3,9.38,--,--,-1748.0,-8.93,继续持有
2022-01-17,卖出,600078,澄星股份,基础化工,25,2500,7.92,8.14,20350.0,25.44,524.56,2.78,移出持仓池
2022-01-17,卖出,002865,钧达股份,电力设备,3,300,63.76,59.59,17877.0,22.35,-1273.35,-6.54,移出持仓池
2022-01-17,卖出,002943,宇晶股份,机械设备,3,300,55.95,43.07,12921.0,16.15,-3880.15,-23.02,移出持仓池
2022-01-17,卖出,002529,*ST海源,其他,7,700,27.32,26.26,18382.0,22.98,-764.98,-3.88,移出持仓池
2022-01-17,卖出,002682,龙洲股份,交通运输,8,800,23.98,22.97,18376.0,22.97,-830.97,-4.21,移出持仓池
2022-01-17,卖出,000819,岳阳兴长,石油石化,10,1000,18.43,15.18,15180.0,18.98,-3268.98,-17.63,移出持仓池
2022-01-17,卖出,603985,恒润股份,电力设备,3,300,53.42,40.45,12135.0,15.17,-3906.17,-24.28,移出持仓池
2022-01-17,卖出,002268,电科网安,其他,3,300,55.94,48.3,14490.0,18.11,-2310.11,-13.66,移出持仓池
2022-01-17,卖出,688599,天合光能,电力设备,2,200,67.3,67.37,13474.0,16.84,-2.84,0.1,移出持仓池
2022-01-17,卖出,603982,泉峰汽车,汽车,4,400,47.0,39.71,15884.0,19.86,-2935.86,-15.51,移出持仓池
2022-01-17,卖出,002176,江特电机,电力设备,9,900,20.76,17.47,15723.0,19.65,-2980.65,-15.85,移出持仓池
2022-01-17,卖出,000812,陕西金叶,轻工制造,19,1900,10.3,8.18,15542.0,19.43,-4047.43,-20.58,移出持仓池
2022-01-17,买入,300199,翰宇药业,医药生物,9,900,20.3,20.3,18270.0,22.84,0.0,0.0,纳入持仓池
2022-01-17,买入,300969,恒帅股份,汽车,1,100,137.11,137.11,13711.0,17.14,0.0,0.0,纳入持仓池
2022-01-17,买入,002453,华软科技,基础化工,9,900,21.29,21.29,19161.0,23.95,0.0,0.0,纳入持仓池
2022-01-17,买入,000056,*ST皇庭,房地产,23,2300,8.65,8.65,19895.0,24.87,0.0,0.0,纳入持仓池
2022-01-17,买入,002349,精华制药,医药生物,12,1200,16.09,16.09,19308.0,24.14,0.0,0.0,纳入持仓池
2022-01-17,买入,920826,盖世食品,其他,10,1000,19.0,19.0,19000.0,23.75,0.0,0.0,纳入持仓池
2022-01-17,买入,000665,湖北广电,传媒,18,1800,10.68,10.68,19224.0,24.03,0.0,0.0,纳入持仓池
2022-01-17,买入,920670,数字人,其他,6,600,31.2,31.2,18720.0,23.4,0.0,0.0,纳入持仓池
2022-01-17,买入,300412,迦南科技,机械设备,8,800,24.82,24.82,19856.0,24.82,0.0,0.0,纳入持仓池
2022-01-17,买入,688533,上声电子,汽车,1,200,59.5,59.5,11900.0,14.88,0.0,0.0,纳入持仓池
2022-01-17,买入,603665,康隆达,纺织服饰,5,500,37.67,37.67,18835.0,23.54,0.0,0.0,纳入持仓池
2022-01-17,买入,300364,中文在线,传媒,14,1400,14.07,14.07,19698.0,24.62,0.0,0.0,纳入持仓池
2022-01-17,持有,002432,九安医疗,医药生物,7,700,25.93,82.81,--,--,39816.0,219.36,继续持有
2022-01-17,持有,920946,森萱医药,其他,11,1100,17.6,28.97,--,--,12507.0,64.6,继续持有
2022-01-17,持有,002487,大金重工,电力设备,6,600,30.0,33.3,--,--,1980.0,11.0,继续持有
2022-01-17,持有,000537,绿发电力,公用事业,11,1100,18.09,19.56,--,--,1617.0,8.13,继续持有
2022-01-17,持有,603032,德新科技,电力设备,4,400,45.29,74.6,--,--,11724.0,64.72,继续持有
2022-01-17,持有,300052,中青宝,传媒,5,500,37.68,35.45,--,--,-1115.0,-5.92,继续持有
2022-01-17,持有,600860,京城股份,机械设备,9,900,21.64,19.87,--,--,-1593.0,-8.18,继续持有
2022-01-17,持有,002374,中锐股份,轻工制造,30,3000,6.52,8.22,--,--,5100.0,26.07,继续持有
2022-01-17,持有,002265,建设工业,汽车,7,700,25.33,21.39,--,--,-2758.0,-15.55,继续持有
2022-01-17,持有,300681,英搏尔,汽车,1,100,102.2,114.5,--,--,1230.0,12.04,继续持有
2022-01-17,持有,600071,凤凰光学,电子,3,300,51.62,44.96,--,--,-1998.0,-12.9,继续持有
2022-01-17,持有,300437,清水源,环保,6,600,33.18,26.03,--,--,-4290.0,-21.55,继续持有
2022-01-17,持有,688556,高测股份,其他,2,200,67.7,65.8,--,--,-380.0,-2.81,继续持有
2022-01-17,持有,300745,欣锐科技,汽车,2,200,68.33,65.99,--,--,-468.0,-3.42,继续持有
2022-01-17,持有,300619,金银河,电力设备,2,200,71.13,71.23,--,--,20.0,0.14,继续持有
2022-01-17,持有,300343,ST联创,基础化工,23,2300,8.54,16.94,--,--,19320.0,98.36,继续持有
2022-01-17,持有,600995,南网储能,公用事业,10,1000,19.87,17.8,--,--,-2070.0,-10.42,继续持有
2022-01-17,持有,002006,精工科技,机械设备,8,800,23.98,22.97,--,--,-808.0,-4.21,继续持有
2022-01-28,卖出,002453,华软科技,基础化工,9,900,21.29,16.97,15273.0,19.09,-3907.09,-20.29,移出持仓池
2022-01-28,卖出,300681,英搏尔,汽车,1,100,102.2,100.38,10038.0,12.55,-194.55,-1.78,移出持仓池
2022-01-28,卖出,000665,湖北广电,传媒,18,1800,10.68,7.25,13050.0,16.31,-6190.31,-32.12,移出持仓池
2022-01-28,卖出,300745,欣锐科技,汽车,2,200,68.33,54.71,10942.0,13.68,-2737.68,-19.93,移出持仓池
2022-01-28,卖出,300412,迦南科技,机械设备,8,800,24.82,15.41,12328.0,15.41,-7543.41,-37.91,移出持仓池
2022-01-28,卖出,300343,ST联创,基础化工,23,2300,8.54,12.73,29279.0,36.6,9600.4,49.06,移出持仓池
2022-01-28,卖出,300364,中文在线,传媒,14,1400,14.07,10.82,15148.0,18.93,-4568.93,-23.1,移出持仓池
2022-01-28,卖出,002006,精工科技,机械设备,8,800,23.98,19.57,15656.0,19.57,-3547.57,-18.39,移出持仓池
2022-01-28,买入,603123,翠微股份,商贸零售,9,900,20.24,20.24,18216.0,22.77,0.0,0.0,纳入持仓池
2022-01-28,买入,603985,恒润股份,电力设备,4,400,45.51,45.51,18204.0,22.75,0.0,0.0,纳入持仓池
2022-01-28,买入,000838,*ST发展,房地产,28,2800,6.98,6.98,19544.0,24.43,0.0,0.0,纳入持仓池
2022-01-28,买入,603606,东方电缆,电力设备,3,300,59.2,59.2,17760.0,22.2,0.0,0.0,纳入持仓池
2022-01-28,买入,300769,德方纳米,电力设备,0,0,553.0,553.0,0,0,0.0,0.0,"资金不足一手（需55,300元，分配20,000元）"
2022-01-28,买入,002865,钧达股份,电力设备,3,300,66.05,66.05,19815.0,24.77,0.0,0.0,纳入持仓池
2022-01-28,买入,300584,海辰药业,医药生物,4,400,40.81,40.81,16324.0,20.41,0.0,0.0,纳入持仓池
2022-01-28,买入,600522,中天科技,通信,12,1200,16.62,16.62,19944.0,24.93,0.0,0.0,纳入持仓池
2022-01-28,持有,002432,九安医疗,医药生物,7,700,25.93,61.71,--,--,25046.0,137.99,继续持有
2022-01-28,持有,000537,绿发电力,公用事业,11,1100,18.09,21.17,--,--,3388.0,17.03,继续持有
2022-01-28,持有,920946,森萱医药,其他,11,1100,17.6,23.88,--,--,6908.0,35.68,继续持有
2022-01-28,持有,002487,大金重工,电力设备,6,600,30.0,39.59,--,--,5754.0,31.97,继续持有
2022-01-28,持有,600071,凤凰光学,电子,3,300,51.62,40.08,--,--,-3462.0,-22.36,继续持有
2022-01-28,持有,300969,恒帅股份,汽车,1,100,137.11,97.61,--,--,-3950.0,-28.81,继续持有
2022-01-28,持有,603032,德新科技,电力设备,4,400,45.29,72.93,--,--,11056.0,61.03,继续持有
2022-01-28,持有,300052,中青宝,传媒,5,500,37.68,23.55,--,--,-7065.0,-37.5,继续持有
2022-01-28,持有,603665,康隆达,纺织服饰,5,500,37.67,38.0,--,--,165.0,0.88,继续持有
2022-01-28,持有,920670,数字人,其他,6,600,31.2,30.73,--,--,-282.0,-1.51,继续持有
2022-01-28,持有,002349,精华制药,医药生物,12,1200,16.09,13.01,--,--,-3696.0,-19.14,继续持有
2022-01-28,持有,600860,京城股份,机械设备,9,900,21.64,15.05,--,--,-5931.0,-30.45,继续持有
2022-01-28,持有,600995,南网储能,公用事业,10,1000,19.87,16.51,--,--,-3360.0,-16.91,继续持有
2022-01-28,持有,002265,建设工业,汽车,7,700,25.33,17.17,--,--,-5712.0,-32.21,继续持有
2022-01-28,持有,300619,金银河,电力设备,2,200,71.13,62.68,--,--,-1690.0,-11.88,继续持有
2022-01-28,持有,300437,清水源,环保,6,600,33.18,20.99,--,--,-7314.0,-36.74,继续持有
2022-01-28,持有,688556,高测股份,其他,2,200,67.7,67.71,--,--,2.0,0.01,继续持有
2022-01-28,持有,000056,*ST皇庭,房地产,23,2300,8.65,7.05,--,--,-3680.0,-18.5,继续持有
2022-01-28,持有,688533,上声电子,汽车,2,200,59.5,51.26,--,--,-1648.0,-13.85,继续持有
2022-01-28,持有,300199,翰宇药业,医药生物,9,900,20.3,11.6,--,--,-7830.0,-42.86,继续持有
2022-01-28,持有,920826,盖世食品,其他,10,1000,19.0,13.65,--,--,-5350.0,-28.16,继续持有
2022-01-28,持有,002374,中锐股份,轻工制造,30,3000,6.52,5.69,--,--,-2490.0,-12.73,继续持有
2022-02-17,卖出,300969,恒帅股份,汽车,1,100,137.11,81.1,8110.0,10.14,-5611.14,-40.85,移出持仓池
2022-02-17,卖出,603032,德新科技,电力设备,4,400,45.29,61.8,24720.0,30.9,6573.1,36.45,移出持仓池
2022-02-17,卖出,600860,京城股份,机械设备,9,900,21.64,14.39,12951.0,16.19,-6541.19,-33.5,移出持仓池
2022-02-17,卖出,300619,金银河,电力设备,2,200,71.13,65.15,13030.0,16.29,-1212.29,-8.41,移出持仓池
2022-02-17,卖出,300584,海辰药业,医药生物,4,400,40.81,39.25,15700.0,19.62,-643.62,-3.82,移出持仓池
2022-02-17,卖出,688556,高测股份,其他,2,200,67.7,62.73,12546.0,15.68,-1009.68,-7.34,移出持仓池
2022-02-17,卖出,688533,上声电子,汽车,2,200,59.5,46.8,9360.0,11.7,-2551.7,-21.34,移出持仓池
2022-02-17,卖出,920826,盖世食品,其他,10,1000,19.0,13.1,13100.0,16.38,-5916.38,-31.05,移出持仓池
2022-02-17,买入,300261,雅本化学,基础化工,9,900,21.89,21.89,19701.0,24.63,0.0,0.0,纳入持仓池
2022-02-17,买入,300546,雄帝科技,计算机,5,500,37.72,37.72,18860.0,23.57,0.0,0.0,纳入持仓池
2022-02-17,买入,002761,浙江建投,建筑装饰,11,1100,17.53,17.53,19283.0,24.1,0.0,0.0,纳入持仓池
2022-02-17,买入,603398,*ST沐邦,电力设备,9,900,21.87,21.87,19683.0,24.6,0.0,0.0,纳入持仓池
2022-02-17,买入,600880,博瑞传播,社会服务,23,2300,8.38,8.38,19274.0,24.09,0.0,0.0,纳入持仓池
2022-02-17,买入,002131,利欧股份,机械设备,23,2300,8.38,8.38,19274.0,24.09,0.0,0.0,纳入持仓池
2022-02-17,买入,920090,*ST同辉,其他,26,2600,7.6,7.6,19760.0,24.7,0.0,0.0,纳入持仓池
2022-02-17,买入,603399,永杉锂业,有色金属,13,1300,14.6,14.6,18980.0,23.73,0.0,0.0,纳入持仓池
2022-02-17,持有,002432,九安医疗,医药生物,7,700,25.93,60.41,--,--,24136.0,132.97,继续持有
2022-02-17,持有,002487,大金重工,电力设备,6,600,30.0,46.08,--,--,9648.0,53.6,继续持有
2022-02-17,持有,920946,森萱医药,其他,11,1100,17.6,19.96,--,--,2596.0,13.41,继续持有
2022-02-17,持有,000537,绿发电力,公用事业,11,1100,18.09,18.04,--,--,-55.0,-0.28,继续持有
2022-02-17,持有,603123,翠微股份,商贸零售,9,900,20.24,23.19,--,--,2655.0,14.58,继续持有
2022-02-17,持有,603665,康隆达,纺织服饰,5,500,37.67,39.2,--,--,765.0,4.06,继续持有
2022-02-17,持有,300052,中青宝,传媒,5,500,37.68,25.77,--,--,-5955.0,-31.61,继续持有
2022-02-17,持有,300199,翰宇药业,医药生物,9,900,20.3,15.66,--,--,-4176.0,-22.86,继续持有
2022-02-17,持有,600071,凤凰光学,电子,3,300,51.62,38.15,--,--,-4041.0,-26.09,继续持有
2022-02-17,持有,300437,清水源,环保,6,600,33.18,25.75,--,--,-4458.0,-22.39,继续持有
2022-02-17,持有,000838,*ST发展,房地产,28,2800,6.98,6.96,--,--,-56.0,-0.29,继续持有
2022-02-17,持有,603606,东方电缆,电力设备,3,300,59.2,59.48,--,--,84.0,0.47,继续持有
2022-02-17,持有,600522,中天科技,通信,12,1200,16.62,18.12,--,--,1800.0,9.03,继续持有
2022-02-17,持有,002265,建设工业,汽车,7,700,25.33,17.37,--,--,-5572.0,-31.43,继续持有
2022-02-17,持有,002865,钧达股份,电力设备,3,300,66.05,64.65,--,--,-420.0,-2.12,继续持有
2022-02-17,持有,002374,中锐股份,轻工制造,30,3000,6.52,6.24,--,--,-840.0,-4.29,继续持有
2022-02-17,持有,002349,精华制药,医药生物,12,1200,16.09,13.18,--,--,-3492.0,-18.09,继续持有
2022-02-17,持有,920670,数字人,其他,6,600,31.2,28.4,--,--,-1680.0,-8.97,继续持有
2022-02-17,持有,000056,*ST皇庭,房地产,23,2300,8.65,8.14,--,--,-1173.0,-5.9,继续持有
2022-02-17,持有,603985,恒润股份,电力设备,4,400,45.51,49.7,--,--,1676.0,9.21,继续持有
2022-02-17,持有,300769,德方纳米,电力设备,--,--,--,590.6,--,--,0.0,0.0,继续持有
2022-02-17,持有,600995,南网储能,公用事业,10,1000,19.87,15.96,--,--,-3910.0,-19.68,继续持有
2022-02-28,卖出,300546,雄帝科技,计算机,5,500,37.72,30.22,15110.0,18.89,-3768.89,-19.88,移出持仓池
2022-02-28,卖出,600880,博瑞传播,社会服务,23,2300,8.38,6.05,13915.0,17.39,-5376.39,-27.8,移出持仓池
2022-02-28,卖出,002131,利欧股份,机械设备,23,2300,8.38,6.05,13915.0,17.39,-5376.39,-27.8,移出持仓池
2022-02-28,卖出,920090,*ST同辉,其他,26,2600,7.6,6.7,17420.0,21.78,-2361.78,-11.84,移出持仓池
2022-02-28,卖出,002374,中锐股份,轻工制造,30,3000,6.52,5.26,15780.0,19.73,-3799.73,-19.33,移出持仓池
2022-02-28,卖出,920670,数字人,其他,6,600,31.2,22.5,13500.0,16.88,-5236.88,-27.88,移出持仓池
2022-02-28,买入,300584,海辰药业,医药生物,2,200,71.0,71.0,14200.0,17.75,0.0,0.0,纳入持仓池
2022-02-28,买入,000815,美利云,计算机,15,1500,12.89,12.89,19335.0,24.17,0.0,0.0,纳入持仓池
2022-02-28,买入,300249,依米康,计算机,11,1100,17.33,17.33,19063.0,23.83,0.0,0.0,纳入持仓池
2022-02-28,买入,002779,中坚科技,机械设备,7,700,26.39,26.39,18473.0,23.09,0.0,0.0,纳入持仓池
2022-02-28,买入,300203,聚光科技,环保,6,600,28.68,28.68,17208.0,21.51,0.0,0.0,纳入持仓池
2022-02-28,买入,002738,中矿资源,有色金属,1,100,107.79,107.79,10779.0,13.47,0.0,0.0,纳入持仓池
2022-02-28,买入,603297,永新光学,电子,1,100,122.0,122.0,12200.0,15.25,0.0,0.0,纳入持仓池
2022-02-28,持有,002432,九安医疗,医药生物,7,700,25.93,64.27,--,--,26838.0,147.86,继续持有
2022-02-28,持有,300261,雅本化学,基础化工,9,900,21.89,28.87,--,--,6282.0,31.89,继续持有
2022-02-28,持有,000537,绿发电力,公用事业,11,1100,18.09,21.3,--,--,3531.0,17.74,继续持有
2022-02-28,持有,002487,大金重工,电力设备,6,600,30.0,43.54,--,--,8124.0,45.13,继续持有
2022-02-28,持有,920946,森萱医药,其他,11,1100,17.6,19.74,--,--,2354.0,12.16,继续持有
2022-02-28,持有,300199,翰宇药业,医药生物,9,900,20.3,19.66,--,--,-576.0,-3.15,继续持有
2022-02-28,持有,603399,永杉锂业,有色金属,13,1300,14.6,21.43,--,--,8879.0,46.78,继续持有
2022-02-28,持有,603665,康隆达,纺织服饰,5,500,37.67,41.9,--,--,2115.0,11.23,继续持有
2022-02-28,持有,600071,凤凰光学,电子,3,300,51.62,39.91,--,--,-3513.0,-22.69,继续持有
2022-02-28,持有,300052,中青宝,传媒,5,500,37.68,23.65,--,--,-7015.0,-37.23,继续持有
2022-02-28,持有,002865,钧达股份,电力设备,3,300,66.05,76.49,--,--,3132.0,15.81,继续持有
2022-02-28,持有,603123,翠微股份,商贸零售,9,900,20.24,19.31,--,--,-837.0,-4.59,继续持有
2022-02-28,持有,000056,*ST皇庭,房地产,23,2300,8.65,8.93,--,--,644.0,3.24,继续持有
2022-02-28,持有,000838,*ST发展,房地产,28,2800,6.98,7.4,--,--,1176.0,6.02,继续持有
2022-02-28,持有,300437,清水源,环保,6,600,33.18,26.7,--,--,-3888.0,-19.53,继续持有
2022-02-28,持有,603606,东方电缆,电力设备,3,300,59.2,59.42,--,--,66.0,0.37,继续持有
2022-02-28,持有,002349,精华制药,医药生物,12,1200,16.09,14.02,--,--,-2484.0,-12.87,继续持有
2022-02-28,持有,603398,*ST沐邦,电力设备,9,900,21.87,22.0,--,--,117.0,0.59,继续持有
2022-02-28,持有,002265,建设工业,汽车,7,700,25.33,17.69,--,--,-5348.0,-30.16,继续持有
2022-02-28,持有,600522,中天科技,通信,12,1200,16.62,18.71,--,--,2508.0,12.58,继续持有
2022-02-28,持有,603985,恒润股份,电力设备,4,400,45.51,45.42,--,--,-36.0,-0.2,继续持有
2022-02-28,持有,300769,德方纳米,电力设备,--,--,--,656.0,--,--,0.0,0.0,继续持有
2022-02-28,持有,600995,南网储能,公用事业,10,1000,19.87,15.4,--,--,-4470.0,-22.5,继续持有
2022-03-16,卖出,000056,*ST皇庭,房地产,23,2300,8.65,6.74,15502.0,19.38,-4412.38,-22.08,移出持仓池
2022-03-16,卖出,603398,*ST沐邦,电力设备,9,900,21.87,20.45,18405.0,23.01,-1301.01,-6.49,移出持仓池
2022-03-16,卖出,002265,建设工业,汽车,7,700,25.33,14.89,10423.0,13.03,-7321.03,-41.22,移出持仓池
2022-03-16,卖出,300203,聚光科技,环保,6,600,28.68,25.8,15480.0,19.35,-1747.35,-10.04,移出持仓池
2022-03-16,卖出,603985,恒润股份,电力设备,4,400,45.51,33.77,13508.0,16.89,-4712.89,-25.8,移出持仓池
2022-03-16,卖出,002738,中矿资源,有色金属,1,100,107.79,95.6,9560.0,11.95,-1230.95,-11.31,移出持仓池
2022-03-16,卖出,603297,永新光学,电子,1,100,122.0,121.17,12117.0,15.15,-98.15,-0.68,移出持仓池
2022-03-16,卖出,600995,南网储能,公用事业,10,1000,19.87,13.62,13620.0,17.02,-6267.02,-31.45,移出持仓池
2022-03-16,买入,002761,浙江建投,建筑装饰,6,600,31.46,31.46,18876.0,23.59,0.0,0.0,纳入持仓池
2022-03-16,买入,600056,中国医药,医药生物,7,700,27.49,27.49,19243.0,24.05,0.0,0.0,纳入持仓池
2022-03-16,买入,300546,雄帝科技,计算机,5,500,37.82,37.82,18910.0,23.64,0.0,0.0,纳入持仓池
2022-03-16,买入,300649,杭州园林,建筑装饰,5,500,37.3,37.3,18650.0,23.31,0.0,0.0,纳入持仓池
2022-03-16,买入,688533,上声电子,汽车,2,400,47.5,47.5,19000.0,23.75,0.0,0.0,纳入持仓池
2022-03-16,买入,600818,ST中路,汽车,10,1000,19.33,19.33,19330.0,24.16,0.0,0.0,纳入持仓池
2022-03-16,买入,002053,云南能投,公用事业,10,1000,19.33,19.33,19330.0,24.16,0.0,0.0,纳入持仓池
2022-03-16,买入,605116,奥锐特,医药生物,6,600,29.0,29.0,17400.0,21.75,0.0,0.0,纳入持仓池
2022-03-16,买入,002731,ST萃华,纺织服饰,15,1500,13.06,13.06,19590.0,24.49,0.0,0.0,纳入持仓池
2022-03-16,持有,002432,九安医疗,医药生物,7,700,25.93,60.74,--,--,24367.0,134.25,继续持有
2022-03-16,持有,300584,海辰药业,医药生物,2,200,71.0,75.81,--,--,962.0,6.77,继续持有
2022-03-16,持有,300261,雅本化学,基础化工,9,900,21.89,26.45,--,--,4104.0,20.83,继续持有
2022-03-16,持有,300199,翰宇药业,医药生物,9,900,20.3,20.65,--,--,315.0,1.72,继续持有
2022-03-16,持有,920946,森萱医药,其他,11,1100,17.6,20.62,--,--,3322.0,17.16,继续持有
2022-03-16,持有,603665,康隆达,纺织服饰,5,500,37.67,44.56,--,--,3445.0,18.29,继续持有
2022-03-16,持有,000537,绿发电力,公用事业,11,1100,18.09,16.32,--,--,-1947.0,-9.78,继续持有
2022-03-16,持有,300052,中青宝,传媒,5,500,37.68,25.89,--,--,-5895.0,-31.29,继续持有
2022-03-16,持有,002865,钧达股份,电力设备,3,300,66.05,90.4,--,--,7305.0,36.87,继续持有
2022-03-16,持有,300249,依米康,计算机,11,1100,17.33,20.2,--,--,3157.0,16.56,继续持有
2022-03-16,持有,000838,*ST发展,房地产,28,2800,6.98,9.05,--,--,5796.0,29.66,继续持有
2022-03-16,持有,600071,凤凰光学,电子,3,300,51.62,39.5,--,--,-3636.0,-23.48,继续持有
2022-03-16,持有,603399,永杉锂业,有色金属,13,1300,14.6,19.46,--,--,6318.0,33.29,继续持有
2022-03-16,持有,000815,美利云,计算机,15,1500,12.89,19.16,--,--,9405.0,48.64,继续持有
2022-03-16,持有,002349,精华制药,医药生物,12,1200,16.09,15.83,--,--,-312.0,-1.62,继续持有
2022-03-16,持有,002487,大金重工,电力设备,6,600,30.0,33.82,--,--,2292.0,12.73,继续持有
2022-03-16,持有,603123,翠微股份,商贸零售,9,900,20.24,16.67,--,--,-3213.0,-17.64,继续持有
2022-03-16,持有,600522,中天科技,通信,12,1200,16.62,19.03,--,--,2892.0,14.5,继续持有
2022-03-16,持有,300437,清水源,环保,6,600,33.18,22.78,--,--,-6240.0,-31.34,继续持有
2022-03-16,持有,603606,东方电缆,电力设备,3,300,59.2,57.05,--,--,-645.0,-3.63,继续持有
2022-03-16,持有,002779,中坚科技,机械设备,7,700,26.39,26.48,--,--,63.0,0.34,继续持有
2022-03-31,卖出,000537,绿发电力,公用事业,11,1100,18.09,17.01,18711.0,23.39,-1211.39,-5.97,移出持仓池
2022-03-31,卖出,300052,中青宝,传媒,5,500,37.68,27.19,13595.0,16.99,-5261.99,-27.84,移出持仓池
2022-03-31,卖出,600071,凤凰光学,电子,3,300,51.62,34.95,10485.0,13.11,-5014.11,-32.29,移出持仓池
2022-03-31,卖出,002487,大金重工,电力设备,6,600,30.0,31.3,18780.0,23.48,756.52,4.33,移出持仓池
2022-03-31,卖出,600522,中天科技,通信,12,1200,16.62,17.0,20400.0,25.5,430.5,2.29,移出持仓池
2022-03-31,卖出,300649,杭州园林,建筑装饰,5,500,37.3,34.2,17100.0,21.38,-1571.38,-8.31,移出持仓池
2022-03-31,卖出,300437,清水源,环保,6,600,33.18,23.61,14166.0,17.71,-5759.71,-28.84,移出持仓池
2022-03-31,卖出,603606,东方电缆,电力设备,3,300,59.2,51.55,15465.0,19.33,-2314.33,-12.92,移出持仓池
2022-03-31,卖出,600818,ST中路,汽车,10,1000,19.33,18.77,18770.0,23.46,-583.46,-2.9,移出持仓池
2022-03-31,卖出,002779,中坚科技,机械设备,7,700,26.39,26.3,18410.0,23.01,-86.01,-0.34,移出持仓池
2022-03-31,卖出,002053,云南能投,公用事业,10,1000,19.33,18.77,18770.0,23.46,-583.46,-2.9,移出持仓池
2022-03-31,卖出,605116,奥锐特,医药生物,6,600,29.0,23.77,14262.0,17.83,-3155.83,-18.03,移出持仓池
2022-03-31,买入,000965,天保基建,房地产,23,2300,8.55,8.55,19665.0,24.58,0.0,0.0,纳入持仓池
2022-03-31,买入,603363,傲农生物,农林牧渔,8,800,23.8,23.8,19040.0,23.8,0.0,0.0,纳入持仓池
2022-03-31,买入,600860,京城股份,机械设备,10,1000,19.3,19.3,19300.0,24.12,0.0,0.0,纳入持仓池
2022-03-31,买入,000056,*ST皇庭,房地产,23,2300,8.5,8.5,19550.0,24.44,0.0,0.0,纳入持仓池
2022-03-31,买入,002864,盘龙药业,医药生物,3,300,62.04,62.04,18612.0,23.27,0.0,0.0,纳入持仓池
2022-03-31,买入,000665,湖北广电,传媒,21,2100,9.48,9.48,19908.0,24.89,0.0,0.0,纳入持仓池
2022-03-31,买入,000410,沈阳机床,其他,14,1400,14.14,14.14,19796.0,24.75,0.0,0.0,纳入持仓池
2022-03-31,买入,000736,*ST中地,房地产,14,1400,14.14,14.14,19796.0,24.75,0.0,0.0,纳入持仓池
2022-03-31,买入,002537,海联金汇,汽车,15,1500,12.53,12.53,18795.0,23.49,0.0,0.0,纳入持仓池
2022-03-31,买入,600706,曲江文旅,社会服务,13,1300,14.86,14.86,19318.0,24.15,0.0,0.0,纳入持仓池
2022-03-31,买入,600657,信达地产,房地产,26,2600,7.66,7.66,19916.0,24.89,0.0,0.0,纳入持仓池
2022-03-31,买入,603229,奥翔药业,医药生物,3,300,58.67,58.67,17601.0,22.0,0.0,0.0,纳入持仓池
2022-03-31,持有,002432,九安医疗,医药生物,7,700,25.93,75.68,--,--,34825.0,191.86,继续持有
2022-03-31,持有,002761,浙江建投,建筑装饰,6,600,31.46,35.66,--,--,2520.0,13.35,继续持有
2022-03-31,持有,603399,永杉锂业,有色金属,13,1300,14.6,27.37,--,--,16601.0,87.47,继续持有
2022-03-31,持有,300261,雅本化学,基础化工,9,900,21.89,24.02,--,--,1917.0,9.73,继续持有
2022-03-31,持有,002349,精华制药,医药生物,12,1200,16.09,22.37,--,--,7536.0,39.03,继续持有
2022-03-31,持有,300199,翰宇药业,医药生物,9,900,20.3,17.49,--,--,-2529.0,-13.84,继续持有
2022-03-31,持有,300584,海辰药业,医药生物,2,200,71.0,55.01,--,--,-3198.0,-22.52,继续持有
2022-03-31,持有,600056,中国医药,医药生物,7,700,27.49,36.36,--,--,6209.0,32.27,继续持有
2022-03-31,持有,000838,*ST发展,房地产,28,2800,6.98,9.14,--,--,6048.0,30.95,继续持有
2022-03-31,持有,300546,雄帝科技,计算机,5,500,37.82,44.02,--,--,3100.0,16.39,继续持有
2022-03-31,持有,603665,康隆达,纺织服饰,5,500,37.67,45.4,--,--,3865.0,20.52,继续持有
2022-03-31,持有,002865,钧达股份,电力设备,3,300,66.05,83.07,--,--,5106.0,25.77,继续持有
2022-03-31,持有,603123,翠微股份,商贸零售,9,900,20.24,19.13,--,--,-999.0,-5.48,继续持有
2022-03-31,持有,920946,森萱医药,其他,11,1100,17.6,19.09,--,--,1639.0,8.47,继续持有
2022-03-31,持有,000815,美利云,计算机,15,1500,12.89,15.2,--,--,3465.0,17.92,继续持有
2022-03-31,持有,688533,上声电子,汽车,4,400,47.5,44.4,--,--,-1240.0,-6.53,继续持有
2022-03-31,持有,002731,ST萃华,纺织服饰,15,1500,13.06,14.89,--,--,2745.0,14.01,继续持有
2022-03-31,持有,300249,依米康,计算机,11,1100,17.33,15.96,--,--,-1507.0,-7.91,继续持有
2022-04-18,卖出,300546,雄帝科技,计算机,5,500,37.82,31.62,15810.0,19.76,-3119.76,-16.39,移出持仓池
2022-04-18,卖出,603665,康隆达,纺织服饰,5,500,37.67,39.19,19595.0,24.49,735.51,4.04,移出持仓池
2022-04-18,卖出,002864,盘龙药业,医药生物,3,300,62.04,45.12,13536.0,16.92,-5092.92,-27.27,移出持仓池
2022-04-18,卖出,000815,美利云,计算机,15,1500,12.89,12.37,18555.0,23.19,-803.19,-4.03,移出持仓池
2022-04-18,卖出,002731,ST萃华,纺织服饰,15,1500,13.06,14.27,21405.0,26.76,1788.24,9.26,移出持仓池
2022-04-18,卖出,002537,海联金汇,汽车,15,1500,12.53,9.14,13710.0,17.14,-5102.14,-27.06,移出持仓池
2022-04-18,卖出,300249,依米康,计算机,11,1100,17.33,12.62,13882.0,17.35,-5198.35,-27.18,移出持仓池
2022-04-18,卖出,600706,曲江文旅,社会服务,13,1300,14.86,12.37,16081.0,20.1,-3257.1,-16.76,移出持仓池
2022-04-18,卖出,600657,信达地产,房地产,26,2600,7.66,6.03,15678.0,19.6,-4257.6,-21.28,移出持仓池
2022-04-18,买入,600381,*ST春天,食品饮料,10,1000,18.82,18.82,18820.0,23.53,0.0,0.0,纳入持仓池
2022-04-18,买入,301073,君亭酒店,社会服务,2,200,76.06,76.06,15212.0,19.02,0.0,0.0,纳入持仓池
2022-04-18,买入,301060,兰卫医学,医药生物,4,400,46.71,46.71,18684.0,23.36,0.0,0.0,纳入持仓池
2022-04-18,买入,600818,ST中路,汽车,10,1000,19.11,19.11,19110.0,23.89,0.0,0.0,纳入持仓池
2022-04-18,买入,002053,云南能投,公用事业,10,1000,19.11,19.11,19110.0,23.89,0.0,0.0,纳入持仓池
2022-04-18,买入,000521,长虹美菱,家用电器,5,500,39.1,39.1,19550.0,24.44,0.0,0.0,纳入持仓池
2022-04-18,买入,000893,亚钾国际,基础化工,5,500,39.1,39.1,19550.0,24.44,0.0,0.0,纳入持仓池
2022-04-18,买入,000514,渝 开 发,房地产,29,2900,6.73,6.73,19517.0,24.4,0.0,0.0,纳入持仓池
2022-04-18,买入,603648,畅联股份,交通运输,12,1200,16.14,16.14,19368.0,24.21,0.0,0.0,纳入持仓池
2022-04-18,持有,002432,九安医疗,医药生物,7,700,25.93,80.9,--,--,38479.0,211.99,继续持有
2022-04-18,持有,603399,永杉锂业,有色金属,13,1300,14.6,27.0,--,--,16120.0,84.93,继续持有
2022-04-18,持有,000410,沈阳机床,其他,14,1400,14.14,22.0,--,--,11004.0,55.59,继续持有
2022-04-18,持有,000736,*ST中地,房地产,14,1400,14.14,22.0,--,--,11004.0,55.59,继续持有
2022-04-18,持有,002761,浙江建投,建筑装饰,6,600,31.46,23.51,--,--,-4770.0,-25.27,继续持有
2022-04-18,持有,300261,雅本化学,基础化工,9,900,21.89,16.74,--,--,-4635.0,-23.53,继续持有
2022-04-18,持有,000965,天保基建,房地产,23,2300,8.55,7.02,--,--,-3519.0,-17.89,继续持有
2022-04-18,持有,002349,精华制药,医药生物,12,1200,16.09,16.95,--,--,1032.0,5.34,继续持有
2022-04-18,持有,603363,傲农生物,农林牧渔,8,800,23.8,26.65,--,--,2280.0,11.97,继续持有
2022-04-18,持有,600860,京城股份,机械设备,10,1000,19.3,16.97,--,--,-2330.0,-12.07,继续持有
2022-04-18,持有,603229,奥翔药业,医药生物,3,300,58.67,71.6,--,--,3879.0,22.04,继续持有
2022-04-18,持有,300199,翰宇药业,医药生物,9,900,20.3,14.74,--,--,-5004.0,-27.39,继续持有
2022-04-18,持有,300584,海辰药业,医药生物,2,200,71.0,45.12,--,--,-5176.0,-36.45,继续持有
2022-04-18,持有,000838,*ST发展,房地产,28,2800,6.98,7.62,--,--,1792.0,9.17,继续持有
2022-04-18,持有,688533,上声电子,汽车,4,400,47.5,44.18,--,--,-1328.0,-6.99,继续持有
2022-04-18,持有,000056,*ST皇庭,房地产,23,2300,8.5,8.07,--,--,-989.0,-5.06,继续持有
2022-04-18,持有,002865,钧达股份,电力设备,3,300,66.05,76.14,--,--,3027.0,15.28,继续持有
2022-04-18,持有,603123,翠微股份,商贸零售,9,900,20.24,15.32,--,--,-4428.0,-24.31,继续持有
2022-04-18,持有,920946,森萱医药,其他,11,1100,17.6,15.47,--,--,-2343.0,-12.1,继续持有
2022-04-18,持有,000665,湖北广电,传媒,21,2100,9.48,7.92,--,--,-3276.0,-16.46,继续持有
2022-04-18,持有,600056,中国医药,医药生物,7,700,27.49,24.24,--,--,-2275.0,-11.82,继续持有
2022-04-29,卖出,603363,傲农生物,农林牧渔,8,800,23.8,16.58,13264.0,16.58,-5792.58,-30.34,移出持仓池
2022-04-29,卖出,000056,*ST皇庭,房地产,23,2300,8.5,5.35,12305.0,15.38,-7260.38,-37.06,移出持仓池
2022-04-29,卖出,600818,ST中路,汽车,10,1000,19.11,15.41,15410.0,19.26,-3719.26,-19.36,移出持仓池
2022-04-29,卖出,002053,云南能投,公用事业,10,1000,19.11,15.41,15410.0,19.26,-3719.26,-19.36,移出持仓池
2022-04-29,卖出,000521,长虹美菱,家用电器,5,500,39.1,35.6,17800.0,22.25,-1772.25,-8.95,移出持仓池
2022-04-29,卖出,000893,亚钾国际,基础化工,5,500,39.1,35.6,17800.0,22.25,-1772.25,-8.95,移出持仓池
2022-04-29,卖出,920946,森萱医药,其他,11,1100,17.6,12.14,13354.0,16.69,-6022.69,-31.02,移出持仓池
2022-04-29,卖出,000514,渝 开 发,房地产,29,2900,6.73,5.47,15863.0,19.83,-3673.83,-18.72,移出持仓池
2022-04-29,卖出,603648,畅联股份,交通运输,12,1200,16.14,10.55,12660.0,15.83,-6723.83,-34.63,移出持仓池
2022-04-29,买入,600062,华润双鹤,其他,6,600,30.11,30.11,18066.0,22.58,0.0,0.0,纳入持仓池
2022-04-29,买入,688091,上海谊众,其他,0,0,112.68,112.68,0,0,0.0,0.0,"资金不足一手（需22,536元，分配20,000元）"
2022-04-29,买入,000722,湖南发展,公用事业,13,1300,15.11,15.11,19643.0,24.55,0.0,0.0,纳入持仓池
2022-04-29,买入,600657,信达地产,房地产,30,3000,6.61,6.61,19830.0,24.79,0.0,0.0,纳入持仓池
2022-04-29,买入,688180,君实生物,医药生物,1,200,95.46,95.46,19092.0,23.87,0.0,0.0,纳入持仓池
2022-04-29,买入,002244,滨江集团,房地产,24,2400,8.24,8.24,19776.0,24.72,0.0,0.0,纳入持仓池
2022-04-29,买入,600854,春兰股份,房地产,29,2900,6.83,6.83,19807.0,24.76,0.0,0.0,纳入持仓池
2022-04-29,买入,002205,国统股份,建筑材料,15,1500,13.22,13.22,19830.0,24.79,0.0,0.0,纳入持仓池
2022-04-29,买入,600078,澄星股份,基础化工,16,1600,11.8,11.8,18880.0,23.6,0.0,0.0,纳入持仓池
2022-04-29,持有,002432,九安医疗,医药生物,7,700,25.93,80.66,--,--,38311.0,211.07,继续持有
2022-04-29,持有,000410,沈阳机床,其他,14,1400,14.14,25.41,--,--,15778.0,79.7,继续持有
2022-04-29,持有,000736,*ST中地,房地产,14,1400,14.14,25.41,--,--,15778.0,79.7,继续持有
2022-04-29,持有,002761,浙江建投,建筑装饰,6,600,31.46,30.75,--,--,-426.0,-2.26,继续持有
2022-04-29,持有,603399,永杉锂业,有色金属,13,1300,14.6,20.88,--,--,8164.0,43.01,继续持有
2022-04-29,持有,000965,天保基建,房地产,23,2300,8.55,6.83,--,--,-3956.0,-20.12,继续持有
2022-04-29,持有,603229,奥翔药业,医药生物,3,300,58.67,72.45,--,--,4134.0,23.49,继续持有
2022-04-29,持有,300199,翰宇药业,医药生物,9,900,20.3,13.78,--,--,-5868.0,-32.12,继续持有
2022-04-29,持有,300261,雅本化学,基础化工,9,900,21.89,13.57,--,--,-7488.0,-38.01,继续持有
2022-04-29,持有,600860,京城股份,机械设备,10,1000,19.3,15.82,--,--,-3480.0,-18.03,继续持有
2022-04-29,持有,301073,君亭酒店,社会服务,2,200,76.06,72.95,--,--,-622.0,-4.09,继续持有
2022-04-29,持有,002349,精华制药,医药生物,12,1200,16.09,13.89,--,--,-2640.0,-13.67,继续持有
2022-04-29,持有,688533,上声电子,汽车,4,400,47.5,42.84,--,--,-1864.0,-9.81,继续持有
2022-04-29,持有,600381,*ST春天,食品饮料,10,1000,18.82,15.93,--,--,-2890.0,-15.36,继续持有
2022-04-29,持有,000838,*ST发展,房地产,28,2800,6.98,6.49,--,--,-1372.0,-7.02,继续持有
2022-04-29,持有,000665,湖北广电,传媒,21,2100,9.48,7.55,--,--,-4053.0,-20.36,继续持有
2022-04-29,持有,002865,钧达股份,电力设备,3,300,66.05,71.08,--,--,1509.0,7.62,继续持有
2022-04-29,持有,300584,海辰药业,医药生物,2,200,71.0,33.61,--,--,-7478.0,-52.66,继续持有
2022-04-29,持有,603123,翠微股份,商贸零售,9,900,20.24,12.58,--,--,-6894.0,-37.85,继续持有
2022-04-29,持有,301060,兰卫医学,医药生物,4,400,46.71,38.86,--,--,-3140.0,-16.81,继续持有
2022-04-29,持有,600056,中国医药,医药生物,7,700,27.49,21.15,--,--,-4438.0,-23.06,继续持有
2022-05-18,卖出,688533,上声电子,汽车,4,400,47.5,47.76,19104.0,23.88,80.12,0.55,移出持仓池
2022-05-18,卖出,002865,钧达股份,电力设备,3,300,66.05,78.12,23436.0,29.3,3591.7,18.27,移出持仓池
2022-05-18,卖出,600854,春兰股份,房地产,29,2900,6.83,6.85,19865.0,24.83,33.17,0.29,移出持仓池
2022-05-18,卖出,002205,国统股份,建筑材料,15,1500,13.22,12.32,18480.0,23.1,-1373.1,-6.81,移出持仓池
2022-05-18,卖出,301060,兰卫医学,医药生物,4,400,46.71,39.23,15692.0,19.62,-3011.62,-16.01,移出持仓池
2022-05-18,卖出,600056,中国医药,医药生物,7,700,27.49,21.76,15232.0,19.04,-4030.04,-20.84,移出持仓池
2022-05-18,卖出,600078,澄星股份,基础化工,16,1600,11.8,9.62,15392.0,19.24,-3507.24,-18.47,移出持仓池
2022-05-18,买入,603908,牧高笛,纺织服饰,2,200,97.89,97.89,19578.0,24.47,0.0,0.0,纳入持仓池
2022-05-18,买入,000756,新华制药,医药生物,7,700,25.15,25.15,17605.0,22.01,0.0,0.0,纳入持仓池
2022-05-18,买入,301089,拓新药业,医药生物,1,100,141.0,141.0,14100.0,17.62,0.0,0.0,纳入持仓池
2022-05-18,买入,002561,徐家汇,商贸零售,12,1200,15.95,15.95,19140.0,23.93,0.0,0.0,纳入持仓池
2022-05-18,买入,600734,*ST实达,通信,32,3200,6.15,6.15,19680.0,24.6,0.0,0.0,纳入持仓池
2022-05-18,买入,000525,红太阳,其他,17,1700,11.26,11.26,19142.0,23.93,0.0,0.0,纳入持仓池
2022-05-18,买入,000815,美利云,计算机,17,1700,11.62,11.62,19754.0,24.69,0.0,0.0,纳入持仓池
2022-05-18,持有,002432,九安医疗,医药生物,7,700,25.93,69.79,--,--,30702.0,169.15,继续持有
2022-05-18,持有,002761,浙江建投,建筑装饰,6,600,31.46,32.15,--,--,414.0,2.19,继续持有
2022-05-18,持有,000410,沈阳机床,其他,14,1400,14.14,20.75,--,--,9254.0,46.75,继续持有
2022-05-18,持有,000736,*ST中地,房地产,14,1400,14.14,20.75,--,--,9254.0,46.75,继续持有
2022-05-18,持有,688091,上海谊众,其他,--,--,--,151.2,--,--,0.0,0.0,继续持有
2022-05-18,持有,300261,雅本化学,基础化工,9,900,21.89,17.69,--,--,-3780.0,-19.19,继续持有
2022-05-18,持有,603399,永杉锂业,有色金属,13,1300,14.6,22.2,--,--,9880.0,52.05,继续持有
2022-05-18,持有,000838,*ST发展,房地产,28,2800,6.98,8.35,--,--,3836.0,19.63,继续持有
2022-05-18,持有,600860,京城股份,机械设备,10,1000,19.3,17.66,--,--,-1640.0,-8.5,继续持有
2022-05-18,持有,000965,天保基建,房地产,23,2300,8.55,6.64,--,--,-4393.0,-22.34,继续持有
2022-05-18,持有,000722,湖南发展,公用事业,13,1300,15.11,20.69,--,--,7254.0,36.93,继续持有
2022-05-18,持有,002349,精华制药,医药生物,12,1200,16.09,15.65,--,--,-528.0,-2.73,继续持有
2022-05-18,持有,301073,君亭酒店,社会服务,2,200,76.06,76.72,--,--,132.0,0.87,继续持有
2022-05-18,持有,000665,湖北广电,传媒,21,2100,9.48,8.59,--,--,-1869.0,-9.39,继续持有
2022-05-18,持有,600062,华润双鹤,其他,6,600,30.11,27.97,--,--,-1284.0,-7.11,继续持有
2022-05-18,持有,603229,奥翔药业,医药生物,3,300,58.67,66.97,--,--,2490.0,14.15,继续持有
2022-05-18,持有,300199,翰宇药业,医药生物,9,900,20.3,14.76,--,--,-4986.0,-27.29,继续持有
2022-05-18,持有,688180,君实生物,医药生物,2,200,95.46,106.9,--,--,2288.0,11.98,继续持有
2022-05-18,持有,600381,*ST春天,食品饮料,10,1000,18.82,14.15,--,--,-4670.0,-24.81,继续持有
2022-05-18,持有,603123,翠微股份,商贸零售,9,900,20.24,14.24,--,--,-5400.0,-29.64,继续持有
2022-05-18,持有,300584,海辰药业,医药生物,2,200,71.0,35.42,--,--,-7116.0,-50.11,继续持有
2022-05-18,持有,600657,信达地产,房地产,30,3000,6.61,6.77,--,--,480.0,2.42,继续持有
2022-05-18,持有,002244,滨江集团,房地产,24,2400,8.24,8.12,--,--,-288.0,-1.46,继续持有
2022-05-31,卖出,301089,拓新药业,医药生物,1,100,141.0,123.95,12395.0,15.49,-1720.49,-12.09,移出持仓池
2022-05-31,卖出,600734,*ST实达,通信,32,3200,6.15,5.25,16800.0,21.0,-2901.0,-14.63,移出持仓池
2022-05-31,卖出,603229,奥翔药业,医药生物,3,300,58.67,35.15,10545.0,13.18,-7069.18,-40.09,移出持仓池
2022-05-31,卖出,300199,翰宇药业,医药生物,9,900,20.3,13.37,12033.0,15.04,-6252.04,-34.14,移出持仓池
2022-05-31,卖出,688180,君实生物,医药生物,2,200,95.46,84.48,16896.0,21.12,-2217.12,-11.5,移出持仓池
2022-05-31,卖出,300584,海辰药业,医药生物,2,200,71.0,31.52,6304.0,7.88,-7903.88,-55.61,移出持仓池
2022-05-31,卖出,600657,信达地产,房地产,30,3000,6.61,5.6,16800.0,21.0,-3051.0,-15.28,移出持仓池
2022-05-31,卖出,002244,滨江集团,房地产,24,2400,8.24,7.56,18144.0,22.68,-1654.68,-8.25,移出持仓池
2022-05-31,卖出,000525,红太阳,其他,17,1700,11.26,10.77,18309.0,22.89,-855.89,-4.35,移出持仓池
2022-05-31,卖出,000815,美利云,计算机,17,1700,11.62,10.92,18564.0,23.21,-1213.21,-6.02,移出持仓池
2022-05-31,买入,600313,农发种业,农林牧渔,12,1200,15.84,15.84,19008.0,23.76,0.0,0.0,纳入持仓池
2022-05-31,买入,000957,中通客车,其他,13,1300,15.02,15.02,19526.0,24.41,0.0,0.0,纳入持仓池
2022-05-31,买入,000595,*ST宝实,机械设备,30,3000,6.53,6.53,19590.0,24.49,0.0,0.0,纳入持仓池
2022-05-31,买入,000151,中成股份,商贸零售,11,1100,17.7,17.7,19470.0,24.34,0.0,0.0,纳入持仓池
2022-05-31,买入,600546,山煤国际,煤炭,11,1100,17.94,17.94,19734.0,24.67,0.0,0.0,纳入持仓池
2022-05-31,买入,000707,双环科技,基础化工,13,1300,15.32,15.32,19916.0,24.89,0.0,0.0,纳入持仓池
2022-05-31,买入,600283,钱江水利,环保,9,900,21.49,21.49,19341.0,24.18,0.0,0.0,纳入持仓池
2022-05-31,买入,601666,平煤股份,煤炭,13,1300,15.31,15.31,19903.0,24.88,0.0,0.0,纳入持仓池
2022-05-31,买入,600502,安徽建工,建筑装饰,26,2600,7.53,7.53,19578.0,24.47,0.0,0.0,纳入持仓池
2022-05-31,买入,000893,亚钾国际,基础化工,5,500,35.28,35.28,17640.0,22.05,0.0,0.0,纳入持仓池
2022-05-31,持有,002761,浙江建投,建筑装饰,6,600,31.46,37.03,--,--,3342.0,17.71,继续持有
2022-05-31,持有,002432,九安医疗,医药生物,7,700,25.93,59.21,--,--,23296.0,128.35,继续持有
2022-05-31,持有,000756,新华制药,医药生物,7,700,25.15,33.24,--,--,5663.0,32.17,继续持有
2022-05-31,持有,000410,沈阳机床,其他,14,1400,14.14,18.43,--,--,6006.0,30.34,继续持有
2022-05-31,持有,000736,*ST中地,房地产,14,1400,14.14,18.43,--,--,6006.0,30.34,继续持有
2022-05-31,持有,688091,上海谊众,其他,--,--,--,167.04,--,--,0.0,0.0,继续持有
2022-05-31,持有,603399,永杉锂业,有色金属,13,1300,14.6,21.76,--,--,9308.0,49.04,继续持有
2022-05-31,持有,000965,天保基建,房地产,23,2300,8.55,6.18,--,--,-5451.0,-27.72,继续持有
2022-05-31,持有,002349,精华制药,医药生物,12,1200,16.09,14.54,--,--,-1860.0,-9.63,继续持有
2022-05-31,持有,002561,徐家汇,商贸零售,12,1200,15.95,17.1,--,--,1380.0,7.21,继续持有
2022-05-31,持有,000665,湖北广电,传媒,21,2100,9.48,9.17,--,--,-651.0,-3.27,继续持有
2022-05-31,持有,603908,牧高笛,纺织服饰,2,200,97.89,87.29,--,--,-2120.0,-10.83,继续持有
2022-05-31,持有,301073,君亭酒店,社会服务,2,200,76.06,78.15,--,--,418.0,2.75,继续持有
2022-05-31,持有,000722,湖南发展,公用事业,13,1300,15.11,18.77,--,--,4758.0,24.22,继续持有
2022-05-31,持有,600381,*ST春天,食品饮料,10,1000,18.82,15.11,--,--,-3710.0,-19.71,继续持有
2022-05-31,持有,600062,华润双鹤,其他,6,600,30.11,27.42,--,--,-1614.0,-8.93,继续持有
2022-05-31,持有,600860,京城股份,机械设备,10,1000,19.3,18.11,--,--,-1190.0,-6.17,继续持有
2022-05-31,持有,000838,*ST发展,房地产,28,2800,6.98,7.18,--,--,560.0,2.87,继续持有
2022-05-31,持有,300261,雅本化学,基础化工,9,900,21.89,14.0,--,--,-7101.0,-36.04,继续持有
2022-05-31,持有,603123,翠微股份,商贸零售,9,900,20.24,13.3,--,--,-6246.0,-34.29,继续持有
2022-06-16,卖出,002561,徐家汇,商贸零售,12,1200,15.95,11.59,13908.0,17.39,-5249.39,-27.34,移出持仓池
2022-06-16,卖出,301073,君亭酒店,社会服务,2,200,76.06,51.9,10380.0,12.97,-4844.97,-31.76,移出持仓池
2022-06-16,卖出,000722,湖南发展,公用事业,13,1300,15.11,14.97,19461.0,24.33,-206.33,-0.93,移出持仓池
2022-06-16,卖出,600381,*ST春天,食品饮料,10,1000,18.82,13.39,13390.0,16.74,-5446.74,-28.85,移出持仓池
2022-06-16,卖出,600062,华润双鹤,其他,6,600,30.11,20.6,12360.0,15.45,-5721.45,-31.58,移出持仓池
2022-06-16,卖出,600860,京城股份,机械设备,10,1000,19.3,17.53,17530.0,21.91,-1791.91,-9.17,移出持仓池
2022-06-16,卖出,000838,*ST发展,房地产,28,2800,6.98,6.54,18312.0,22.89,-1254.89,-6.3,移出持仓池
2022-06-16,卖出,000707,双环科技,基础化工,13,1300,15.32,13.91,18083.0,22.6,-1855.6,-9.2,移出持仓池
2022-06-16,卖出,600283,钱江水利,环保,9,900,21.49,19.65,17685.0,22.11,-1678.11,-8.56,移出持仓池
2022-06-16,卖出,601666,平煤股份,煤炭,13,1300,15.31,14.66,19058.0,23.82,-868.82,-4.25,移出持仓池
2022-06-16,卖出,600502,安徽建工,建筑装饰,26,2600,7.53,6.73,17498.0,21.87,-2101.87,-10.62,移出持仓池
2022-06-16,卖出,000893,亚钾国际,基础化工,5,500,35.28,36.55,18275.0,22.84,612.16,3.6,移出持仓池
2022-06-16,买入,603069,海汽集团,交通运输,5,500,37.68,37.68,18840.0,23.55,0.0,0.0,纳入持仓池
2022-06-16,买入,605366,宏柏新材,基础化工,6,600,32.75,32.75,19650.0,24.56,0.0,0.0,纳入持仓池
2022-06-16,买入,300700,岱勒新材,机械设备,6,600,31.9,31.9,19140.0,23.93,0.0,0.0,纳入持仓池
2022-06-16,买入,000025,特  力Ａ,综合,6,600,32.49,32.49,19494.0,24.37,0.0,0.0,纳入持仓池
2022-06-16,买入,603668,天马科技,农林牧渔,10,1000,18.66,18.66,18660.0,23.32,0.0,0.0,纳入持仓池
2022-06-16,买入,000810,创维数字,家用电器,11,1100,17.34,17.34,19074.0,23.84,0.0,0.0,纳入持仓池
2022-06-16,买入,603477,巨星农牧,农林牧渔,7,700,25.62,25.62,17934.0,22.42,0.0,0.0,纳入持仓池
2022-06-16,买入,600880,博瑞传播,社会服务,26,2600,7.59,7.59,19734.0,24.67,0.0,0.0,纳入持仓池
2022-06-16,买入,002131,利欧股份,机械设备,26,2600,7.59,7.59,19734.0,24.67,0.0,0.0,纳入持仓池
2022-06-16,买入,002101,广东鸿图,其他,11,1100,17.73,17.73,19503.0,24.38,0.0,0.0,纳入持仓池
2022-06-16,买入,601975,招商南油,交通运输,51,5100,3.92,3.92,19992.0,24.99,0.0,0.0,纳入持仓池
2022-06-16,买入,002205,国统股份,建筑材料,14,1400,13.9,13.9,19460.0,24.32,0.0,0.0,纳入持仓池
2022-06-16,持有,002761,浙江建投,建筑装饰,6,600,31.46,31.89,--,--,258.0,1.37,继续持有
2022-06-16,持有,000957,中通客车,其他,13,1300,15.02,17.25,--,--,2899.0,14.85,继续持有
2022-06-16,持有,688091,上海谊众,其他,--,--,--,162.12,--,--,0.0,0.0,继续持有
2022-06-16,持有,603399,永杉锂业,有色金属,13,1300,14.6,25.15,--,--,13715.0,72.26,继续持有
2022-06-16,持有,002432,九安医疗,医药生物,7,700,25.93,60.5,--,--,24199.0,133.32,继续持有
2022-06-16,持有,002349,精华制药,医药生物,12,1200,16.09,15.82,--,--,-324.0,-1.68,继续持有
2022-06-16,持有,603908,牧高笛,纺织服饰,2,200,97.89,100.2,--,--,462.0,2.36,继续持有
2022-06-16,持有,600313,农发种业,农林牧渔,12,1200,15.84,13.33,--,--,-3012.0,-15.85,继续持有
2022-06-16,持有,000410,沈阳机床,其他,14,1400,14.14,16.38,--,--,3136.0,15.84,继续持有
2022-06-16,持有,000736,*ST中地,房地产,14,1400,14.14,16.38,--,--,3136.0,15.84,继续持有
2022-06-16,持有,000665,湖北广电,传媒,21,2100,9.48,8.87,--,--,-1281.0,-6.43,继续持有
2022-06-16,持有,000965,天保基建,房地产,23,2300,8.55,5.91,--,--,-6072.0,-30.88,继续持有
2022-06-16,持有,000756,新华制药,医药生物,7,700,25.15,25.61,--,--,322.0,1.83,继续持有
2022-06-16,持有,600546,山煤国际,煤炭,11,1100,17.94,19.75,--,--,1991.0,10.09,继续持有
2022-06-16,持有,300261,雅本化学,基础化工,9,900,21.89,14.14,--,--,-6975.0,-35.4,继续持有
2022-06-16,持有,000595,*ST宝实,机械设备,30,3000,6.53,5.6,--,--,-2790.0,-14.24,继续持有
2022-06-16,持有,000151,中成股份,商贸零售,11,1100,17.7,15.45,--,--,-2475.0,-12.71,继续持有
2022-06-16,持有,603123,翠微股份,商贸零售,9,900,20.24,14.04,--,--,-5580.0,-30.63,继续持有
2022-06-30,卖出,002432,九安医疗,医药生物,7,700,25.93,60.06,42042.0,52.55,23838.45,131.62,移出持仓池
2022-06-30,卖出,000665,湖北广电,传媒,21,2100,9.48,8.44,17724.0,22.16,-2206.16,-10.97,移出持仓池
2022-06-30,卖出,000965,天保基建,房地产,23,2300,8.55,5.64,12972.0,16.21,-6709.21,-34.04,移出持仓池
2022-06-30,卖出,000025,特  力Ａ,综合,6,600,32.49,23.55,14130.0,17.66,-5381.66,-27.52,移出持仓池
2022-06-30,卖出,300261,雅本化学,基础化工,9,900,21.89,14.72,13248.0,16.56,-6469.56,-32.75,移出持仓池
2022-06-30,卖出,000595,*ST宝实,机械设备,30,3000,6.53,4.56,13680.0,17.1,-5927.1,-30.17,移出持仓池
2022-06-30,卖出,000810,创维数字,家用电器,11,1100,17.34,16.21,17831.0,22.29,-1265.29,-6.52,移出持仓池
2022-06-30,卖出,603477,巨星农牧,农林牧渔,7,700,25.62,23.98,16786.0,20.98,-1168.98,-6.4,移出持仓池
2022-06-30,卖出,600880,博瑞传播,社会服务,26,2600,7.59,6.29,16354.0,20.44,-3400.44,-17.13,移出持仓池
2022-06-30,卖出,002131,利欧股份,机械设备,26,2600,7.59,6.29,16354.0,20.44,-3400.44,-17.13,移出持仓池
2022-06-30,卖出,000151,中成股份,商贸零售,11,1100,17.7,13.03,14333.0,17.92,-5154.92,-26.38,移出持仓池
2022-06-30,卖出,002205,国统股份,建筑材料,14,1400,13.9,13.75,19250.0,24.06,-234.06,-1.08,移出持仓池
2022-06-30,卖出,603123,翠微股份,商贸零售,9,900,20.24,13.36,12024.0,15.03,-6207.03,-33.99,移出持仓池
2022-06-30,买入,002909,集泰股份,基础化工,11,1100,17.88,17.88,19668.0,24.59,0.0,0.0,纳入持仓池
2022-06-30,买入,000707,双环科技,基础化工,11,1100,16.99,16.99,18689.0,23.36,0.0,0.0,纳入持仓池
2022-06-30,买入,603688,石英股份,基础化工,1,100,132.61,132.61,13261.0,16.58,0.0,0.0,纳入持仓池
2022-06-30,买入,002731,ST萃华,纺织服饰,9,900,22.02,22.02,19818.0,24.77,0.0,0.0,纳入持仓池
2022-06-30,买入,600062,华润双鹤,其他,7,700,25.66,25.66,17962.0,22.45,0.0,0.0,纳入持仓池
2022-06-30,买入,300859,西域旅游,社会服务,4,400,40.5,40.5,16200.0,20.25,0.0,0.0,纳入持仓池
2022-06-30,买入,301073,君亭酒店,社会服务,2,200,69.34,69.34,13868.0,17.34,0.0,0.0,纳入持仓池
2022-06-30,买入,601007,金陵饭店,社会服务,17,1700,11.18,11.18,19006.0,23.76,0.0,0.0,纳入持仓池
2022-06-30,买入,002244,滨江集团,房地产,23,2300,8.65,8.65,19895.0,24.87,0.0,0.0,纳入持仓池
2022-06-30,买入,603612,索通发展,基础化工,5,500,36.85,36.85,18425.0,23.03,0.0,0.0,纳入持仓池
2022-06-30,买入,002053,云南能投,公用事业,11,1100,18.15,18.15,19965.0,24.96,0.0,0.0,纳入持仓池
2022-06-30,买入,600818,ST中路,汽车,11,1100,18.15,18.15,19965.0,24.96,0.0,0.0,纳入持仓池
2022-06-30,买入,603868,飞科电器,家用电器,2,200,75.75,75.75,15150.0,18.94,0.0,0.0,纳入持仓池
2022-06-30,买入,002805,丰元股份,电力设备,3,300,61.9,61.9,18570.0,23.21,0.0,0.0,纳入持仓池
2022-06-30,持有,002761,浙江建投,建筑装饰,6,600,31.46,30.87,--,--,-354.0,-1.88,继续持有
2022-06-30,持有,603399,永杉锂业,有色金属,13,1300,14.6,24.91,--,--,13403.0,70.62,继续持有
2022-06-30,持有,688091,上海谊众,其他,--,--,--,159.4,--,--,0.0,0.0,继续持有
2022-06-30,持有,603069,海汽集团,交通运输,5,500,37.68,43.65,--,--,2985.0,15.84,继续持有
2022-06-30,持有,002349,精华制药,医药生物,12,1200,16.09,15.09,--,--,-1200.0,-6.22,继续持有
2022-06-30,持有,000756,新华制药,医药生物,7,700,25.15,27.53,--,--,1666.0,9.46,继续持有
2022-06-30,持有,000736,*ST中地,房地产,14,1400,14.14,15.91,--,--,2478.0,12.52,继续持有
2022-06-30,持有,000410,沈阳机床,其他,14,1400,14.14,15.91,--,--,2478.0,12.52,继续持有
2022-06-30,持有,605366,宏柏新材,基础化工,6,600,32.75,29.79,--,--,-1776.0,-9.04,继续持有
2022-06-30,持有,603908,牧高笛,纺织服饰,2,200,97.89,95.15,--,--,-548.0,-2.8,继续持有
2022-06-30,持有,600546,山煤国际,煤炭,11,1100,17.94,19.46,--,--,1672.0,8.47,继续持有
2022-06-30,持有,300700,岱勒新材,机械设备,6,600,31.9,31.54,--,--,-216.0,-1.13,继续持有
2022-06-30,持有,600313,农发种业,农林牧渔,12,1200,15.84,11.88,--,--,-4752.0,-25.0,继续持有
2022-06-30,持有,603668,天马科技,农林牧渔,10,1000,18.66,20.49,--,--,1830.0,9.81,继续持有
2022-06-30,持有,601975,招商南油,交通运输,51,5100,3.92,4.03,--,--,561.0,2.81,继续持有
2022-06-30,持有,002101,广东鸿图,其他,11,1100,17.73,22.8,--,--,5577.0,28.6,继续持有
2022-07-15,卖出,002349,精华制药,医药生物,12,1200,16.09,14.14,16968.0,21.21,-2361.21,-12.12,移出持仓池
2022-07-15,卖出,002909,集泰股份,基础化工,11,1100,17.88,11.55,12705.0,15.88,-6978.88,-35.4,移出持仓池
2022-07-15,卖出,000707,双环科技,基础化工,11,1100,16.99,13.12,14432.0,18.04,-4275.04,-22.78,移出持仓池
2022-07-15,卖出,000736,*ST中地,房地产,14,1400,14.14,13.06,18284.0,22.86,-1534.86,-7.64,移出持仓池
2022-07-15,卖出,000410,沈阳机床,其他,14,1400,14.14,13.06,18284.0,22.86,-1534.86,-7.64,移出持仓池
2022-07-15,卖出,600546,山煤国际,煤炭,11,1100,17.94,14.27,15697.0,19.62,-4056.62,-20.46,移出持仓池
2022-07-15,卖出,002731,ST萃华,纺织服饰,9,900,22.02,21.2,19080.0,23.85,-761.85,-3.72,移出持仓池
2022-07-15,卖出,300859,西域旅游,社会服务,4,400,40.5,37.7,15080.0,18.85,-1138.85,-6.91,移出持仓池
2022-07-15,卖出,603668,天马科技,农林牧渔,10,1000,18.66,20.89,20890.0,26.11,2203.89,11.95,移出持仓池
2022-07-15,卖出,301073,君亭酒店,社会服务,2,200,69.34,65.84,13168.0,16.46,-716.46,-5.05,移出持仓池
2022-07-15,卖出,601007,金陵饭店,社会服务,17,1700,11.18,9.02,15334.0,19.17,-3691.17,-19.32,移出持仓池
2022-07-15,卖出,002244,滨江集团,房地产,23,2300,8.65,8.61,19803.0,24.75,-116.75,-0.46,移出持仓池
2022-07-15,卖出,601975,招商南油,交通运输,51,5100,3.92,3.17,16167.0,20.21,-3845.21,-19.13,移出持仓池
2022-07-15,卖出,603868,飞科电器,家用电器,2,200,75.75,85.53,17106.0,21.38,1934.62,12.91,移出持仓池
2022-07-15,买入,000957,中通客车,其他,8,800,24.15,24.15,19320.0,24.15,0.0,0.0,纳入持仓池
2022-07-15,买入,002514,*ST宝馨,其他,13,1300,14.32,14.32,18616.0,23.27,0.0,0.0,纳入持仓池
2022-07-15,买入,688063,派能科技,电力设备,0,0,426.01,426.01,0,0,0.0,0.0,"资金不足一手（需85,202元，分配20,000元）"
2022-07-15,买入,603176,汇通集团,建筑装饰,22,2200,8.71,8.71,19162.0,23.95,0.0,0.0,纳入持仓池
2022-07-15,买入,300565,科信技术,通信,7,700,26.0,26.0,18200.0,22.75,0.0,0.0,纳入持仓池
2022-07-15,买入,002965,祥鑫科技,汽车,3,300,53.19,53.19,15957.0,19.95,0.0,0.0,纳入持仓池
2022-07-15,买入,002843,泰嘉股份,机械设备,8,800,22.51,22.51,18008.0,22.51,0.0,0.0,纳入持仓池
2022-07-15,买入,603917,合力科技,汽车,5,500,38.82,38.82,19410.0,24.26,0.0,0.0,纳入持仓池
2022-07-15,买入,300438,鹏辉能源,电力设备,2,200,81.78,81.78,16356.0,20.45,0.0,0.0,纳入持仓池
2022-07-15,买入,002866,传艺科技,电子,8,800,24.75,24.75,19800.0,24.75,0.0,0.0,纳入持仓池
2022-07-15,买入,300428,立中集团,汽车,4,400,41.82,41.82,16728.0,20.91,0.0,0.0,纳入持仓池
2022-07-15,买入,002031,巨轮智能,其他,47,4700,4.19,4.19,19693.0,24.62,0.0,0.0,纳入持仓池
2022-07-15,买入,000722,湖南发展,公用事业,11,1100,16.68,16.68,18348.0,22.93,0.0,0.0,纳入持仓池
2022-07-15,买入,002865,钧达股份,电力设备,1,100,111.73,111.73,11173.0,13.97,0.0,0.0,纳入持仓池
2022-07-15,持有,002761,浙江建投,建筑装饰,6,600,31.46,28.56,--,--,-1740.0,-9.22,继续持有
2022-07-15,持有,603399,永杉锂业,有色金属,13,1300,14.6,22.73,--,--,10569.0,55.68,继续持有
2022-07-15,持有,688091,上海谊众,其他,--,--,--,144.12,--,--,0.0,0.0,继续持有
2022-07-15,持有,002101,广东鸿图,其他,11,1100,17.73,30.24,--,--,13761.0,70.56,继续持有
2022-07-15,持有,603688,石英股份,基础化工,1,100,132.61,144.51,--,--,1190.0,8.97,继续持有
2022-07-15,持有,603612,索通发展,基础化工,5,500,36.85,48.19,--,--,5670.0,30.77,继续持有
2022-07-15,持有,000756,新华制药,医药生物,7,700,25.15,25.72,--,--,399.0,2.27,继续持有
2022-07-15,持有,300700,岱勒新材,机械设备,6,600,31.9,31.65,--,--,-150.0,-0.78,继续持有
2022-07-15,持有,600313,农发种业,农林牧渔,12,1200,15.84,12.16,--,--,-4416.0,-23.23,继续持有
2022-07-15,持有,600062,华润双鹤,其他,7,700,25.66,27.77,--,--,1477.0,8.22,继续持有
2022-07-15,持有,600818,ST中路,汽车,11,1100,18.15,20.38,--,--,2453.0,12.29,继续持有
2022-07-15,持有,002053,云南能投,公用事业,11,1100,18.15,20.38,--,--,2453.0,12.29,继续持有
2022-07-15,持有,603908,牧高笛,纺织服饰,2,200,97.89,86.0,--,--,-2378.0,-12.15,继续持有
2022-07-15,持有,603069,海汽集团,交通运输,5,500,37.68,29.07,--,--,-4305.0,-22.85,继续持有
2022-07-15,持有,605366,宏柏新材,基础化工,6,600,32.75,27.09,--,--,-3396.0,-17.28,继续持有
2022-07-15,持有,002805,丰元股份,电力设备,3,300,61.9,60.07,--,--,-549.0,-2.96,继续持有
2022-07-29,卖出,603399,永杉锂业,有色金属,13,1300,14.6,21.4,27820.0,34.77,8805.23,46.58,移出持仓池
2022-07-29,卖出,603612,索通发展,基础化工,5,500,36.85,38.37,19185.0,23.98,736.02,4.12,移出持仓池
2022-07-29,卖出,603176,汇通集团,建筑装饰,22,2200,8.71,8.15,17930.0,22.41,-1254.41,-6.43,移出持仓池
2022-07-29,卖出,000756,新华制药,医药生物,7,700,25.15,20.98,14686.0,18.36,-2937.36,-16.58,移出持仓池
2022-07-29,卖出,300700,岱勒新材,机械设备,6,600,31.9,37.17,22302.0,27.88,3134.12,16.52,移出持仓池
2022-07-29,卖出,600313,农发种业,农林牧渔,12,1200,15.84,10.67,12804.0,16.0,-6220.0,-32.64,移出持仓池
2022-07-29,卖出,600062,华润双鹤,其他,7,700,25.66,20.85,14595.0,18.24,-3385.24,-18.75,移出持仓池
2022-07-29,卖出,002843,泰嘉股份,机械设备,8,800,22.51,21.18,16944.0,21.18,-1085.18,-5.91,移出持仓池
2022-07-29,卖出,600818,ST中路,汽车,11,1100,18.15,21.26,23386.0,29.23,3391.77,17.13,移出持仓池
2022-07-29,卖出,002053,云南能投,公用事业,11,1100,18.15,21.26,23386.0,29.23,3391.77,17.13,移出持仓池
2022-07-29,卖出,603069,海汽集团,交通运输,5,500,37.68,26.42,13210.0,16.51,-5646.51,-29.88,移出持仓池
2022-07-29,卖出,300438,鹏辉能源,电力设备,2,200,81.78,74.64,14928.0,18.66,-1446.66,-8.73,移出持仓池
2022-07-29,卖出,605366,宏柏新材,基础化工,6,600,32.75,20.29,12174.0,15.22,-7491.22,-38.05,移出持仓池
2022-07-29,卖出,002805,丰元股份,电力设备,3,300,61.9,53.95,16185.0,20.23,-2405.23,-12.84,移出持仓池
2022-07-29,卖出,002866,传艺科技,电子,8,800,24.75,25.0,20000.0,25.0,175.0,1.01,移出持仓池
2022-07-29,卖出,300428,立中集团,汽车,4,400,41.82,38.68,15472.0,19.34,-1275.34,-7.51,移出持仓池
2022-07-29,卖出,000722,湖南发展,公用事业,11,1100,16.68,15.24,16764.0,20.96,-1604.96,-8.63,移出持仓池
2022-07-29,买入,600603,广汇物流,交通运输,18,1800,10.73,10.73,19314.0,24.14,0.0,0.0,纳入持仓池
2022-07-29,买入,002125,湘潭电化,电力设备,8,800,23.93,23.93,19144.0,23.93,0.0,0.0,纳入持仓池
2022-07-29,买入,000899,赣能股份,公用事业,15,1500,12.93,12.93,19395.0,24.24,0.0,0.0,纳入持仓池
2022-07-29,买入,688218,江苏北人,机械设备,2,400,34.97,34.97,13988.0,17.48,0.0,0.0,纳入持仓池
2022-07-29,买入,688700,东威科技,机械设备,0,0,129.5,129.5,0,0,0.0,0.0,"资金不足一手（需25,900元，分配20,000元）"
2022-07-29,买入,002992,宝明科技,电子,6,600,29.5,29.5,17700.0,22.12,0.0,0.0,纳入持仓池
2022-07-29,买入,600026,中远海能,交通运输,15,1500,12.67,12.67,19005.0,23.76,0.0,0.0,纳入持仓池
2022-07-29,买入,000821,ST京机,电力设备,8,800,23.7,23.7,18960.0,23.7,0.0,0.0,纳入持仓池
2022-07-29,买入,600732,爱旭股份,电力设备,5,500,39.11,39.11,19555.0,24.44,0.0,0.0,纳入持仓池
2022-07-29,买入,300586,美联新材,基础化工,8,800,22.9,22.9,18320.0,22.9,0.0,0.0,纳入持仓池
2022-07-29,买入,300403,汉宇集团,家用电器,15,1500,13.18,13.18,19770.0,24.71,0.0,0.0,纳入持仓池
2022-07-29,买入,603527,众源新材,有色金属,9,900,21.84,21.84,19656.0,24.57,0.0,0.0,纳入持仓池
2022-07-29,买入,301018,申菱环境,机械设备,4,400,49.72,49.72,19888.0,24.86,0.0,0.0,纳入持仓池
2022-07-29,买入,603876,鼎胜新材,有色金属,2,200,71.0,71.0,14200.0,17.75,0.0,0.0,纳入持仓池
2022-07-29,买入,002547,*ST春兴,汽车,23,2300,8.5,8.5,19550.0,24.44,0.0,0.0,纳入持仓池
2022-07-29,买入,688248,南网科技,电力设备,2,400,43.77,43.77,17508.0,21.89,0.0,0.0,纳入持仓池
2022-07-29,买入,000595,*ST宝实,机械设备,32,3200,6.13,6.13,19616.0,24.52,0.0,0.0,纳入持仓池
2022-07-29,持有,002514,*ST宝馨,其他,13,1300,14.32,16.46,--,--,2782.0,14.94,继续持有
2022-07-29,持有,002761,浙江建投,建筑装饰,6,600,31.46,26.68,--,--,-2868.0,-15.19,继续持有
2022-07-29,持有,000957,中通客车,其他,8,800,24.15,17.71,--,--,-5152.0,-26.67,继续持有
2022-07-29,持有,002865,钧达股份,电力设备,1,100,111.73,163.89,--,--,5216.0,46.68,继续持有
2022-07-29,持有,603688,石英股份,基础化工,1,100,132.61,146.25,--,--,1364.0,10.29,继续持有
2022-07-29,持有,688063,派能科技,电力设备,--,--,--,391.45,--,--,0.0,0.0,继续持有
2022-07-29,持有,688091,上海谊众,其他,--,--,--,133.78,--,--,0.0,0.0,继续持有
2022-07-29,持有,603917,合力科技,汽车,5,500,38.82,44.83,--,--,3005.0,15.48,继续持有
2022-07-29,持有,002965,祥鑫科技,汽车,3,300,53.19,59.63,--,--,1932.0,12.11,继续持有
2022-07-29,持有,002101,广东鸿图,其他,11,1100,17.73,32.7,--,--,16467.0,84.43,继续持有
2022-07-29,持有,002031,巨轮智能,其他,47,4700,4.19,4.49,--,--,1410.0,7.16,继续持有
2022-07-29,持有,300565,科信技术,通信,7,700,26.0,25.0,--,--,-700.0,-3.85,继续持有
2022-07-29,持有,603908,牧高笛,纺织服饰,2,200,97.89,94.95,--,--,-588.0,-3.0,继续持有
2022-08-16,卖出,002761,浙江建投,建筑装饰,6,600,31.46,25.31,15186.0,18.98,-3708.98,-19.55,移出持仓池
2022-08-16,卖出,603917,合力科技,汽车,5,500,38.82,37.1,18550.0,23.19,-883.19,-4.43,移出持仓池
2022-08-16,卖出,002125,湘潭电化,电力设备,8,800,23.93,22.03,17624.0,22.03,-1542.03,-7.94,移出持仓池
2022-08-16,卖出,000899,赣能股份,公用事业,15,1500,12.93,10.61,15915.0,19.89,-3499.89,-17.94,移出持仓池
2022-08-16,卖出,002031,巨轮智能,其他,47,4700,4.19,4.26,20022.0,25.03,303.97,1.67,移出持仓池
2022-08-16,卖出,000821,ST京机,电力设备,8,800,23.7,22.74,18192.0,22.74,-790.74,-4.05,移出持仓池
2022-08-16,卖出,300586,美联新材,基础化工,8,800,22.9,23.15,18520.0,23.15,176.85,1.09,移出持仓池
2022-08-16,卖出,300403,汉宇集团,家用电器,15,1500,13.18,12.05,18075.0,22.59,-1717.59,-8.57,移出持仓池
2022-08-16,卖出,603527,众源新材,有色金属,9,900,21.84,21.54,19386.0,24.23,-294.23,-1.37,移出持仓池
2022-08-16,卖出,301018,申菱环境,机械设备,4,400,49.72,47.28,18912.0,23.64,-999.64,-4.91,移出持仓池
2022-08-16,卖出,603876,鼎胜新材,有色金属,2,200,71.0,64.0,12800.0,16.0,-1416.0,-9.86,移出持仓池
2022-08-16,卖出,002547,*ST春兴,汽车,23,2300,8.5,6.68,15364.0,19.21,-4205.21,-21.41,移出持仓池
2022-08-16,卖出,603908,牧高笛,纺织服饰,2,200,97.89,97.1,19420.0,24.28,-182.28,-0.81,移出持仓池
2022-08-16,买入,002077,大港股份,电子,10,1000,19.98,19.98,19980.0,24.98,0.0,0.0,纳入持仓池
2022-08-16,买入,300125,*ST聆达,公用事业,5,500,34.63,34.63,17315.0,21.64,0.0,0.0,纳入持仓池
2022-08-16,买入,603398,*ST沐邦,电力设备,3,300,53.14,53.14,15942.0,19.93,0.0,0.0,纳入持仓池
2022-08-16,买入,603728,鸣志电器,电力设备,4,400,47.0,47.0,18800.0,23.5,0.0,0.0,纳入持仓池
2022-08-16,买入,002943,宇晶股份,机械设备,2,200,77.14,77.14,15428.0,19.29,0.0,0.0,纳入持仓池
2022-08-16,买入,002897,意华股份,通信,2,200,79.93,79.93,15986.0,19.98,0.0,0.0,纳入持仓池
2022-08-16,买入,300068,ST南都,其他,7,700,25.5,25.5,17850.0,22.31,0.0,0.0,纳入持仓池
2022-08-16,买入,002866,传艺科技,电子,6,600,29.0,29.0,17400.0,21.75,0.0,0.0,纳入持仓池
2022-08-16,买入,688070,纵横股份,国防军工,1,200,70.65,70.65,14130.0,17.66,0.0,0.0,纳入持仓池
2022-08-16,买入,000819,岳阳兴长,石油石化,7,700,27.97,27.97,19579.0,24.47,0.0,0.0,纳入持仓池
2022-08-16,买入,002885,京泉华,电子,4,400,44.11,44.11,17644.0,22.05,0.0,0.0,纳入持仓池
2022-08-16,买入,603595,ST东尼,电子,3,300,66.4,66.4,19920.0,24.9,0.0,0.0,纳入持仓池
2022-08-16,买入,300554,三超新材,机械设备,5,500,36.52,36.52,18260.0,22.82,0.0,0.0,纳入持仓池
2022-08-16,持有,300565,科信技术,通信,7,700,26.0,43.07,--,--,11949.0,65.65,继续持有
2022-08-16,持有,002865,钧达股份,电力设备,1,100,111.73,195.88,--,--,8415.0,75.32,继续持有
2022-08-16,持有,000957,中通客车,其他,8,800,24.15,18.38,--,--,-4616.0,-23.89,继续持有
2022-08-16,持有,000595,*ST宝实,机械设备,32,3200,6.13,9.14,--,--,9632.0,49.1,继续持有
2022-08-16,持有,603688,石英股份,基础化工,1,100,132.61,157.08,--,--,2447.0,18.45,继续持有
2022-08-16,持有,002514,*ST宝馨,其他,13,1300,14.32,13.95,--,--,-481.0,-2.58,继续持有
2022-08-16,持有,600603,广汇物流,交通运输,18,1800,10.73,11.97,--,--,2232.0,11.56,继续持有
2022-08-16,持有,688063,派能科技,电力设备,--,--,--,403.0,--,--,0.0,0.0,继续持有
2022-08-16,持有,002992,宝明科技,电子,6,600,29.5,35.79,--,--,3774.0,21.32,继续持有
2022-08-16,持有,688700,东威科技,机械设备,--,--,--,142.02,--,--,0.0,0.0,继续持有
2022-08-16,持有,002965,祥鑫科技,汽车,3,300,53.19,64.31,--,--,3336.0,20.91,继续持有
2022-08-16,持有,688091,上海谊众,其他,--,--,--,140.48,--,--,0.0,0.0,继续持有
2022-08-16,持有,688218,江苏北人,机械设备,4,400,34.97,38.1,--,--,1252.0,8.95,继续持有
2022-08-16,持有,002101,广东鸿图,其他,11,1100,17.73,32.01,--,--,15708.0,80.54,继续持有
2022-08-16,持有,600732,爱旭股份,电力设备,5,500,39.11,43.11,--,--,2000.0,10.23,继续持有
2022-08-16,持有,600026,中远海能,交通运输,15,1500,12.67,14.45,--,--,2670.0,14.05,继续持有
2022-08-16,持有,688248,南网科技,电力设备,4,400,43.77,43.0,--,--,-308.0,-1.76,继续持有
2022-08-31,卖出,300125,*ST聆达,公用事业,5,500,34.63,27.1,13550.0,16.94,-3781.94,-21.74,移出持仓池
2022-08-31,卖出,603398,*ST沐邦,电力设备,3,300,53.14,36.84,11052.0,13.81,-4903.81,-30.67,移出持仓池
2022-08-31,卖出,688218,江苏北人,机械设备,4,400,34.97,23.53,9412.0,11.77,-4587.77,-32.71,移出持仓池
2022-08-31,卖出,002101,广东鸿图,其他,11,1100,17.73,25.07,27577.0,34.47,8039.53,41.4,移出持仓池
2022-08-31,卖出,600732,爱旭股份,电力设备,5,500,39.11,35.56,17780.0,22.23,-1797.23,-9.08,移出持仓池
2022-08-31,卖出,002897,意华股份,通信,2,200,79.93,64.12,12824.0,16.03,-3178.03,-19.78,移出持仓池
2022-08-31,卖出,300068,ST南都,其他,7,700,25.5,23.3,16310.0,20.39,-1560.39,-8.63,移出持仓池
2022-08-31,卖出,000819,岳阳兴长,石油石化,7,700,27.97,20.73,14511.0,18.14,-5086.14,-25.88,移出持仓池
2022-08-31,卖出,002885,京泉华,电子,4,400,44.11,31.98,12792.0,15.99,-4867.99,-27.5,移出持仓池
2022-08-31,卖出,603595,ST东尼,电子,3,300,66.4,61.99,18597.0,23.25,-1346.25,-6.64,移出持仓池
2022-08-31,卖出,300554,三超新材,机械设备,5,500,36.52,24.22,12110.0,15.14,-6165.14,-33.68,移出持仓池
2022-08-31,买入,600992,贵绳股份,机械设备,7,700,28.38,28.38,19866.0,24.83,0.0,0.0,纳入持仓池
2022-08-31,买入,603908,牧高笛,纺织服饰,2,200,90.2,90.2,18040.0,22.55,0.0,0.0,纳入持仓池
2022-08-31,买入,600734,*ST实达,通信,39,3900,5.09,5.09,19851.0,24.81,0.0,0.0,纳入持仓池
2022-08-31,买入,000525,红太阳,其他,11,1100,16.95,16.95,18645.0,23.31,0.0,0.0,纳入持仓池
2022-08-31,买入,600818,ST中路,汽车,7,700,25.69,25.69,17983.0,22.48,0.0,0.0,纳入持仓池
2022-08-31,买入,600313,农发种业,农林牧渔,17,1700,11.33,11.33,19261.0,24.08,0.0,0.0,纳入持仓池
2022-08-31,买入,002053,云南能投,公用事业,7,700,25.69,25.69,17983.0,22.48,0.0,0.0,纳入持仓池
2022-08-31,买入,000820,*ST节能,环保,28,2800,6.97,6.97,19516.0,24.39,0.0,0.0,纳入持仓池
2022-08-31,买入,603069,海汽集团,交通运输,7,700,25.97,25.97,18179.0,22.72,0.0,0.0,纳入持仓池
2022-08-31,买入,000913,钱江摩托,汽车,7,700,26.7,26.7,18690.0,23.36,0.0,0.0,纳入持仓池
2022-08-31,买入,600191,华资实业,农林牧渔,26,2600,7.68,7.68,19968.0,24.96,0.0,0.0,纳入持仓池
2022-08-31,买入,002731,ST萃华,纺织服饰,9,900,20.3,20.3,18270.0,22.84,0.0,0.0,纳入持仓池
2022-08-31,持有,300565,科信技术,通信,7,700,26.0,42.0,--,--,11200.0,61.54,继续持有
2022-08-31,持有,000957,中通客车,其他,8,800,24.15,16.34,--,--,-6248.0,-32.34,继续持有
2022-08-31,持有,688063,派能科技,电力设备,--,--,--,429.0,--,--,0.0,0.0,继续持有
2022-08-31,持有,002514,*ST宝馨,其他,13,1300,14.32,11.72,--,--,-3380.0,-18.16,继续持有
2022-08-31,持有,600603,广汇物流,交通运输,18,1800,10.73,10.25,--,--,-864.0,-4.47,继续持有
2022-08-31,持有,002992,宝明科技,电子,6,600,29.5,30.72,--,--,732.0,4.14,继续持有
2022-08-31,持有,600026,中远海能,交通运输,15,1500,12.67,14.1,--,--,2145.0,11.29,继续持有
2022-08-31,持有,002965,祥鑫科技,汽车,3,300,53.19,62.93,--,--,2922.0,18.31,继续持有
2022-08-31,持有,002866,传艺科技,电子,6,600,29.0,27.21,--,--,-1074.0,-6.17,继续持有
2022-08-31,持有,002077,大港股份,电子,10,1000,19.98,15.72,--,--,-4260.0,-21.32,继续持有
2022-08-31,持有,688248,南网科技,电力设备,4,400,43.77,43.79,--,--,8.0,0.05,继续持有
2022-08-31,持有,603688,石英股份,基础化工,1,100,132.61,131.46,--,--,-115.0,-0.87,继续持有
2022-08-31,持有,688700,东威科技,机械设备,--,--,--,126.25,--,--,0.0,0.0,继续持有
2022-08-31,持有,002865,钧达股份,电力设备,1,100,111.73,154.62,--,--,4289.0,38.39,继续持有
2022-08-31,持有,000595,*ST宝实,机械设备,32,3200,6.13,7.52,--,--,4448.0,22.68,继续持有
2022-08-31,持有,603728,鸣志电器,电力设备,4,400,47.0,39.84,--,--,-2864.0,-15.23,继续持有
2022-08-31,持有,688070,纵横股份,国防军工,2,200,70.65,62.4,--,--,-1650.0,-11.68,继续持有
2022-08-31,持有,002943,宇晶股份,机械设备,2,200,77.14,64.89,--,--,-2450.0,-15.88,继续持有
2022-09-16,卖出,600992,贵绳股份,机械设备,7,700,28.38,24.43,17101.0,21.38,-2786.38,-13.92,移出持仓池
2022-09-16,卖出,600734,*ST实达,通信,39,3900,5.09,4.94,19266.0,24.08,-609.08,-2.95,移出持仓池
2022-09-16,卖出,600818,ST中路,汽车,7,700,25.69,29.14,20398.0,25.5,2389.5,13.43,移出持仓池
2022-09-16,卖出,600313,农发种业,农林牧渔,17,1700,11.33,10.48,17816.0,22.27,-1467.27,-7.5,移出持仓池
2022-09-16,卖出,002053,云南能投,公用事业,7,700,25.69,29.14,20398.0,25.5,2389.5,13.43,移出持仓池
2022-09-16,卖出,000820,*ST节能,环保,28,2800,6.97,4.83,13524.0,16.91,-6008.91,-30.7,移出持仓池
2022-09-16,卖出,600191,华资实业,农林牧渔,26,2600,7.68,7.07,18382.0,22.98,-1608.98,-7.94,移出持仓池
2022-09-16,卖出,002731,ST萃华,纺织服饰,9,900,20.3,15.62,14058.0,17.57,-4229.57,-23.05,移出持仓池
2022-09-16,买入,002868,*ST绿康,农林牧渔,7,700,27.44,27.44,19208.0,24.01,0.0,0.0,纳入持仓池
2022-09-16,买入,000410,沈阳机床,其他,11,1100,17.11,17.11,18821.0,23.53,0.0,0.0,纳入持仓池
2022-09-16,买入,000736,*ST中地,房地产,11,1100,17.11,17.11,18821.0,23.53,0.0,0.0,纳入持仓池
2022-09-16,买入,603917,合力科技,汽车,5,500,37.0,37.0,18500.0,23.12,0.0,0.0,纳入持仓池
2022-09-16,买入,601975,招商南油,交通运输,47,4700,4.24,4.24,19928.0,24.91,0.0,0.0,纳入持仓池
2022-09-16,买入,600732,爱旭股份,电力设备,5,500,33.86,33.86,16930.0,21.16,0.0,0.0,纳入持仓池
2022-09-16,买入,603348,文灿股份,汽车,2,200,81.3,81.3,16260.0,20.32,0.0,0.0,纳入持仓池
2022-09-16,买入,300910,瑞丰新材,基础化工,1,100,102.15,102.15,10215.0,12.77,0.0,0.0,纳入持仓池
2022-09-16,买入,603366,日出东方,家用电器,23,2300,8.42,8.42,19366.0,24.21,0.0,0.0,纳入持仓池
2022-09-16,持有,002866,传艺科技,电子,6,600,29.0,38.43,--,--,5658.0,32.52,继续持有
2022-09-16,持有,000957,中通客车,其他,8,800,24.15,15.39,--,--,-7008.0,-36.27,继续持有
2022-09-16,持有,300565,科信技术,通信,7,700,26.0,35.89,--,--,6923.0,38.04,继续持有
2022-09-16,持有,600603,广汇物流,交通运输,18,1800,10.73,10.45,--,--,-504.0,-2.61,继续持有
2022-09-16,持有,688063,派能科技,电力设备,--,--,--,368.14,--,--,0.0,0.0,继续持有
2022-09-16,持有,600026,中远海能,交通运输,15,1500,12.67,15.9,--,--,4845.0,25.49,继续持有
2022-09-16,持有,603908,牧高笛,纺织服饰,2,200,90.2,98.58,--,--,1676.0,9.29,继续持有
2022-09-16,持有,002992,宝明科技,电子,6,600,29.5,31.91,--,--,1446.0,8.17,继续持有
2022-09-16,持有,688248,南网科技,电力设备,4,400,43.77,42.19,--,--,-632.0,-3.61,继续持有
2022-09-16,持有,603069,海汽集团,交通运输,7,700,25.97,26.15,--,--,126.0,0.69,继续持有
2022-09-16,持有,002514,*ST宝馨,其他,13,1300,14.32,10.52,--,--,-4940.0,-26.54,继续持有
2022-09-16,持有,603728,鸣志电器,电力设备,4,400,47.0,38.48,--,--,-3408.0,-18.13,继续持有
2022-09-16,持有,000525,红太阳,其他,11,1100,16.95,15.66,--,--,-1419.0,-7.61,继续持有
2022-09-16,持有,688070,纵横股份,国防军工,2,200,70.65,58.71,--,--,-2388.0,-16.9,继续持有
2022-09-16,持有,000595,*ST宝实,机械设备,32,3200,6.13,6.87,--,--,2368.0,12.07,继续持有
2022-09-16,持有,000913,钱江摩托,汽车,7,700,26.7,24.88,--,--,-1274.0,-6.82,继续持有
2022-09-16,持有,002077,大港股份,电子,10,1000,19.98,13.33,--,--,-6650.0,-33.28,继续持有
2022-09-16,持有,002865,钧达股份,电力设备,1,100,111.73,183.28,--,--,7155.0,64.04,继续持有
2022-09-16,持有,002943,宇晶股份,机械设备,2,200,77.14,62.56,--,--,-2916.0,-18.9,继续持有
2022-09-16,持有,603688,石英股份,基础化工,1,100,132.61,121.02,--,--,-1159.0,-8.74,继续持有
2022-09-16,持有,002965,祥鑫科技,汽车,3,300,53.19,48.93,--,--,-1278.0,-8.01,继续持有
2022-09-30,卖出,000410,沈阳机床,其他,11,1100,17.11,13.35,14685.0,18.36,-4154.36,-21.98,移出持仓池
2022-09-30,卖出,000736,*ST中地,房地产,11,1100,17.11,13.35,14685.0,18.36,-4154.36,-21.98,移出持仓池
2022-09-30,卖出,000525,红太阳,其他,11,1100,16.95,14.7,16170.0,20.21,-2495.21,-13.27,移出持仓池
2022-09-30,卖出,000913,钱江摩托,汽车,7,700,26.7,22.5,15750.0,19.69,-2959.69,-15.73,移出持仓池
2022-09-30,卖出,002077,大港股份,电子,10,1000,19.98,11.66,11660.0,14.58,-8334.58,-41.64,移出持仓池
2022-09-30,卖出,002943,宇晶股份,机械设备,2,200,77.14,53.8,10760.0,13.45,-4681.45,-30.26,移出持仓池
2022-09-30,卖出,603348,文灿股份,汽车,2,200,81.3,71.39,14278.0,17.85,-1999.85,-12.19,移出持仓池
2022-09-30,买入,002518,科士达,电力设备,4,400,45.78,45.78,18312.0,22.89,0.0,0.0,纳入持仓池
2022-09-30,买入,688700,东威科技,机械设备,0,0,149.13,149.13,0,0,0.0,0.0,"资金不足一手（需29,826元，分配20,000元）"
2022-09-30,买入,603100,川仪股份,机械设备,7,700,28.27,28.27,19789.0,24.74,0.0,0.0,纳入持仓池
2022-09-30,买入,605117,德业股份,电力设备,0,0,420.21,420.21,0,0,0.0,0.0,"资金不足一手（需42,021元，分配20,000元）"
2022-09-30,买入,688283,坤恒顺维,通信,1,200,62.16,62.16,12432.0,15.54,0.0,0.0,纳入持仓池
2022-09-30,买入,688234,天岳先进,其他,0,0,107.71,107.71,0,0,0.0,0.0,"资金不足一手（需21,542元，分配20,000元）"
2022-09-30,买入,688596,正帆科技,机械设备,2,400,37.15,37.15,14860.0,18.57,0.0,0.0,纳入持仓池
2022-09-30,持有,002866,传艺科技,电子,6,600,29.0,39.5,--,--,6300.0,36.21,继续持有
2022-09-30,持有,688063,派能科技,电力设备,--,--,--,400.0,--,--,0.0,0.0,继续持有
2022-09-30,持有,300565,科信技术,通信,7,700,26.0,31.88,--,--,4116.0,22.62,继续持有
2022-09-30,持有,002514,*ST宝馨,其他,13,1300,14.32,13.81,--,--,-663.0,-3.56,继续持有
2022-09-30,持有,600026,中远海能,交通运输,15,1500,12.67,18.09,--,--,8130.0,42.78,继续持有
2022-09-30,持有,000957,中通客车,其他,8,800,24.15,12.9,--,--,-9000.0,-46.58,继续持有
2022-09-30,持有,688248,南网科技,电力设备,4,400,43.77,46.41,--,--,1056.0,6.03,继续持有
2022-09-30,持有,601975,招商南油,交通运输,47,4700,4.24,4.98,--,--,3478.0,17.45,继续持有
2022-09-30,持有,603908,牧高笛,纺织服饰,2,200,90.2,89.8,--,--,-80.0,-0.44,继续持有
2022-09-30,持有,600732,爱旭股份,电力设备,5,500,33.86,37.41,--,--,1775.0,10.48,继续持有
2022-09-30,持有,600603,广汇物流,交通运输,18,1800,10.73,9.43,--,--,-2340.0,-12.12,继续持有
2022-09-30,持有,603069,海汽集团,交通运输,7,700,25.97,26.28,--,--,217.0,1.19,继续持有
2022-09-30,持有,002865,钧达股份,电力设备,1,100,111.73,188.0,--,--,7627.0,68.26,继续持有
2022-09-30,持有,300910,瑞丰新材,基础化工,1,100,102.15,110.78,--,--,863.0,8.45,继续持有
2022-09-30,持有,002992,宝明科技,电子,6,600,29.5,29.02,--,--,-288.0,-1.63,继续持有
2022-09-30,持有,002868,*ST绿康,农林牧渔,7,700,27.44,25.44,--,--,-1400.0,-7.29,继续持有
2022-09-30,持有,603366,日出东方,家用电器,23,2300,8.42,9.54,--,--,2576.0,13.3,继续持有
2022-09-30,持有,603917,合力科技,汽车,5,500,37.0,31.0,--,--,-3000.0,-16.22,继续持有
2022-09-30,持有,000595,*ST宝实,机械设备,32,3200,6.13,6.27,--,--,448.0,2.28,继续持有
2022-09-30,持有,603728,鸣志电器,电力设备,4,400,47.0,32.38,--,--,-5848.0,-31.11,继续持有
2022-09-30,持有,002965,祥鑫科技,汽车,3,300,53.19,46.16,--,--,-2109.0,-13.22,继续持有
2022-09-30,持有,603688,石英股份,基础化工,1,100,132.61,115.75,--,--,-1686.0,-12.71,继续持有
2022-09-30,持有,688070,纵横股份,国防军工,2,200,70.65,52.76,--,--,-3578.0,-25.32,继续持有
2022-10-20,卖出,603908,牧高笛,纺织服饰,2,200,90.2,62.36,12472.0,15.59,-5583.59,-30.86,移出持仓池
2022-10-20,卖出,600603,广汇物流,交通运输,18,1800,10.73,8.78,15804.0,19.75,-3529.75,-18.17,移出持仓池
2022-10-20,卖出,603069,海汽集团,交通运输,7,700,25.97,23.45,16415.0,20.52,-1784.52,-9.7,移出持仓池
2022-10-20,卖出,002868,*ST绿康,农林牧渔,7,700,27.44,24.26,16982.0,21.23,-2247.23,-11.59,移出持仓池
2022-10-20,卖出,603366,日出东方,家用电器,23,2300,8.42,7.82,17986.0,22.48,-1402.48,-7.13,移出持仓池
2022-10-20,卖出,000595,*ST宝实,机械设备,32,3200,6.13,6.83,21856.0,27.32,2212.68,11.42,移出持仓池
2022-10-20,卖出,603728,鸣志电器,电力设备,4,400,47.0,29.26,11704.0,14.63,-7110.63,-37.74,移出持仓池
2022-10-20,买入,300260,新莱应材,其他,1,100,102.56,102.56,10256.0,12.82,0.0,0.0,纳入持仓池
2022-10-20,买入,688072,拓荆科技,电子,0,0,272.88,272.88,0,0,0.0,0.0,"资金不足一手（需54,576元，分配20,000元）"
2022-10-20,买入,688337,普源精电,机械设备,0,0,106.79,106.79,0,0,0.0,0.0,"资金不足一手（需21,358元，分配20,000元）"
2022-10-20,买入,603595,ST东尼,电子,3,300,60.39,60.39,18117.0,22.65,0.0,0.0,纳入持仓池
2022-10-20,买入,688600,皖仪科技,机械设备,3,600,31.2,31.2,18720.0,23.4,0.0,0.0,纳入持仓池
2022-10-20,买入,688663,新风光,电力设备,1,200,57.16,57.16,11432.0,14.29,0.0,0.0,纳入持仓池
2022-10-20,买入,688676,金盘科技,电力设备,2,400,39.98,39.98,15992.0,19.99,0.0,0.0,纳入持仓池
2022-10-20,买入,002077,大港股份,电子,14,1400,13.66,13.66,19124.0,23.91,0.0,0.0,纳入持仓池
2022-10-20,买入,300693,盛弘股份,电力设备,4,400,49.1,49.1,19640.0,24.55,0.0,0.0,纳入持仓池
2022-10-20,持有,688248,南网科技,电力设备,4,400,43.77,62.43,--,--,7464.0,42.63,继续持有
2022-10-20,持有,002866,传艺科技,电子,6,600,29.0,40.06,--,--,6636.0,38.14,继续持有
2022-10-20,持有,300565,科信技术,通信,7,700,26.0,30.45,--,--,3115.0,17.12,继续持有
2022-10-20,持有,002514,*ST宝馨,其他,13,1300,14.32,13.86,--,--,-598.0,-3.21,继续持有
2022-10-20,持有,300910,瑞丰新材,基础化工,1,100,102.15,163.99,--,--,6184.0,60.54,继续持有
2022-10-20,持有,002518,科士达,电力设备,4,400,45.78,51.35,--,--,2228.0,12.17,继续持有
2022-10-20,持有,601975,招商南油,交通运输,47,4700,4.24,5.78,--,--,7238.0,36.32,继续持有
2022-10-20,持有,000957,中通客车,其他,8,800,24.15,13.39,--,--,-8608.0,-44.55,继续持有
2022-10-20,持有,600732,爱旭股份,电力设备,5,500,33.86,33.67,--,--,-95.0,-0.56,继续持有
2022-10-20,持有,688596,正帆科技,机械设备,4,400,37.15,40.78,--,--,1452.0,9.77,继续持有
2022-10-20,持有,002865,钧达股份,电力设备,1,100,111.73,182.5,--,--,7077.0,63.34,继续持有
2022-10-20,持有,688700,东威科技,机械设备,--,--,--,161.99,--,--,0.0,0.0,继续持有
2022-10-20,持有,688063,派能科技,电力设备,--,--,--,378.8,--,--,0.0,0.0,继续持有
2022-10-20,持有,603917,合力科技,汽车,5,500,37.0,33.01,--,--,-1995.0,-10.78,继续持有
2022-10-20,持有,002965,祥鑫科技,汽车,3,300,53.19,54.76,--,--,471.0,2.95,继续持有
2022-10-20,持有,600026,中远海能,交通运输,15,1500,12.67,19.8,--,--,10695.0,56.27,继续持有
2022-10-20,持有,603688,石英股份,基础化工,1,100,132.61,138.87,--,--,626.0,4.72,继续持有
2022-10-20,持有,688070,纵横股份,国防军工,2,200,70.65,57.85,--,--,-2560.0,-18.12,继续持有
2022-10-20,持有,688283,坤恒顺维,通信,2,200,62.16,69.65,--,--,1498.0,12.05,继续持有
2022-10-20,持有,603100,川仪股份,机械设备,7,700,28.27,31.92,--,--,2555.0,12.91,继续持有
2022-10-20,持有,002992,宝明科技,电子,6,600,29.5,29.27,--,--,-138.0,-0.78,继续持有
2022-10-31,卖出,601975,招商南油,交通运输,47,4700,4.24,4.67,21949.0,27.44,1993.56,10.14,移出持仓池
2022-10-31,卖出,600732,爱旭股份,电力设备,5,500,33.86,35.32,17660.0,22.07,707.93,4.31,移出持仓池
2022-10-31,卖出,603917,合力科技,汽车,5,500,37.0,28.79,14395.0,17.99,-4122.99,-22.19,移出持仓池
2022-10-31,卖出,600026,中远海能,交通运输,15,1500,12.67,16.91,25365.0,31.71,6328.29,33.46,移出持仓池
2022-10-31,卖出,603595,ST东尼,电子,3,300,60.39,67.94,20382.0,25.48,2239.52,12.5,移出持仓池
2022-10-31,卖出,688663,新风光,电力设备,2,200,57.16,48.08,9616.0,12.02,-1828.02,-15.89,移出持仓池
2022-10-31,卖出,603688,石英股份,基础化工,1,100,132.61,129.98,12998.0,16.25,-279.25,-1.98,移出持仓池
2022-10-31,卖出,688070,纵横股份,国防军工,2,200,70.65,55.53,11106.0,13.88,-3037.88,-21.4,移出持仓池
2022-10-31,卖出,688283,坤恒顺维,通信,2,200,62.16,70.96,14192.0,17.74,1742.26,14.16,移出持仓池
2022-10-31,卖出,603100,川仪股份,机械设备,7,700,28.27,33.5,23450.0,29.31,3631.69,18.5,移出持仓池
2022-10-31,买入,688320,禾川科技,机械设备,1,200,62.61,62.61,12522.0,15.65,0.0,0.0,纳入持仓池
2022-10-31,买入,002843,泰嘉股份,机械设备,8,800,22.72,22.72,18176.0,22.72,0.0,0.0,纳入持仓池
2022-10-31,买入,000821,ST京机,电力设备,9,900,20.51,20.51,18459.0,23.07,0.0,0.0,纳入持仓池
2022-10-31,买入,000595,*ST宝实,机械设备,25,2500,8.0,8.0,20000.0,25.0,0.0,0.0,纳入持仓池
2022-10-31,买入,688234,天岳先进,其他,0,0,123.28,123.28,0,0,0.0,0.0,"资金不足一手（需24,656元，分配20,000元）"
2022-10-31,买入,688270,ST臻镭,电子,0,0,137.4,137.4,0,0,0.0,0.0,"资金不足一手（需27,480元，分配20,000元）"
2022-10-31,买入,688331,荣昌生物,其他,1,200,77.23,77.23,15446.0,19.31,0.0,0.0,纳入持仓池
2022-10-31,买入,301268,铭利达,机械设备,3,300,53.2,53.2,15960.0,19.95,0.0,0.0,纳入持仓池
2022-10-31,买入,688290,景业智能,机械设备,1,200,85.95,85.95,17190.0,21.49,0.0,0.0,纳入持仓池
2022-10-31,买入,002101,广东鸿图,其他,8,800,22.37,22.37,17896.0,22.37,0.0,0.0,纳入持仓池
2022-10-31,买入,000948,南天信息,其他,8,800,24.86,24.86,19888.0,24.86,0.0,0.0,纳入持仓池
2022-10-31,持有,002866,传艺科技,电子,6,600,29.0,39.88,--,--,6528.0,37.52,继续持有
2022-10-31,持有,688248,南网科技,电力设备,4,400,43.77,58.12,--,--,5740.0,32.79,继续持有
2022-10-31,持有,300565,科信技术,通信,7,700,26.0,26.51,--,--,357.0,1.96,继续持有
2022-10-31,持有,002518,科士达,电力设备,4,400,45.78,50.0,--,--,1688.0,9.22,继续持有
2022-10-31,持有,002514,*ST宝馨,其他,13,1300,14.32,11.91,--,--,-3133.0,-16.83,继续持有
2022-10-31,持有,002077,大港股份,电子,14,1400,13.66,17.5,--,--,5376.0,28.11,继续持有
2022-10-31,持有,300910,瑞丰新材,基础化工,1,100,102.15,144.98,--,--,4283.0,41.93,继续持有
2022-10-31,持有,002992,宝明科技,电子,6,600,29.5,37.56,--,--,4836.0,27.32,继续持有
2022-10-31,持有,000957,中通客车,其他,8,800,24.15,13.28,--,--,-8696.0,-45.01,继续持有
2022-10-31,持有,688600,皖仪科技,机械设备,6,600,31.2,33.5,--,--,1380.0,7.37,继续持有
2022-10-31,持有,300260,新莱应材,其他,1,100,102.56,107.35,--,--,479.0,4.67,继续持有
2022-10-31,持有,300693,盛弘股份,电力设备,4,400,49.1,52.49,--,--,1356.0,6.9,继续持有
2022-10-31,持有,002965,祥鑫科技,汽车,3,300,53.19,53.14,--,--,-15.0,-0.09,继续持有
2022-10-31,持有,688596,正帆科技,机械设备,4,400,37.15,41.0,--,--,1540.0,10.36,继续持有
2022-10-31,持有,002865,钧达股份,电力设备,1,100,111.73,190.85,--,--,7912.0,70.81,继续持有
2022-10-31,持有,688700,东威科技,机械设备,--,--,--,147.64,--,--,0.0,0.0,继续持有
2022-10-31,持有,688676,金盘科技,电力设备,4,400,39.98,37.99,--,--,-796.0,-4.98,继续持有
2022-10-31,持有,688072,拓荆科技,电子,--,--,--,272.88,--,--,0.0,0.0,继续持有
2022-10-31,持有,688337,普源精电,机械设备,--,--,--,107.26,--,--,0.0,0.0,继续持有
2022-11-16,卖出,002518,科士达,电力设备,4,400,45.78,46.31,18524.0,23.16,188.84,1.16,移出持仓池
2022-11-16,卖出,000957,中通客车,其他,8,800,24.15,14.35,11480.0,14.35,-7854.35,-40.58,移出持仓池
2022-11-16,卖出,000821,ST京机,电力设备,9,900,20.51,19.38,17442.0,21.8,-1038.8,-5.51,移出持仓池
2022-11-16,卖出,000595,*ST宝实,机械设备,25,2500,8.0,8.17,20425.0,25.53,399.47,2.12,移出持仓池
2022-11-16,卖出,002965,祥鑫科技,汽车,3,300,53.19,52.25,15675.0,19.59,-301.59,-1.77,移出持仓池
2022-11-16,卖出,301268,铭利达,机械设备,3,300,53.2,46.06,13818.0,17.27,-2159.27,-13.42,移出持仓池
2022-11-16,卖出,688290,景业智能,机械设备,2,200,85.95,81.09,16218.0,20.27,-992.27,-5.65,移出持仓池
2022-11-16,卖出,688676,金盘科技,电力设备,4,400,39.98,35.75,14300.0,17.88,-1709.88,-10.58,移出持仓池
2022-11-16,卖出,002101,广东鸿图,其他,8,800,22.37,23.23,18584.0,23.23,664.77,3.84,移出持仓池
2022-11-16,卖出,000948,南天信息,其他,8,800,24.86,21.18,16944.0,21.18,-2965.18,-14.8,移出持仓池
2022-11-16,买入,002868,*ST绿康,农林牧渔,5,500,37.1,37.1,18550.0,23.19,0.0,0.0,纳入持仓池
2022-11-16,买入,688359,三孚新科,其他,1,200,96.01,96.01,19202.0,24.0,0.0,0.0,纳入持仓池
2022-11-16,买入,002907,华森制药,医药生物,6,600,31.68,31.68,19008.0,23.76,0.0,0.0,纳入持仓池
2022-11-16,买入,000721,西安饮食,社会服务,19,1900,10.39,10.39,19741.0,24.68,0.0,0.0,纳入持仓池
2022-11-16,买入,688659,元琛科技,基础化工,4,800,22.31,22.31,17848.0,22.31,0.0,0.0,纳入持仓池
2022-11-16,买入,600152,维科技术,电力设备,14,1400,13.43,13.43,18802.0,23.5,0.0,0.0,纳入持仓池
2022-11-16,买入,002634,*ST棒杰,纺织服饰,17,1700,11.43,11.43,19431.0,24.29,0.0,0.0,纳入持仓池
2022-11-16,买入,003005,竞业达,计算机,3,300,55.83,55.83,16749.0,20.94,0.0,0.0,纳入持仓池
2022-11-16,买入,688226,威腾电气,电力设备,3,600,26.84,26.84,16104.0,20.13,0.0,0.0,纳入持仓池
2022-11-16,买入,603383,顶点软件,计算机,3,300,51.5,51.5,15450.0,19.31,0.0,0.0,纳入持仓池
2022-11-16,买入,603701,德宏股份,汽车,10,1000,19.31,19.31,19310.0,24.14,0.0,0.0,纳入持仓池
2022-11-16,买入,603728,鸣志电器,电力设备,6,600,31.13,31.13,18678.0,23.35,0.0,0.0,纳入持仓池
2022-11-16,持有,002992,宝明科技,电子,6,600,29.5,55.6,--,--,15660.0,88.47,继续持有
2022-11-16,持有,002866,传艺科技,电子,6,600,29.0,40.29,--,--,6774.0,38.93,继续持有
2022-11-16,持有,300565,科信技术,通信,7,700,26.0,28.55,--,--,1785.0,9.81,继续持有
2022-11-16,持有,688248,南网科技,电力设备,4,400,43.77,60.17,--,--,6560.0,37.47,继续持有
2022-11-16,持有,300910,瑞丰新材,基础化工,1,100,102.15,150.31,--,--,4816.0,47.15,继续持有
2022-11-16,持有,002077,大港股份,电子,14,1400,13.66,18.9,--,--,7336.0,38.36,继续持有
2022-11-16,持有,688320,禾川科技,机械设备,2,200,62.61,62.95,--,--,68.0,0.54,继续持有
2022-11-16,持有,002865,钧达股份,电力设备,1,100,111.73,225.45,--,--,11372.0,101.78,继续持有
2022-11-16,持有,002514,*ST宝馨,其他,13,1300,14.32,12.57,--,--,-2275.0,-12.22,继续持有
2022-11-16,持有,002843,泰嘉股份,机械设备,8,800,22.72,23.38,--,--,528.0,2.9,继续持有
2022-11-16,持有,688331,荣昌生物,其他,2,200,77.23,78.47,--,--,248.0,1.61,继续持有
2022-11-16,持有,688700,东威科技,机械设备,--,--,--,170.0,--,--,0.0,0.0,继续持有
2022-11-16,持有,688600,皖仪科技,机械设备,6,600,31.2,27.79,--,--,-2046.0,-10.93,继续持有
2022-11-16,持有,300260,新莱应材,其他,1,100,102.56,92.06,--,--,-1050.0,-10.24,继续持有
2022-11-16,持有,688596,正帆科技,机械设备,4,400,37.15,40.1,--,--,1180.0,7.94,继续持有
2022-11-16,持有,688337,普源精电,机械设备,--,--,--,103.6,--,--,0.0,0.0,继续持有
2022-11-16,持有,688270,ST臻镭,电子,--,--,--,127.1,--,--,0.0,0.0,继续持有
2022-11-16,持有,300693,盛弘股份,电力设备,4,400,49.1,52.6,--,--,1400.0,7.13,继续持有
2022-11-30,卖出,688320,禾川科技,机械设备,2,200,62.61,47.8,9560.0,11.95,-2973.95,-23.65,移出持仓池
2022-11-30,卖出,002907,华森制药,医药生物,6,600,31.68,24.85,14910.0,18.64,-4116.64,-21.56,移出持仓池
2022-11-30,卖出,000721,西安饮食,社会服务,19,1900,10.39,8.11,15409.0,19.26,-4351.26,-21.94,移出持仓池
2022-11-30,卖出,688331,荣昌生物,其他,2,200,77.23,72.57,14514.0,18.14,-950.14,-6.03,移出持仓池
2022-11-30,卖出,003005,竞业达,计算机,3,300,55.83,48.08,14424.0,18.03,-2343.03,-13.88,移出持仓池
2022-11-30,卖出,688226,威腾电气,电力设备,6,600,26.84,26.53,15918.0,19.9,-205.9,-1.15,移出持仓池
2022-11-30,卖出,688600,皖仪科技,机械设备,6,600,31.2,26.57,15942.0,19.93,-2797.93,-14.84,移出持仓池
2022-11-30,卖出,300260,新莱应材,其他,1,100,102.56,81.73,8173.0,10.22,-2093.22,-20.31,移出持仓池
2022-11-30,卖出,603383,顶点软件,计算机,3,300,51.5,44.39,13317.0,16.65,-2149.65,-13.81,移出持仓池
2022-11-30,卖出,688596,正帆科技,机械设备,4,400,37.15,36.82,14728.0,18.41,-150.41,-0.89,移出持仓池
2022-11-30,卖出,603728,鸣志电器,电力设备,6,600,31.13,29.21,17526.0,21.91,-1173.91,-6.17,移出持仓池
2022-11-30,买入,001270,*ST铖昌,国防军工,1,100,110.99,110.99,11099.0,13.87,0.0,0.0,纳入持仓池
2022-11-30,买入,002728,特一药业,医药生物,5,500,36.17,36.17,18085.0,22.61,0.0,0.0,纳入持仓池
2022-11-30,买入,002317,众生药业,医药生物,5,500,37.66,37.66,18830.0,23.54,0.0,0.0,纳入持仓池
2022-11-30,买入,002518,科士达,电力设备,3,300,51.15,51.15,15345.0,19.18,0.0,0.0,纳入持仓池
2022-11-30,买入,600303,曙光股份,汽车,25,2500,7.8,7.8,19500.0,24.38,0.0,0.0,纳入持仓池
2022-11-30,买入,688348,昱能科技,电力设备,0,0,622.8,622.8,0,0,0.0,0.0,"资金不足一手（需124,560元，分配20,000元）"
2022-11-30,买入,000948,南天信息,其他,8,800,24.61,24.61,19688.0,24.61,0.0,0.0,纳入持仓池
2022-11-30,买入,301168,通灵股份,电力设备,2,200,75.18,75.18,15036.0,18.8,0.0,0.0,纳入持仓池
2022-11-30,买入,600557,康缘药业,医药生物,7,700,26.04,26.04,18228.0,22.79,0.0,0.0,纳入持仓池
2022-11-30,买入,300795,米奥会展,社会服务,4,400,41.3,41.3,16520.0,20.65,0.0,0.0,纳入持仓池
2022-11-30,买入,603029,天鹅股份,机械设备,7,700,26.87,26.87,18809.0,23.51,0.0,0.0,纳入持仓池
2022-11-30,买入,300813,泰林生物,机械设备,2,200,85.09,85.09,17018.0,21.27,0.0,0.0,纳入持仓池
2022-11-30,买入,002603,以岭药业,医药生物,4,400,44.9,44.9,17960.0,22.45,0.0,0.0,纳入持仓池
2022-11-30,持有,002992,宝明科技,电子,6,600,29.5,61.79,--,--,19374.0,109.46,继续持有
2022-11-30,持有,002866,传艺科技,电子,6,600,29.0,47.52,--,--,11112.0,63.86,继续持有
2022-11-30,持有,002868,*ST绿康,农林牧渔,5,500,37.1,44.48,--,--,3690.0,19.89,继续持有
2022-11-30,持有,300565,科信技术,通信,7,700,26.0,28.55,--,--,1785.0,9.81,继续持有
2022-11-30,持有,002077,大港股份,电子,14,1400,13.66,18.22,--,--,6384.0,33.38,继续持有
2022-11-30,持有,600152,维科技术,电力设备,14,1400,13.43,15.14,--,--,2394.0,12.73,继续持有
2022-11-30,持有,300910,瑞丰新材,基础化工,1,100,102.15,134.15,--,--,3200.0,31.33,继续持有
2022-11-30,持有,002514,*ST宝馨,其他,13,1300,14.32,13.14,--,--,-1534.0,-8.24,继续持有
2022-11-30,持有,002843,泰嘉股份,机械设备,8,800,22.72,23.43,--,--,568.0,3.12,继续持有
2022-11-30,持有,603701,德宏股份,汽车,10,1000,19.31,21.13,--,--,1820.0,9.43,继续持有
2022-11-30,持有,688659,元琛科技,基础化工,8,800,22.31,24.67,--,--,1888.0,10.58,继续持有
2022-11-30,持有,002634,*ST棒杰,纺织服饰,17,1700,11.43,11.32,--,--,-187.0,-0.96,继续持有
2022-11-30,持有,688248,南网科技,电力设备,4,400,43.77,54.62,--,--,4340.0,24.79,继续持有
2022-11-30,持有,300693,盛弘股份,电力设备,4,400,49.1,55.39,--,--,2516.0,12.81,继续持有
2022-11-30,持有,002865,钧达股份,电力设备,1,100,111.73,196.45,--,--,8472.0,75.83,继续持有
2022-11-30,持有,688700,东威科技,机械设备,--,--,--,148.99,--,--,0.0,0.0,继续持有
2022-11-30,持有,688359,三孚新科,其他,2,200,96.01,85.68,--,--,-2066.0,-10.76,继续持有
2022-12-16,卖出,001270,*ST铖昌,国防军工,1,100,110.99,110.8,11080.0,13.85,-32.85,-0.17,移出持仓池
2022-12-16,卖出,002514,*ST宝馨,其他,13,1300,14.32,11.44,14872.0,18.59,-3762.59,-20.11,移出持仓池
2022-12-16,卖出,002843,泰嘉股份,机械设备,8,800,22.72,20.6,16480.0,20.6,-1716.6,-9.33,移出持仓池
2022-12-16,卖出,002518,科士达,电力设备,3,300,51.15,47.86,14358.0,17.95,-1004.95,-6.43,移出持仓池
2022-12-16,卖出,300693,盛弘股份,电力设备,4,400,49.1,50.74,20296.0,25.37,630.63,3.34,移出持仓池
2022-12-16,卖出,600303,曙光股份,汽车,25,2500,7.8,6.5,16250.0,20.31,-3270.31,-16.67,移出持仓池
2022-12-16,卖出,002865,钧达股份,电力设备,1,100,111.73,177.36,17736.0,22.17,6540.83,58.74,移出持仓池
2022-12-16,卖出,000948,南天信息,其他,8,800,24.61,22.25,17800.0,22.25,-1910.25,-9.59,移出持仓池
2022-12-16,卖出,301168,通灵股份,电力设备,2,200,75.18,64.96,12992.0,16.24,-2060.24,-13.59,移出持仓池
2022-12-16,卖出,600557,康缘药业,医药生物,7,700,26.04,21.35,14945.0,18.68,-3301.68,-18.01,移出持仓池
2022-12-16,卖出,300813,泰林生物,机械设备,2,200,85.09,60.3,12060.0,15.08,-4973.08,-29.13,移出持仓池
2022-12-16,卖出,002603,以岭药业,医药生物,4,400,44.9,45.19,18076.0,22.59,93.41,0.65,移出持仓池
2022-12-16,买入,000721,西安饮食,社会服务,12,1200,15.48,15.48,18576.0,23.22,0.0,0.0,纳入持仓池
2022-12-16,买入,301211,亨迪药业,医药生物,3,300,55.63,55.63,16689.0,20.86,0.0,0.0,纳入持仓池
2022-12-16,买入,002193,ST如意,纺织服饰,15,1500,13.32,13.32,19980.0,24.98,0.0,0.0,纳入持仓池
2022-12-16,买入,300434,金石亚药,医药生物,9,900,21.5,21.5,19350.0,24.19,0.0,0.0,纳入持仓池
2022-12-16,买入,002875,安奈儿,纺织服饰,10,1000,19.99,19.99,19990.0,24.99,0.0,0.0,纳入持仓池
2022-12-16,买入,300779,惠城环保,环保,6,600,29.8,29.8,17880.0,22.35,0.0,0.0,纳入持仓池
2022-12-16,买入,300039,上海凯宝,医药生物,15,1500,12.76,12.76,19140.0,23.93,0.0,0.0,纳入持仓池
2022-12-16,买入,000716,黑芝麻,食品饮料,29,2900,6.7,6.7,19430.0,24.29,0.0,0.0,纳入持仓池
2022-12-16,买入,300553,集智股份,机械设备,3,300,63.28,63.28,18984.0,23.73,0.0,0.0,纳入持仓池
2022-12-16,买入,002528,*ST英飞,计算机,29,2900,6.7,6.7,19430.0,24.29,0.0,0.0,纳入持仓池
2022-12-16,买入,600818,ST中路,汽车,6,600,31.67,31.67,19002.0,23.75,0.0,0.0,纳入持仓池
2022-12-16,买入,605108,同庆楼,社会服务,5,500,36.8,36.8,18400.0,23.0,0.0,0.0,纳入持仓池
2022-12-16,买入,002053,云南能投,公用事业,6,600,31.67,31.67,19002.0,23.75,0.0,0.0,纳入持仓池
2022-12-16,买入,600353,旭光电子,电子,13,1300,14.96,14.96,19448.0,24.31,0.0,0.0,纳入持仓池
2022-12-16,持有,002992,宝明科技,电子,6,600,29.5,55.25,--,--,15450.0,87.29,继续持有
2022-12-16,持有,002077,大港股份,电子,14,1400,13.66,22.6,--,--,12516.0,65.45,继续持有
2022-12-16,持有,002868,*ST绿康,农林牧渔,5,500,37.1,52.3,--,--,7600.0,40.97,继续持有
2022-12-16,持有,002866,传艺科技,电子,6,600,29.0,41.57,--,--,7542.0,43.34,继续持有
2022-12-16,持有,300565,科信技术,通信,7,700,26.0,26.02,--,--,14.0,0.08,继续持有
2022-12-16,持有,600152,维科技术,电力设备,14,1400,13.43,16.3,--,--,4018.0,21.37,继续持有
2022-12-16,持有,002317,众生药业,医药生物,5,500,37.66,35.33,--,--,-1165.0,-6.19,继续持有
2022-12-16,持有,688248,南网科技,电力设备,4,400,43.77,55.12,--,--,4540.0,25.93,继续持有
2022-12-16,持有,002634,*ST棒杰,纺织服饰,17,1700,11.43,10.0,--,--,-2431.0,-12.51,继续持有
2022-12-16,持有,300795,米奥会展,社会服务,4,400,41.3,43.9,--,--,1040.0,6.3,继续持有
2022-12-16,持有,603029,天鹅股份,机械设备,7,700,26.87,25.13,--,--,-1218.0,-6.48,继续持有
2022-12-16,持有,603701,德宏股份,汽车,10,1000,19.31,19.0,--,--,-310.0,-1.61,继续持有
2022-12-16,持有,300910,瑞丰新材,基础化工,1,100,102.15,112.79,--,--,1064.0,10.42,继续持有
2022-12-16,持有,002728,特一药业,医药生物,5,500,36.17,28.0,--,--,-4085.0,-22.59,继续持有
2022-12-16,持有,688659,元琛科技,基础化工,8,800,22.31,19.08,--,--,-2584.0,-14.48,继续持有
2022-12-16,持有,688359,三孚新科,其他,2,200,96.01,82.12,--,--,-2778.0,-14.47,继续持有
2022-12-30,卖出,002866,传艺科技,电子,6,600,29.0,45.77,27462.0,34.33,10027.67,57.83,移出持仓池
2022-12-30,卖出,301211,亨迪药业,医药生物,3,300,55.63,34.65,10395.0,12.99,-6306.99,-37.71,移出持仓池
2022-12-30,卖出,300565,科信技术,通信,7,700,26.0,23.26,16282.0,20.35,-1938.35,-10.54,移出持仓池
2022-12-30,卖出,002193,ST如意,纺织服饰,15,1500,13.32,9.65,14475.0,18.09,-5523.09,-27.55,移出持仓池
2022-12-30,卖出,002317,众生药业,医药生物,5,500,37.66,26.99,13495.0,16.87,-5351.87,-28.33,移出持仓池
2022-12-30,卖出,300434,金石亚药,医药生物,9,900,21.5,13.61,12249.0,15.31,-7116.31,-36.7,移出持仓池
2022-12-30,卖出,300795,米奥会展,社会服务,4,400,41.3,40.81,16324.0,20.41,-216.41,-1.19,移出持仓池
2022-12-30,卖出,300039,上海凯宝,医药生物,15,1500,12.76,8.06,12090.0,15.11,-7065.11,-36.83,移出持仓池
2022-12-30,卖出,300910,瑞丰新材,基础化工,1,100,102.15,123.31,12331.0,15.41,2100.59,20.71,移出持仓池
2022-12-30,卖出,002728,特一药业,医药生物,5,500,36.17,22.55,11275.0,14.09,-6824.09,-37.66,移出持仓池
2022-12-30,卖出,688359,三孚新科,其他,2,200,96.01,67.49,13498.0,16.87,-5720.87,-29.71,移出持仓池
2022-12-30,卖出,600818,ST中路,汽车,6,600,31.67,27.22,16332.0,20.41,-2690.41,-14.05,移出持仓池
2022-12-30,卖出,605108,同庆楼,社会服务,5,500,36.8,37.23,18615.0,23.27,191.73,1.17,移出持仓池
2022-12-30,卖出,002053,云南能投,公用事业,6,600,31.67,27.22,16332.0,20.41,-2690.41,-14.05,移出持仓池
2022-12-30,卖出,600353,旭光电子,电子,13,1300,14.96,14.38,18694.0,23.37,-777.37,-3.88,移出持仓池
2022-12-30,买入,002186,全 聚 德,社会服务,8,800,22.83,22.83,18264.0,22.83,0.0,0.0,纳入持仓池
2022-12-30,买入,002719,ST麦趣,食品饮料,11,1100,16.72,16.72,18392.0,22.99,0.0,0.0,纳入持仓池
2022-12-30,买入,000610,*ST西旅,社会服务,9,900,20.57,20.57,18513.0,23.14,0.0,0.0,纳入持仓池
2022-12-30,买入,600996,贵广网络,传媒,13,1300,14.89,14.89,19357.0,24.2,0.0,0.0,纳入持仓池
2022-12-30,买入,003005,竞业达,计算机,4,400,40.2,40.2,16080.0,20.1,0.0,0.0,纳入持仓池
2022-12-30,买入,301153,中科江南,计算机,1,100,106.44,106.44,10644.0,13.3,0.0,0.0,纳入持仓池
2022-12-30,买入,002095,生 意 宝,传媒,7,700,27.5,27.5,19250.0,24.06,0.0,0.0,纳入持仓池
2022-12-30,买入,300049,福瑞医科,医药生物,8,800,24.43,24.43,19544.0,24.43,0.0,0.0,纳入持仓池
2022-12-30,买入,002865,钧达股份,电力设备,1,100,185.1,185.1,18510.0,23.14,0.0,0.0,纳入持仓池
2022-12-30,买入,688226,威腾电气,电力设备,3,600,26.26,26.26,15756.0,19.7,0.0,0.0,纳入持仓池
2022-12-30,买入,603778,国晟科技,建筑装饰,28,2800,6.92,6.92,19376.0,24.22,0.0,0.0,纳入持仓池
2022-12-30,买入,002919,名臣健康,传媒,5,500,35.66,35.66,17830.0,22.29,0.0,0.0,纳入持仓池
2022-12-30,买入,002518,科士达,电力设备,3,300,57.6,57.6,17280.0,21.6,0.0,0.0,纳入持仓池
2022-12-30,买入,688600,皖仪科技,机械设备,4,800,24.98,24.98,19984.0,24.98,0.0,0.0,纳入持仓池
2022-12-30,买入,301030,*ST仕净,环保,4,400,41.71,41.71,16684.0,20.86,0.0,0.0,纳入持仓池
2022-12-30,持有,000721,西安饮食,社会服务,12,1200,15.48,17.3,--,--,2184.0,11.76,继续持有
2022-12-30,持有,002868,*ST绿康,农林牧渔,5,500,37.1,53.09,--,--,7995.0,43.1,继续持有
2022-12-30,持有,002528,*ST英飞,计算机,29,2900,6.7,11.22,--,--,13108.0,67.46,继续持有
2022-12-30,持有,002875,安奈儿,纺织服饰,10,1000,19.99,26.4,--,--,6410.0,32.07,继续持有
2022-12-30,持有,002992,宝明科技,电子,6,600,29.5,55.5,--,--,15600.0,88.14,继续持有
2022-12-30,持有,000716,黑芝麻,食品饮料,29,2900,6.7,8.0,--,--,3770.0,19.4,继续持有
2022-12-30,持有,300779,惠城环保,环保,6,600,29.8,34.1,--,--,2580.0,14.43,继续持有
2022-12-30,持有,603029,天鹅股份,机械设备,7,700,26.87,29.35,--,--,1736.0,9.23,继续持有
2022-12-30,持有,002077,大港股份,电子,14,1400,13.66,18.57,--,--,6874.0,35.94,继续持有
2022-12-30,持有,600152,维科技术,电力设备,14,1400,13.43,14.77,--,--,1876.0,9.98,继续持有
2022-12-30,持有,603701,德宏股份,汽车,10,1000,19.31,19.68,--,--,370.0,1.92,继续持有
2022-12-30,持有,688248,南网科技,电力设备,4,400,43.77,57.1,--,--,5332.0,30.45,继续持有
2022-12-30,持有,002634,*ST棒杰,纺织服饰,17,1700,11.43,9.83,--,--,-2720.0,-14.0,继续持有
2022-12-30,持有,300553,集智股份,机械设备,3,300,63.28,62.3,--,--,-294.0,-1.55,继续持有
2022-12-30,持有,688659,元琛科技,基础化工,8,800,22.31,17.13,--,--,-4144.0,-23.22,继续持有
2023-01-13,卖出,000610,*ST西旅,社会服务,9,900,20.57,14.47,13023.0,16.28,-5506.28,-29.65,移出持仓池
2023-01-13,卖出,600152,维科技术,电力设备,14,1400,13.43,14.7,20580.0,25.73,1752.27,9.46,移出持仓池
2023-01-13,卖出,600996,贵广网络,传媒,13,1300,14.89,15.19,19747.0,24.68,365.32,2.01,移出持仓池
2023-01-13,卖出,688248,南网科技,电力设备,4,400,43.77,60.13,24052.0,30.07,6513.93,37.38,移出持仓池
2023-01-13,卖出,002095,生 意 宝,传媒,7,700,27.5,21.68,15176.0,18.97,-4092.97,-21.16,移出持仓池
2023-01-13,卖出,002865,钧达股份,电力设备,1,100,185.1,196.99,19699.0,24.62,1164.38,6.42,移出持仓池
2023-01-13,卖出,300553,集智股份,机械设备,3,300,63.28,62.12,18636.0,23.3,-371.3,-1.83,移出持仓池
2023-01-13,卖出,002919,名臣健康,传媒,5,500,35.66,33.4,16700.0,20.88,-1150.88,-6.34,移出持仓池
2023-01-13,卖出,002518,科士达,电力设备,3,300,57.6,59.69,17907.0,22.38,604.62,3.63,移出持仓池
2023-01-13,卖出,301030,*ST仕净,环保,4,400,41.71,38.41,15364.0,19.21,-1339.21,-7.91,移出持仓池
2023-01-13,卖出,688659,元琛科技,基础化工,8,800,22.31,16.98,13584.0,16.98,-4280.98,-23.89,移出持仓池
2023-01-13,买入,002235,安妮股份,轻工制造,20,2000,9.65,9.65,19300.0,24.12,0.0,0.0,纳入持仓池
2023-01-13,买入,300795,米奥会展,社会服务,4,400,45.53,45.53,18212.0,22.77,0.0,0.0,纳入持仓池
2023-01-13,买入,603383,顶点软件,计算机,4,400,47.7,47.7,19080.0,23.85,0.0,0.0,纳入持仓池
2023-01-13,买入,300693,盛弘股份,电力设备,2,200,67.88,67.88,13576.0,16.97,0.0,0.0,纳入持仓池
2023-01-13,买入,003029,吉大正元,计算机,5,500,36.69,36.69,18345.0,22.93,0.0,0.0,纳入持仓池
2023-01-13,买入,300910,瑞丰新材,基础化工,1,100,132.11,132.11,13211.0,16.51,0.0,0.0,纳入持仓池
2023-01-13,买入,002853,皮阿诺,轻工制造,8,800,22.81,22.81,18248.0,22.81,0.0,0.0,纳入持仓池
2023-01-13,买入,000948,南天信息,其他,8,800,23.28,23.28,18624.0,23.28,0.0,0.0,纳入持仓池
2023-01-13,买入,002262,恩华药业,医药生物,8,800,24.7,24.7,19760.0,24.7,0.0,0.0,纳入持仓池
2023-01-13,买入,002640,跨境通,商贸零售,35,3500,5.6,5.6,19600.0,24.5,0.0,0.0,纳入持仓池
2023-01-13,买入,003027,同兴科技,环保,6,600,32.86,32.86,19716.0,24.64,0.0,0.0,纳入持仓池
2023-01-13,持有,002868,*ST绿康,农林牧渔,5,500,37.1,57.16,--,--,10030.0,54.07,继续持有
2023-01-13,持有,000721,西安饮食,社会服务,12,1200,15.48,16.73,--,--,1500.0,8.07,继续持有
2023-01-13,持有,002528,*ST英飞,计算机,29,2900,6.7,11.46,--,--,13804.0,71.04,继续持有
2023-01-13,持有,002875,安奈儿,纺织服饰,10,1000,19.99,24.78,--,--,4790.0,23.96,继续持有
2023-01-13,持有,000716,黑芝麻,食品饮料,29,2900,6.7,9.66,--,--,8584.0,44.18,继续持有
2023-01-13,持有,002077,大港股份,电子,14,1400,13.66,19.22,--,--,7784.0,40.7,继续持有
2023-01-13,持有,301153,中科江南,计算机,1,100,106.44,111.84,--,--,540.0,5.07,继续持有
2023-01-13,持有,300779,惠城环保,环保,6,600,29.8,31.52,--,--,1032.0,5.77,继续持有
2023-01-13,持有,003005,竞业达,计算机,4,400,40.2,38.65,--,--,-620.0,-3.86,继续持有
2023-01-13,持有,688226,威腾电气,电力设备,6,600,26.26,29.01,--,--,1650.0,10.47,继续持有
2023-01-13,持有,300049,福瑞医科,医药生物,8,800,24.43,30.62,--,--,4952.0,25.34,继续持有
2023-01-13,持有,002634,*ST棒杰,纺织服饰,17,1700,11.43,10.78,--,--,-1105.0,-5.69,继续持有
2023-01-13,持有,603029,天鹅股份,机械设备,7,700,26.87,25.81,--,--,-742.0,-3.94,继续持有
2023-01-13,持有,603701,德宏股份,汽车,10,1000,19.31,19.73,--,--,420.0,2.18,继续持有
2023-01-13,持有,002186,全 聚 德,社会服务,8,800,22.83,16.84,--,--,-4792.0,-26.24,继续持有
2023-01-13,持有,603778,国晟科技,建筑装饰,28,2800,6.92,6.69,--,--,-644.0,-3.32,继续持有
2023-01-13,持有,002719,ST麦趣,食品饮料,11,1100,16.72,13.5,--,--,-3542.0,-19.26,继续持有
2023-01-13,持有,002992,宝明科技,电子,6,600,29.5,54.99,--,--,15294.0,86.41,继续持有
2023-01-13,持有,688600,皖仪科技,机械设备,8,800,24.98,26.27,--,--,1032.0,5.16,继续持有
2023-01-31,卖出,002077,大港股份,电子,14,1400,13.66,20.21,28294.0,35.37,9134.63,47.95,移出持仓池
2023-01-31,卖出,300049,福瑞医科,医药生物,8,800,24.43,28.6,22880.0,28.6,3307.4,17.07,移出持仓池
2023-01-31,卖出,002235,安妮股份,轻工制造,20,2000,9.65,8.37,16740.0,20.93,-2580.93,-13.26,移出持仓池
2023-01-31,卖出,603383,顶点软件,计算机,4,400,47.7,49.88,19952.0,24.94,847.06,4.57,移出持仓池
2023-01-31,卖出,002719,ST麦趣,食品饮料,11,1100,16.72,11.11,12221.0,15.28,-6186.28,-33.55,移出持仓池
2023-01-31,卖出,300910,瑞丰新材,基础化工,1,100,132.11,129.65,12965.0,16.21,-262.21,-1.86,移出持仓池
2023-01-31,卖出,002853,皮阿诺,轻工制造,8,800,22.81,21.51,17208.0,21.51,-1061.51,-5.7,移出持仓池
2023-01-31,卖出,002262,恩华药业,医药生物,8,800,24.7,23.8,19040.0,23.8,-743.8,-3.64,移出持仓池
2023-01-31,卖出,002640,跨境通,商贸零售,35,3500,5.6,5.14,17990.0,22.49,-1632.49,-8.21,移出持仓池
2023-01-31,卖出,002992,宝明科技,电子,6,600,29.5,48.37,29022.0,36.28,11285.72,63.97,移出持仓池
2023-01-31,卖出,688600,皖仪科技,机械设备,8,800,24.98,27.86,22288.0,27.86,2276.14,11.53,移出持仓池
2023-01-31,卖出,003027,同兴科技,环保,6,600,32.86,30.97,18582.0,23.23,-1157.23,-5.75,移出持仓池
2023-01-31,买入,001236,弘业期货,非银金融,9,900,21.65,21.65,19485.0,24.36,0.0,0.0,纳入持仓池
2023-01-31,买入,002279,久其软件,其他,19,1900,10.01,10.01,19019.0,23.77,0.0,0.0,纳入持仓池
2023-01-31,买入,002401,中远海科,计算机,11,1100,18.1,18.1,19910.0,24.89,0.0,0.0,纳入持仓池
2023-01-31,买入,300585,奥联电子,汽车,6,600,32.68,32.68,19608.0,24.51,0.0,0.0,纳入持仓池
2023-01-31,买入,002808,*ST恒久,电子,12,1200,15.82,15.82,18984.0,23.73,0.0,0.0,纳入持仓池
2023-01-31,买入,300051,琏升科技,电力设备,18,1800,11.01,11.01,19818.0,24.77,0.0,0.0,纳入持仓池
2023-01-31,买入,605289,罗曼股份,建筑装饰,5,500,33.88,33.88,16940.0,21.18,0.0,0.0,纳入持仓池
2023-01-31,买入,300396,ST迪瑞,医药生物,7,700,28.08,28.08,19656.0,24.57,0.0,0.0,纳入持仓池
2023-01-31,买入,002368,太极股份,其他,5,500,36.95,36.95,18475.0,23.09,0.0,0.0,纳入持仓池
2023-01-31,买入,300551,古鳌科技,计算机,11,1100,16.82,16.82,18502.0,23.13,0.0,0.0,纳入持仓池
2023-01-31,买入,002762,*ST金比,纺织服饰,14,1400,13.92,13.92,19488.0,24.36,0.0,0.0,纳入持仓池
2023-01-31,买入,688201,ST信安,其他,1,200,62.99,62.99,12598.0,15.75,0.0,0.0,纳入持仓池
2023-01-31,持有,000721,西安饮食,社会服务,12,1200,15.48,14.95,--,--,-636.0,-3.42,继续持有
2023-01-31,持有,002868,*ST绿康,农林牧渔,5,500,37.1,61.22,--,--,12060.0,65.01,继续持有
2023-01-31,持有,002528,*ST英飞,计算机,29,2900,6.7,12.18,--,--,15892.0,81.79,继续持有
2023-01-31,持有,000716,黑芝麻,食品饮料,29,2900,6.7,8.42,--,--,4988.0,25.67,继续持有
2023-01-31,持有,003005,竞业达,计算机,4,400,40.2,45.22,--,--,2008.0,12.49,继续持有
2023-01-31,持有,300795,米奥会展,社会服务,4,400,45.53,49.22,--,--,1476.0,8.1,继续持有
2023-01-31,持有,603778,国晟科技,建筑装饰,28,2800,6.92,7.6,--,--,1904.0,9.83,继续持有
2023-01-31,持有,301153,中科江南,计算机,1,100,106.44,115.39,--,--,895.0,8.41,继续持有
2023-01-31,持有,002634,*ST棒杰,纺织服饰,17,1700,11.43,11.82,--,--,663.0,3.41,继续持有
2023-01-31,持有,300779,惠城环保,环保,6,600,29.8,33.88,--,--,2448.0,13.69,继续持有
2023-01-31,持有,603701,德宏股份,汽车,10,1000,19.31,22.45,--,--,3140.0,16.26,继续持有
2023-01-31,持有,688226,威腾电气,电力设备,6,600,26.26,29.5,--,--,1944.0,12.34,继续持有
2023-01-31,持有,300693,盛弘股份,电力设备,2,200,67.88,67.68,--,--,-40.0,-0.29,继续持有
2023-01-31,持有,002875,安奈儿,纺织服饰,10,1000,19.99,17.84,--,--,-2150.0,-10.76,继续持有
2023-01-31,持有,603029,天鹅股份,机械设备,7,700,26.87,24.86,--,--,-1407.0,-7.48,继续持有
2023-01-31,持有,003029,吉大正元,计算机,5,500,36.69,39.74,--,--,1525.0,8.31,继续持有
2023-01-31,持有,000948,南天信息,其他,8,800,23.28,24.57,--,--,1032.0,5.54,继续持有
2023-01-31,持有,002186,全 聚 德,社会服务,8,800,22.83,15.33,--,--,-6000.0,-32.85,继续持有
2023-02-15,卖出,603701,德宏股份,汽车,10,1000,19.31,19.75,19750.0,24.69,415.31,2.28,移出持仓池
2023-02-15,卖出,688226,威腾电气,电力设备,6,600,26.26,27.8,16680.0,20.85,903.15,5.86,移出持仓池
2023-02-15,卖出,300693,盛弘股份,电力设备,2,200,67.88,71.53,14306.0,17.88,712.12,5.38,移出持仓池
2023-02-15,卖出,002401,中远海科,计算机,11,1100,18.1,17.22,18942.0,23.68,-991.68,-4.86,移出持仓池
2023-02-15,卖出,003029,吉大正元,计算机,5,500,36.69,38.09,19045.0,23.81,676.19,3.82,移出持仓池
2023-02-15,卖出,000948,南天信息,其他,8,800,23.28,24.32,19456.0,24.32,807.68,4.47,移出持仓池
2023-02-15,卖出,002808,*ST恒久,电子,12,1200,15.82,14.1,16920.0,21.15,-2085.15,-10.87,移出持仓池
2023-02-15,卖出,605289,罗曼股份,建筑装饰,5,500,33.88,27.89,13945.0,17.43,-3012.43,-17.68,移出持仓池
2023-02-15,卖出,300396,ST迪瑞,医药生物,7,700,28.08,31.6,22120.0,27.65,2436.35,12.54,移出持仓池
2023-02-15,卖出,300551,古鳌科技,计算机,11,1100,16.82,15.35,16885.0,21.11,-1638.11,-8.74,移出持仓池
2023-02-15,卖出,002762,*ST金比,纺织服饰,14,1400,13.92,12.5,17500.0,21.88,-2009.88,-10.2,移出持仓池
2023-02-15,卖出,688201,ST信安,其他,2,200,62.99,66.74,13348.0,16.68,733.32,5.95,移出持仓池
2023-02-15,买入,302132,中航成飞,国防军工,3,300,54.18,54.18,16254.0,20.32,0.0,0.0,纳入持仓池
2023-02-15,买入,688787,海天瑞声,计算机,0,0,244.8,244.8,0,0,0.0,0.0,"资金不足一手（需48,960元，分配20,000元）"
2023-02-15,买入,300716,*ST泉为,电力设备,7,700,26.1,26.1,18270.0,22.84,0.0,0.0,纳入持仓池
2023-02-15,买入,002362,汉王科技,其他,5,500,36.25,36.25,18125.0,22.66,0.0,0.0,纳入持仓池
2023-02-15,买入,688617,惠泰医疗,医药生物,0,0,344.15,344.15,0,0,0.0,0.0,"资金不足一手（需68,830元，分配20,000元）"
2023-02-15,买入,002882,金龙羽,电力设备,9,900,22.2,22.2,19980.0,24.98,0.0,0.0,纳入持仓池
2023-02-15,买入,002235,安妮股份,轻工制造,21,2100,9.34,9.34,19614.0,24.52,0.0,0.0,纳入持仓池
2023-02-15,买入,002348,高乐股份,轻工制造,43,4300,4.6,4.6,19780.0,24.73,0.0,0.0,纳入持仓池
2023-02-15,买入,002568,百润股份,食品饮料,4,400,42.98,42.98,17192.0,21.49,0.0,0.0,纳入持仓池
2023-02-15,买入,603200,上海洗霸,环保,6,600,29.35,29.35,17610.0,22.01,0.0,0.0,纳入持仓池
2023-02-15,买入,300250,初灵信息,计算机,8,800,24.36,24.36,19488.0,24.36,0.0,0.0,纳入持仓池
2023-02-15,买入,300491,通合科技,电力设备,6,600,29.4,29.4,17640.0,22.05,0.0,0.0,纳入持仓池
2023-02-15,持有,000721,西安饮食,社会服务,12,1200,15.48,14.41,--,--,-1284.0,-6.91,继续持有
2023-02-15,持有,300779,惠城环保,环保,6,600,29.8,43.7,--,--,8340.0,46.64,继续持有
2023-02-15,持有,000716,黑芝麻,食品饮料,29,2900,6.7,9.61,--,--,8439.0,43.43,继续持有
2023-02-15,持有,002528,*ST英飞,计算机,29,2900,6.7,10.73,--,--,11687.0,60.15,继续持有
2023-02-15,持有,300795,米奥会展,社会服务,4,400,45.53,58.6,--,--,5228.0,28.71,继续持有
2023-02-15,持有,300585,奥联电子,汽车,6,600,32.68,39.89,--,--,4326.0,22.06,继续持有
2023-02-15,持有,603778,国晟科技,建筑装饰,28,2800,6.92,8.2,--,--,3584.0,18.5,继续持有
2023-02-15,持有,301153,中科江南,计算机,1,100,106.44,125.98,--,--,1954.0,18.36,继续持有
2023-02-15,持有,300051,琏升科技,电力设备,18,1800,11.01,12.92,--,--,3438.0,17.35,继续持有
2023-02-15,持有,003005,竞业达,计算机,4,400,40.2,43.77,--,--,1428.0,8.88,继续持有
2023-02-15,持有,002368,太极股份,其他,5,500,36.95,38.65,--,--,850.0,4.6,继续持有
2023-02-15,持有,603029,天鹅股份,机械设备,7,700,26.87,26.1,--,--,-539.0,-2.87,继续持有
2023-02-15,持有,001236,弘业期货,非银金融,9,900,21.65,16.87,--,--,-4302.0,-22.08,继续持有
2023-02-15,持有,002868,*ST绿康,农林牧渔,5,500,37.1,54.21,--,--,8555.0,46.12,继续持有
2023-02-15,持有,002875,安奈儿,纺织服饰,10,1000,19.99,16.96,--,--,-3030.0,-15.16,继续持有
2023-02-15,持有,002186,全 聚 德,社会服务,8,800,22.83,15.22,--,--,-6088.0,-33.33,继续持有
2023-02-15,持有,002279,久其软件,其他,19,1900,10.01,8.9,--,--,-2109.0,-11.09,继续持有
2023-02-15,持有,002634,*ST棒杰,纺织服饰,17,1700,11.43,10.4,--,--,-1751.0,-9.01,继续持有
2023-02-28,卖出,000716,黑芝麻,食品饮料,29,2900,6.7,9.69,28101.0,35.13,8635.87,44.63,移出持仓池
2023-02-28,卖出,300585,奥联电子,汽车,6,600,32.68,21.05,12630.0,15.79,-6993.79,-35.59,移出持仓池
2023-02-28,卖出,001236,弘业期货,非银金融,9,900,21.65,16.62,14958.0,18.7,-4545.7,-23.23,移出持仓池
2023-02-28,卖出,002882,金龙羽,电力设备,9,900,22.2,17.44,15696.0,19.62,-4303.62,-21.44,移出持仓池
2023-02-28,卖出,002235,安妮股份,轻工制造,21,2100,9.34,8.63,18123.0,22.65,-1513.65,-7.6,移出持仓池
2023-02-28,卖出,002348,高乐股份,轻工制造,43,4300,4.6,4.46,19178.0,23.97,-625.97,-3.04,移出持仓池
2023-02-28,卖出,002568,百润股份,食品饮料,4,400,42.98,42.03,16812.0,21.02,-401.02,-2.21,移出持仓池
2023-02-28,卖出,603200,上海洗霸,环保,6,600,29.35,24.75,14850.0,18.56,-2778.56,-15.67,移出持仓池
2023-02-28,卖出,300250,初灵信息,计算机,8,800,24.36,17.96,14368.0,17.96,-5137.96,-26.27,移出持仓池
2023-02-28,卖出,002186,全 聚 德,社会服务,8,800,22.83,15.17,12136.0,15.17,-6143.17,-33.55,移出持仓池
2023-02-28,卖出,002279,久其软件,其他,19,1900,10.01,8.88,16872.0,21.09,-2168.09,-11.29,移出持仓池
2023-02-28,卖出,002634,*ST棒杰,纺织服饰,17,1700,11.43,10.39,17663.0,22.08,-1790.08,-9.1,移出持仓池
2023-02-28,买入,920152,昆工科技,其他,9,900,20.8,20.8,18720.0,23.4,0.0,0.0,纳入持仓池
2023-02-28,买入,002229,鸿博股份,轻工制造,13,1300,15.24,15.24,19812.0,24.77,0.0,0.0,纳入持仓池
2023-02-28,买入,002728,特一药业,医药生物,7,700,27.39,27.39,19173.0,23.97,0.0,0.0,纳入持仓池
2023-02-28,买入,301211,亨迪药业,医药生物,4,400,40.08,40.08,16032.0,20.04,0.0,0.0,纳入持仓池
2023-02-28,买入,688697,纽威数控,机械设备,3,600,29.45,29.45,17670.0,22.09,0.0,0.0,纳入持仓池
2023-02-28,买入,603100,川仪股份,机械设备,4,400,40.09,40.09,16036.0,20.05,0.0,0.0,纳入持仓池
2023-02-28,买入,002762,*ST金比,纺织服饰,13,1300,14.64,14.64,19032.0,23.79,0.0,0.0,纳入持仓池
2023-02-28,买入,300229,拓尔思,计算机,8,800,24.2,24.2,19360.0,24.2,0.0,0.0,纳入持仓池
2023-02-28,买入,000032,深桑达Ａ,建筑装饰,7,700,26.02,26.02,18214.0,22.77,0.0,0.0,纳入持仓池
2023-02-28,买入,688310,迈得医疗,机械设备,2,400,41.56,41.56,16624.0,20.78,0.0,0.0,纳入持仓池
2023-02-28,买入,300723,一品红,医药生物,4,400,48.69,48.69,19476.0,24.34,0.0,0.0,纳入持仓池
2023-02-28,买入,600557,康缘药业,医药生物,7,700,25.85,25.85,18095.0,22.62,0.0,0.0,纳入持仓池
2023-02-28,买入,002808,*ST恒久,电子,13,1300,15.14,15.14,19682.0,24.6,0.0,0.0,纳入持仓池
2023-02-28,持有,302132,中航成飞,国防军工,3,300,54.18,52.38,--,--,-540.0,-3.32,继续持有
2023-02-28,持有,688787,海天瑞声,计算机,--,--,--,214.2,--,--,0.0,0.0,继续持有
2023-02-28,持有,002528,*ST英飞,计算机,29,2900,6.7,11.45,--,--,13775.0,70.9,继续持有
2023-02-28,持有,000721,西安饮食,社会服务,12,1200,15.48,14.34,--,--,-1368.0,-7.36,继续持有
2023-02-28,持有,300779,惠城环保,环保,6,600,29.8,42.53,--,--,7638.0,42.72,继续持有
2023-02-28,持有,002362,汉王科技,其他,5,500,36.25,33.25,--,--,-1500.0,-8.28,继续持有
2023-02-28,持有,002368,太极股份,其他,5,500,36.95,42.76,--,--,2905.0,15.72,继续持有
2023-02-28,持有,003005,竞业达,计算机,4,400,40.2,40.37,--,--,68.0,0.42,继续持有
2023-02-28,持有,300795,米奥会展,社会服务,4,400,45.53,54.7,--,--,3668.0,20.14,继续持有
2023-02-28,持有,300716,*ST泉为,电力设备,7,700,26.1,20.3,--,--,-4060.0,-22.22,继续持有
2023-02-28,持有,002875,安奈儿,纺织服饰,10,1000,19.99,18.79,--,--,-1200.0,-6.0,继续持有
2023-02-28,持有,603029,天鹅股份,机械设备,7,700,26.87,25.91,--,--,-672.0,-3.57,继续持有
2023-02-28,持有,300051,琏升科技,电力设备,18,1800,11.01,13.12,--,--,3798.0,19.16,继续持有
2023-02-28,持有,301153,中科江南,计算机,1,100,106.44,107.44,--,--,100.0,0.94,继续持有
2023-02-28,持有,603778,国晟科技,建筑装饰,28,2800,6.92,6.84,--,--,-224.0,-1.16,继续持有
2023-02-28,持有,300491,通合科技,电力设备,6,600,29.4,25.95,--,--,-2070.0,-11.73,继续持有
2023-02-28,持有,002868,*ST绿康,农林牧渔,5,500,37.1,47.1,--,--,5000.0,26.95,继续持有
2023-03-16,卖出,920152,昆工科技,其他,9,900,20.8,18.69,16821.0,21.03,-1920.03,-10.14,移出持仓池
2023-03-16,卖出,002229,鸿博股份,轻工制造,13,1300,15.24,12.28,15964.0,19.96,-3867.96,-19.42,移出持仓池
2023-03-16,卖出,002728,特一药业,医药生物,7,700,27.39,23.0,16100.0,20.12,-3093.12,-16.03,移出持仓池
2023-03-16,卖出,301211,亨迪药业,医药生物,4,400,40.08,31.27,12508.0,15.63,-3539.63,-21.98,移出持仓池
2023-03-16,卖出,300051,琏升科技,电力设备,18,1800,11.01,11.94,21492.0,26.87,1647.13,8.45,移出持仓池
2023-03-16,卖出,301153,中科江南,计算机,1,100,106.44,115.0,11500.0,14.38,841.62,8.04,移出持仓池
2023-03-16,卖出,688697,纽威数控,机械设备,6,600,29.45,25.51,15306.0,19.13,-2383.13,-13.38,移出持仓池
2023-03-16,卖出,603100,川仪股份,机械设备,4,400,40.09,37.99,15196.0,19.0,-859.0,-5.24,移出持仓池
2023-03-16,卖出,002762,*ST金比,纺织服饰,13,1300,14.64,12.82,16666.0,20.83,-2386.83,-12.43,移出持仓池
2023-03-16,卖出,300229,拓尔思,计算机,8,800,24.2,21.2,16960.0,21.2,-2421.2,-12.4,移出持仓池
2023-03-16,卖出,603778,国晟科技,建筑装饰,28,2800,6.92,6.19,17332.0,21.66,-2065.66,-10.55,移出持仓池
2023-03-16,卖出,300723,一品红,医药生物,4,400,48.69,48.0,19200.0,24.0,-300.0,-1.42,移出持仓池
2023-03-16,卖出,300491,通合科技,电力设备,6,600,29.4,22.0,13200.0,16.5,-4456.5,-25.17,移出持仓池
2023-03-16,卖出,002868,*ST绿康,农林牧渔,5,500,37.1,43.76,21880.0,27.35,3302.65,17.95,移出持仓池
2023-03-16,买入,300972,万辰集团,商贸零售,6,600,32.51,32.51,19506.0,24.38,0.0,0.0,纳入持仓池
2023-03-16,买入,300624,万兴科技,计算机,2,200,69.58,69.58,13916.0,17.39,0.0,0.0,纳入持仓池
2023-03-16,买入,601698,中国卫通,国防军工,7,700,25.16,25.16,17612.0,22.02,0.0,0.0,纳入持仓池
2023-03-16,买入,300964,本川智能,电子,3,300,62.01,62.01,18603.0,23.25,0.0,0.0,纳入持仓池
2023-03-16,买入,688292,浩瀚深度,计算机,2,400,37.18,37.18,14872.0,18.59,0.0,0.0,纳入持仓池
2023-03-16,买入,603083,剑桥科技,通信,8,800,22.54,22.54,18032.0,22.54,0.0,0.0,纳入持仓池
2023-03-16,买入,688365,光云科技,计算机,5,1000,18.8,18.8,18800.0,23.5,0.0,0.0,纳入持仓池
2023-03-16,买入,300212,*ST易录,计算机,6,600,30.98,30.98,18588.0,23.23,0.0,0.0,纳入持仓池
2023-03-16,买入,300912,凯龙高科,汽车,6,600,29.25,29.25,17550.0,21.94,0.0,0.0,纳入持仓池
2023-03-16,买入,002912,中新赛克,计算机,4,400,44.93,44.93,17972.0,22.46,0.0,0.0,纳入持仓池
2023-03-16,买入,300418,昆仑万维,传媒,7,700,26.65,26.65,18655.0,23.32,0.0,0.0,纳入持仓池
2023-03-16,买入,600602,云赛智联,计算机,16,1600,11.98,11.98,19168.0,23.96,0.0,0.0,纳入持仓池
2023-03-16,买入,603998,方盛制药,医药生物,16,1600,12.02,12.02,19232.0,24.04,0.0,0.0,纳入持仓池
2023-03-16,买入,002348,高乐股份,轻工制造,44,4400,4.48,4.48,19712.0,24.64,0.0,0.0,纳入持仓池
2023-03-16,持有,302132,中航成飞,国防军工,3,300,54.18,48.43,--,--,-1725.0,-10.61,继续持有
2023-03-16,持有,002528,*ST英飞,计算机,29,2900,6.7,12.38,--,--,16472.0,84.78,继续持有
2023-03-16,持有,688787,海天瑞声,计算机,--,--,--,166.24,--,--,0.0,0.0,继续持有
2023-03-16,持有,000721,西安饮食,社会服务,12,1200,15.48,14.52,--,--,-1152.0,-6.2,继续持有
2023-03-16,持有,000032,深桑达Ａ,建筑装饰,7,700,26.02,34.98,--,--,6272.0,34.44,继续持有
2023-03-16,持有,300779,惠城环保,环保,6,600,29.8,41.41,--,--,6966.0,38.96,继续持有
2023-03-16,持有,002808,*ST恒久,电子,13,1300,15.14,17.7,--,--,3328.0,16.91,继续持有
2023-03-16,持有,002368,太极股份,其他,5,500,36.95,45.05,--,--,4050.0,21.92,继续持有
2023-03-16,持有,002362,汉王科技,其他,5,500,36.25,30.95,--,--,-2650.0,-14.62,继续持有
2023-03-16,持有,688310,迈得医疗,机械设备,4,400,41.56,44.37,--,--,1124.0,6.76,继续持有
2023-03-16,持有,600557,康缘药业,医药生物,7,700,25.85,29.93,--,--,2856.0,15.78,继续持有
2023-03-16,持有,003005,竞业达,计算机,4,400,40.2,36.75,--,--,-1380.0,-8.58,继续持有
2023-03-16,持有,603029,天鹅股份,机械设备,7,700,26.87,25.46,--,--,-987.0,-5.25,继续持有
2023-03-16,持有,300795,米奥会展,社会服务,4,400,45.53,55.06,--,--,3812.0,20.93,继续持有
2023-03-16,持有,300716,*ST泉为,电力设备,7,700,26.1,18.1,--,--,-5600.0,-30.65,继续持有
2023-03-16,持有,002875,安奈儿,纺织服饰,10,1000,19.99,16.94,--,--,-3050.0,-15.26,继续持有
2023-04-17,卖出,002528,*ST英飞,计算机,29,2900,6.7,10.2,29580.0,36.98,10113.02,52.24,移出持仓池
2023-04-17,卖出,002808,*ST恒久,电子,13,1300,15.14,13.34,17342.0,21.68,-2361.68,-11.89,移出持仓池
2023-04-17,卖出,002368,太极股份,其他,5,500,36.95,47.0,23500.0,29.38,4995.62,27.2,移出持仓池
2023-04-17,卖出,601698,中国卫通,国防军工,7,700,25.16,20.23,14161.0,17.7,-3468.7,-19.59,移出持仓池
2023-04-17,卖出,300964,本川智能,电子,3,300,62.01,44.88,13464.0,16.83,-5155.83,-27.62,移出持仓池
2023-04-17,卖出,688365,光云科技,计算机,10,1000,18.8,18.4,18400.0,23.0,-423.0,-2.13,移出持仓池
2023-04-17,卖出,002362,汉王科技,其他,5,500,36.25,26.57,13285.0,16.61,-4856.61,-26.7,移出持仓池
2023-04-17,卖出,688310,迈得医疗,机械设备,4,400,41.56,37.32,14928.0,18.66,-1714.66,-10.2,移出持仓池
2023-04-17,卖出,600557,康缘药业,医药生物,7,700,25.85,31.4,21980.0,27.48,3857.52,21.47,移出持仓池
2023-04-17,卖出,300912,凯龙高科,汽车,6,600,29.25,20.07,12042.0,15.05,-5523.05,-31.38,移出持仓池
2023-04-17,卖出,003005,竞业达,计算机,4,400,40.2,34.56,13824.0,17.28,-2273.28,-14.03,移出持仓池
2023-04-17,卖出,603029,天鹅股份,机械设备,7,700,26.87,20.47,14329.0,17.91,-4497.91,-23.82,移出持仓池
2023-04-17,卖出,002912,中新赛克,计算机,4,400,44.93,45.3,18120.0,22.65,125.35,0.82,移出持仓池
2023-04-17,卖出,600602,云赛智联,计算机,16,1600,11.98,11.27,18032.0,22.54,-1158.54,-5.93,移出持仓池
2023-04-17,卖出,300795,米奥会展,社会服务,4,400,45.53,56.94,22776.0,28.47,4535.53,25.06,移出持仓池
2023-04-17,卖出,603998,方盛制药,医药生物,16,1600,12.02,14.09,22544.0,28.18,3283.82,17.22,移出持仓池
2023-04-17,卖出,002348,高乐股份,轻工制造,44,4400,4.48,4.5,19800.0,24.75,63.25,0.45,移出持仓池
2023-04-17,卖出,300716,*ST泉为,电力设备,7,700,26.1,16.66,11662.0,14.58,-6622.58,-36.17,移出持仓池
2023-04-17,卖出,002875,安奈儿,纺织服饰,10,1000,19.99,14.26,14260.0,17.82,-5747.82,-28.66,移出持仓池
2023-04-17,买入,601858,中国科传,传媒,7,700,25.93,25.93,18151.0,22.69,0.0,0.0,纳入持仓池
2023-04-17,买入,300502,新易盛,通信,2,200,69.83,69.83,13966.0,17.46,0.0,0.0,纳入持仓池
2023-04-17,买入,300364,中文在线,传媒,8,800,23.1,23.1,18480.0,23.1,0.0,0.0,纳入持仓池
2023-04-17,买入,601595,上海电影,传媒,7,700,27.35,27.35,19145.0,23.93,0.0,0.0,纳入持仓池
2023-04-17,买入,688256,寒武纪,电子,0,0,196.8,196.8,0,0,0.0,0.0,"资金不足一手（需39,360元，分配20,000元）"
2023-04-17,买入,002401,中远海科,计算机,7,700,25.3,25.3,17710.0,22.14,0.0,0.0,纳入持仓池
2023-04-17,买入,300226,上海钢联,计算机,4,400,49.43,49.43,19772.0,24.71,0.0,0.0,纳入持仓池
2023-04-17,买入,300002,神州泰岳,传媒,18,1800,10.88,10.88,19584.0,24.48,0.0,0.0,纳入持仓池
2023-04-17,买入,300042,朗科科技,其他,6,600,30.91,30.91,18546.0,23.18,0.0,0.0,纳入持仓池
2023-04-17,买入,688197,首药控股,其他,1,200,58.67,58.67,11734.0,14.67,0.0,0.0,纳入持仓池
2023-04-17,买入,000610,*ST西旅,社会服务,9,900,20.76,20.76,18684.0,23.36,0.0,0.0,纳入持仓池
2023-04-17,买入,002605,姚记科技,传媒,5,500,33.61,33.61,16805.0,21.01,0.0,0.0,纳入持仓池
2023-04-17,买入,300033,同花顺,其他,1,100,199.64,199.64,19964.0,24.96,0.0,0.0,纳入持仓池
2023-04-17,买入,300459,汤姆猫,传媒,26,2600,7.5,7.5,19500.0,24.38,0.0,0.0,纳入持仓池
2023-04-17,买入,600706,曲江文旅,社会服务,10,1000,20.0,20.0,20000.0,25.0,0.0,0.0,纳入持仓池
2023-04-17,买入,688327,云从科技,计算机,2,400,42.6,42.6,17040.0,21.3,0.0,0.0,纳入持仓池
2023-04-17,买入,300229,拓尔思,计算机,7,700,25.9,25.9,18130.0,22.66,0.0,0.0,纳入持仓池
2023-04-17,买入,603888,新华网,传媒,5,500,35.74,35.74,17870.0,22.34,0.0,0.0,纳入持仓池
2023-04-17,买入,601360,三六零,计算机,12,1200,16.17,16.17,19404.0,24.25,0.0,0.0,纳入持仓池
2023-04-17,持有,302132,中航成飞,国防军工,3,300,54.18,49.35,--,--,-1449.0,-8.91,继续持有
2023-04-17,持有,300418,昆仑万维,传媒,7,700,26.65,47.41,--,--,14532.0,77.9,继续持有
2023-04-17,持有,603083,剑桥科技,通信,8,800,22.54,43.4,--,--,16688.0,92.55,继续持有
2023-04-17,持有,688292,浩瀚深度,计算机,4,400,37.18,51.0,--,--,5528.0,37.17,继续持有
2023-04-17,持有,000721,西安饮食,社会服务,12,1200,15.48,16.68,--,--,1440.0,7.75,继续持有
2023-04-17,持有,688787,海天瑞声,计算机,--,--,--,187.75,--,--,0.0,0.0,继续持有
2023-04-17,持有,300212,*ST易录,计算机,6,600,30.98,42.59,--,--,6966.0,37.48,继续持有
2023-04-17,持有,300972,万辰集团,商贸零售,6,600,32.51,34.14,--,--,978.0,5.01,继续持有
2023-04-17,持有,300624,万兴科技,计算机,2,200,69.58,82.0,--,--,2484.0,17.85,继续持有
2023-04-17,持有,000032,深桑达Ａ,建筑装饰,7,700,26.02,38.12,--,--,8470.0,46.5,继续持有
2023-04-17,持有,300779,惠城环保,环保,6,600,29.8,38.29,--,--,5094.0,28.49,继续持有
2023-04-28,卖出,688292,浩瀚深度,计算机,4,400,37.18,38.45,15380.0,19.23,488.77,3.42,移出持仓池
2023-04-28,卖出,300212,*ST易录,计算机,6,600,30.98,34.02,20412.0,25.52,1798.48,9.81,移出持仓池
2023-04-28,卖出,002401,中远海科,计算机,7,700,25.3,21.64,15148.0,18.93,-2580.93,-14.47,移出持仓池
2023-04-28,卖出,000032,深桑达Ａ,建筑装饰,7,700,26.02,31.6,22120.0,27.65,3878.35,21.45,移出持仓池
2023-04-28,卖出,300226,上海钢联,计算机,4,400,49.43,44.37,17748.0,22.18,-2046.18,-10.24,移出持仓池
2023-04-28,卖出,300042,朗科科技,其他,6,600,30.91,28.17,16902.0,21.13,-1665.13,-8.86,移出持仓池
2023-04-28,卖出,000610,*ST西旅,社会服务,9,900,20.76,18.27,16443.0,20.55,-2261.55,-11.99,移出持仓池
2023-04-28,卖出,300033,同花顺,其他,1,100,199.64,177.99,17799.0,22.25,-2187.25,-10.84,移出持仓池
2023-04-28,卖出,600706,曲江文旅,社会服务,10,1000,20.0,17.5,17500.0,21.88,-2521.88,-12.5,移出持仓池
2023-04-28,卖出,300779,惠城环保,环保,6,600,29.8,38.0,22800.0,28.5,4891.5,27.52,移出持仓池
2023-04-28,卖出,688327,云从科技,计算机,4,400,42.6,35.85,14340.0,17.93,-2717.93,-15.85,移出持仓池
2023-04-28,卖出,300229,拓尔思,计算机,7,700,25.9,23.2,16240.0,20.3,-1910.3,-10.42,移出持仓池
2023-04-28,卖出,603888,新华网,传媒,5,500,35.74,31.3,15650.0,19.56,-2239.56,-12.42,移出持仓池
2023-04-28,卖出,601360,三六零,计算机,12,1200,16.17,15.97,19164.0,23.96,-263.96,-1.24,移出持仓池
2023-04-28,买入,300308,中际旭创,通信,2,200,90.0,90.0,18000.0,22.5,0.0,0.0,纳入持仓池
2023-04-28,买入,300678,中科信息,计算机,3,300,54.18,54.18,16254.0,20.32,0.0,0.0,纳入持仓池
2023-04-28,买入,301205,联特科技,通信,1,100,129.82,129.82,12982.0,16.23,0.0,0.0,纳入持仓池
2023-04-28,买入,002174,游族网络,传媒,9,900,21.93,21.93,19737.0,24.67,0.0,0.0,纳入持仓池
2023-04-28,买入,002517,恺英网络,传媒,11,1100,16.68,16.68,18348.0,22.93,0.0,0.0,纳入持仓池
2023-04-28,买入,300494,盛天网络,传媒,4,400,44.0,44.0,17600.0,22.0,0.0,0.0,纳入持仓池
2023-04-28,买入,300426,华智数媒,传媒,12,1200,16.27,16.27,19524.0,24.41,0.0,0.0,纳入持仓池
2023-04-28,买入,301052,果麦文化,传媒,3,300,62.93,62.93,18879.0,23.6,0.0,0.0,纳入持仓池
2023-04-28,买入,300058,蓝色光标,传媒,15,1500,13.08,13.08,19620.0,24.53,0.0,0.0,纳入持仓池
2023-04-28,买入,300533,冰川网络,传媒,3,300,66.11,66.11,19833.0,24.79,0.0,0.0,纳入持仓池
2023-04-28,买入,601900,南方传媒,传媒,10,1000,18.46,18.46,18460.0,23.07,0.0,0.0,纳入持仓池
2023-04-28,买入,002229,鸿博股份,轻工制造,11,1100,17.66,17.66,19426.0,24.28,0.0,0.0,纳入持仓池
2023-04-28,买入,002315,焦点科技,商贸零售,5,500,34.11,34.11,17055.0,21.32,0.0,0.0,纳入持仓池
2023-04-28,买入,688121,卓然股份,其他,2,400,40.1,40.1,16040.0,20.05,0.0,0.0,纳入持仓池
2023-04-28,持有,601858,中国科传,传媒,7,700,25.93,41.53,--,--,10920.0,60.16,继续持有
2023-04-28,持有,603083,剑桥科技,通信,8,800,22.54,63.0,--,--,32368.0,179.5,继续持有
2023-04-28,持有,300418,昆仑万维,传媒,7,700,26.65,65.16,--,--,26957.0,144.5,继续持有
2023-04-28,持有,300624,万兴科技,计算机,2,200,69.58,140.4,--,--,14164.0,101.78,继续持有
2023-04-28,持有,302132,中航成飞,国防军工,3,300,54.18,51.38,--,--,-840.0,-5.17,继续持有
2023-04-28,持有,601595,上海电影,传媒,7,700,27.35,35.41,--,--,5642.0,29.47,继续持有
2023-04-28,持有,688256,寒武纪,电子,--,--,--,249.5,--,--,0.0,0.0,继续持有
2023-04-28,持有,300972,万辰集团,商贸零售,6,600,32.51,39.36,--,--,4110.0,21.07,继续持有
2023-04-28,持有,300002,神州泰岳,传媒,18,1800,10.88,13.73,--,--,5130.0,26.19,继续持有
2023-04-28,持有,300459,汤姆猫,传媒,26,2600,7.5,8.7,--,--,3120.0,16.0,继续持有
2023-04-28,持有,300364,中文在线,传媒,8,800,23.1,22.05,--,--,-840.0,-4.55,继续持有
2023-04-28,持有,300502,新易盛,通信,2,200,69.83,68.99,--,--,-168.0,-1.2,继续持有
2023-04-28,持有,002605,姚记科技,传媒,5,500,33.61,34.5,--,--,445.0,2.65,继续持有
2023-04-28,持有,688197,首药控股,其他,2,200,58.67,58.85,--,--,36.0,0.31,继续持有
2023-04-28,持有,000721,西安饮食,社会服务,12,1200,15.48,13.81,--,--,-2004.0,-10.79,继续持有
2023-04-28,持有,688787,海天瑞声,计算机,--,--,--,154.6,--,--,0.0,0.0,继续持有
2023-05-18,卖出,002517,恺英网络,传媒,11,1100,16.68,16.33,17963.0,22.45,-407.45,-2.1,移出持仓池
2023-05-18,卖出,300426,华智数媒,传媒,12,1200,16.27,12.77,15324.0,19.16,-4219.16,-21.51,移出持仓池
2023-05-18,卖出,300459,汤姆猫,传媒,26,2600,7.5,6.59,17134.0,21.42,-2387.42,-12.13,移出持仓池
2023-05-18,卖出,300364,中文在线,传媒,8,800,23.1,19.92,15936.0,19.92,-2563.92,-13.77,移出持仓池
2023-05-18,卖出,300058,蓝色光标,传媒,15,1500,13.08,12.01,18015.0,22.52,-1627.52,-8.18,移出持仓池
2023-05-18,卖出,688121,卓然股份,其他,4,400,40.1,37.6,15040.0,18.8,-1018.8,-6.23,移出持仓池
2023-05-18,卖出,002605,姚记科技,传媒,5,500,33.61,30.99,15495.0,19.37,-1329.37,-7.8,移出持仓池
2023-05-18,卖出,000721,西安饮食,社会服务,12,1200,15.48,11.99,14388.0,17.98,-4205.98,-22.55,移出持仓池
2023-05-18,买入,920808,曙光数创,其他,1,100,142.01,142.01,14201.0,17.75,0.0,0.0,纳入持仓池
2023-05-18,买入,601949,中国出版,传媒,15,1500,13.07,13.07,19605.0,24.51,0.0,0.0,纳入持仓池
2023-05-18,买入,603918,金桥信息,计算机,10,1000,19.93,19.93,19930.0,24.91,0.0,0.0,纳入持仓池
2023-05-18,买入,301239,普瑞眼科,医药生物,1,100,132.06,132.06,13206.0,16.51,0.0,0.0,纳入持仓池
2023-05-18,买入,300288,朗玛信息,计算机,8,800,24.55,24.55,19640.0,24.55,0.0,0.0,纳入持仓池
2023-05-18,买入,002558,巨人网络,传媒,10,1000,18.8,18.8,18800.0,23.5,0.0,0.0,纳入持仓池
2023-05-18,买入,300394,天孚通信,通信,3,300,63.04,63.04,18912.0,23.64,0.0,0.0,纳入持仓池
2023-05-18,买入,002351,漫步者,电子,9,900,20.43,20.43,18387.0,22.98,0.0,0.0,纳入持仓池
2023-05-18,持有,301205,联特科技,通信,1,100,129.82,211.0,--,--,8118.0,62.53,继续持有
2023-05-18,持有,603083,剑桥科技,通信,8,800,22.54,57.97,--,--,28344.0,157.19,继续持有
2023-05-18,持有,302132,中航成飞,国防军工,3,300,54.18,49.19,--,--,-1497.0,-9.21,继续持有
2023-05-18,持有,300624,万兴科技,计算机,2,200,69.58,135.67,--,--,13218.0,94.98,继续持有
2023-05-18,持有,300418,昆仑万维,传媒,7,700,26.65,58.7,--,--,22435.0,120.26,继续持有
2023-05-18,持有,601858,中国科传,传媒,7,700,25.93,38.28,--,--,8645.0,47.63,继续持有
2023-05-18,持有,300972,万辰集团,商贸零售,6,600,32.51,40.22,--,--,4626.0,23.72,继续持有
2023-05-18,持有,300308,中际旭创,通信,2,200,90.0,94.81,--,--,962.0,5.34,继续持有
2023-05-18,持有,300533,冰川网络,传媒,3,300,66.11,86.4,--,--,6087.0,30.69,继续持有
2023-05-18,持有,601595,上海电影,传媒,7,700,27.35,30.42,--,--,2149.0,11.22,继续持有
2023-05-18,持有,688256,寒武纪,电子,--,--,--,196.81,--,--,0.0,0.0,继续持有
2023-05-18,持有,002315,焦点科技,商贸零售,5,500,34.11,43.29,--,--,4590.0,26.91,继续持有
2023-05-18,持有,002229,鸿博股份,轻工制造,11,1100,17.66,20.97,--,--,3641.0,18.74,继续持有
2023-05-18,持有,300502,新易盛,通信,2,200,69.83,73.75,--,--,784.0,5.61,继续持有
2023-05-18,持有,300678,中科信息,计算机,3,300,54.18,49.94,--,--,-1272.0,-7.83,继续持有
2023-05-18,持有,300002,神州泰岳,传媒,18,1800,10.88,11.62,--,--,1332.0,6.8,继续持有
2023-05-18,持有,688787,海天瑞声,计算机,--,--,--,161.33,--,--,0.0,0.0,继续持有
2023-05-18,持有,301052,果麦文化,传媒,3,300,62.93,65.31,--,--,714.0,3.78,继续持有
2023-05-18,持有,601900,南方传媒,传媒,10,1000,18.46,19.84,--,--,1380.0,7.48,继续持有
2023-05-18,持有,002174,游族网络,传媒,9,900,21.93,19.95,--,--,-1782.0,-9.03,继续持有
2023-05-18,持有,688197,首药控股,其他,2,200,58.67,63.0,--,--,866.0,7.38,继续持有
2023-05-18,持有,300494,盛天网络,传媒,4,400,44.0,36.95,--,--,-2820.0,-16.02,继续持有
2023-05-31,卖出,920808,曙光数创,其他,1,100,142.01,68.0,6800.0,8.5,-7409.5,-52.12,移出持仓池
2023-05-31,卖出,300533,冰川网络,传媒,3,300,66.11,52.1,15630.0,19.54,-4222.54,-21.19,移出持仓池
2023-05-31,卖出,601949,中国出版,传媒,15,1500,13.07,12.0,18000.0,22.5,-1627.5,-8.19,移出持仓池
2023-05-31,卖出,301239,普瑞眼科,医药生物,1,100,132.06,120.25,12025.0,15.03,-1196.03,-8.94,移出持仓池
2023-05-31,卖出,300288,朗玛信息,计算机,8,800,24.55,22.59,18072.0,22.59,-1590.59,-7.98,移出持仓池
2023-05-31,卖出,002174,游族网络,传媒,9,900,21.93,18.51,16659.0,20.82,-3098.82,-15.6,移出持仓池
2023-05-31,卖出,688197,首药控股,其他,2,200,58.67,56.11,11222.0,14.03,-526.03,-4.36,移出持仓池
2023-05-31,卖出,002351,漫步者,电子,9,900,20.43,17.71,15939.0,19.92,-2467.92,-13.31,移出持仓池
2023-05-31,买入,300042,朗科科技,其他,4,400,40.56,40.56,16224.0,20.28,0.0,0.0,纳入持仓池
2023-05-31,买入,603196,璞源材料,纺织服饰,8,800,24.97,24.97,19976.0,24.97,0.0,0.0,纳入持仓池
2023-05-31,买入,002605,姚记科技,传媒,4,400,40.23,40.23,16092.0,20.12,0.0,0.0,纳入持仓池
2023-05-31,买入,002517,恺英网络,传媒,10,1000,18.56,18.56,18560.0,23.2,0.0,0.0,纳入持仓池
2023-05-31,买入,300229,拓尔思,计算机,6,600,32.44,32.44,19464.0,24.33,0.0,0.0,纳入持仓池
2023-05-31,买入,603258,电魂网络,传媒,4,400,49.74,49.74,19896.0,24.87,0.0,0.0,纳入持仓池
2023-05-31,买入,605011,杭州热电,公用事业,5,500,38.53,38.53,19265.0,24.08,0.0,0.0,纳入持仓池
2023-05-31,买入,300025,华星创业,通信,16,1600,11.86,11.86,18976.0,23.72,0.0,0.0,纳入持仓池
2023-05-31,买入,603933,睿能科技,电子,7,700,25.31,25.31,17717.0,22.15,0.0,0.0,纳入持仓池
2023-05-31,持有,603083,剑桥科技,通信,8,800,22.54,71.45,--,--,39128.0,216.99,继续持有
2023-05-31,持有,301205,联特科技,通信,1,100,129.82,234.9,--,--,10508.0,80.94,继续持有
2023-05-31,持有,002229,鸿博股份,轻工制造,11,1100,17.66,34.52,--,--,18546.0,95.47,继续持有
2023-05-31,持有,300624,万兴科技,计算机,2,200,69.58,144.08,--,--,14900.0,107.07,继续持有
2023-05-31,持有,302132,中航成飞,国防军工,3,300,54.18,47.52,--,--,-1998.0,-12.29,继续持有
2023-05-31,持有,300308,中际旭创,通信,2,200,90.0,107.5,--,--,3500.0,19.44,继续持有
2023-05-31,持有,300418,昆仑万维,传媒,7,700,26.65,57.37,--,--,21504.0,115.27,继续持有
2023-05-31,持有,688256,寒武纪,电子,--,--,--,254.19,--,--,0.0,0.0,继续持有
2023-05-31,持有,300972,万辰集团,商贸零售,6,600,32.51,45.65,--,--,7884.0,40.42,继续持有
2023-05-31,持有,300502,新易盛,通信,2,200,69.83,84.43,--,--,2920.0,20.91,继续持有
2023-05-31,持有,603918,金桥信息,计算机,10,1000,19.93,27.8,--,--,7870.0,39.49,继续持有
2023-05-31,持有,601900,南方传媒,传媒,10,1000,18.46,24.84,--,--,6380.0,34.56,继续持有
2023-05-31,持有,601858,中国科传,传媒,7,700,25.93,38.26,--,--,8631.0,47.55,继续持有
2023-05-31,持有,300002,神州泰岳,传媒,18,1800,10.88,13.57,--,--,4842.0,24.72,继续持有
2023-05-31,持有,300394,天孚通信,通信,3,300,63.04,76.1,--,--,3918.0,20.72,继续持有
2023-05-31,持有,002315,焦点科技,商贸零售,5,500,34.11,42.03,--,--,3960.0,23.22,继续持有
2023-05-31,持有,601595,上海电影,传媒,7,700,27.35,29.35,--,--,1400.0,7.31,继续持有
2023-05-31,持有,002558,巨人网络,传媒,10,1000,18.8,20.84,--,--,2040.0,10.85,继续持有
2023-05-31,持有,300678,中科信息,计算机,3,300,54.18,52.76,--,--,-426.0,-2.62,继续持有
2023-05-31,持有,300494,盛天网络,传媒,4,400,44.0,39.73,--,--,-1708.0,-9.7,继续持有
2023-05-31,持有,301052,果麦文化,传媒,3,300,62.93,65.07,--,--,642.0,3.4,继续持有
2023-06-15,卖出,603196,璞源材料,纺织服饰,8,800,24.97,20.46,16368.0,20.46,-3628.46,-18.06,移出持仓池
2023-06-15,卖出,002315,焦点科技,商贸零售,5,500,34.11,40.81,20405.0,25.51,3324.49,19.64,移出持仓池
2023-06-15,卖出,002558,巨人网络,传媒,10,1000,18.8,20.18,20180.0,25.23,1354.77,7.34,移出持仓池
2023-06-15,卖出,300229,拓尔思,计算机,6,600,32.44,30.48,18288.0,22.86,-1198.86,-6.04,移出持仓池
2023-06-15,卖出,301052,果麦文化,传媒,3,300,62.93,55.8,16740.0,20.93,-2159.93,-11.33,移出持仓池
2023-06-15,卖出,603258,电魂网络,传媒,4,400,49.74,52.25,20900.0,26.12,977.88,5.05,移出持仓池
2023-06-15,卖出,605011,杭州热电,公用事业,5,500,38.53,35.17,17585.0,21.98,-1701.98,-8.72,移出持仓池
2023-06-15,卖出,603933,睿能科技,电子,7,700,25.31,20.7,14490.0,18.11,-3245.11,-18.21,移出持仓池
2023-06-15,买入,300913,兆龙互连,通信,3,300,55.8,55.8,16740.0,20.93,0.0,0.0,纳入持仓池
2023-06-15,买入,300570,太辰光,通信,4,400,47.34,47.34,18936.0,23.67,0.0,0.0,纳入持仓池
2023-06-15,买入,601949,中国出版,传媒,13,1300,15.2,15.2,19760.0,24.7,0.0,0.0,纳入持仓池
2023-06-15,买入,002261,拓维信息,计算机,10,1000,18.83,18.83,18830.0,23.54,0.0,0.0,纳入持仓池
2023-06-15,买入,301085,亚康股份,计算机,2,200,82.26,82.26,16452.0,20.57,0.0,0.0,纳入持仓池
2023-06-15,买入,002902,铭普光磁,通信,5,500,34.87,34.87,17435.0,21.79,0.0,0.0,纳入持仓池
2023-06-15,买入,300688,创业黑马,社会服务,4,400,43.6,43.6,17440.0,21.8,0.0,0.0,纳入持仓池
2023-06-15,买入,603322,超讯通信,通信,4,400,43.32,43.32,17328.0,21.66,0.0,0.0,纳入持仓池
2023-06-15,持有,603083,剑桥科技,通信,8,800,22.54,73.49,--,--,40760.0,226.04,继续持有
2023-06-15,持有,301205,联特科技,通信,1,100,129.82,219.02,--,--,8920.0,68.71,继续持有
2023-06-15,持有,300308,中际旭创,通信,2,200,90.0,134.79,--,--,8958.0,49.77,继续持有
2023-06-15,持有,002229,鸿博股份,轻工制造,11,1100,17.66,35.09,--,--,19173.0,98.7,继续持有
2023-06-15,持有,300624,万兴科技,计算机,2,200,69.58,134.5,--,--,12984.0,93.3,继续持有
2023-06-15,持有,603918,金桥信息,计算机,10,1000,19.93,34.12,--,--,14190.0,71.2,继续持有
2023-06-15,持有,302132,中航成飞,国防军工,3,300,54.18,46.65,--,--,-2259.0,-13.9,继续持有
2023-06-15,持有,300394,天孚通信,通信,3,300,63.04,101.4,--,--,11508.0,60.85,继续持有
2023-06-15,持有,300418,昆仑万维,传媒,7,700,26.65,55.68,--,--,20321.0,108.93,继续持有
2023-06-15,持有,601858,中国科传,传媒,7,700,25.93,41.11,--,--,10626.0,58.54,继续持有
2023-06-15,持有,688256,寒武纪,电子,--,--,--,211.0,--,--,0.0,0.0,继续持有
2023-06-15,持有,002605,姚记科技,传媒,4,400,40.23,44.37,--,--,1656.0,10.29,继续持有
2023-06-15,持有,300972,万辰集团,商贸零售,6,600,32.51,41.48,--,--,5382.0,27.59,继续持有
2023-06-15,持有,300002,神州泰岳,传媒,18,1800,10.88,13.56,--,--,4824.0,24.63,继续持有
2023-06-15,持有,300678,中科信息,计算机,3,300,54.18,52.1,--,--,-624.0,-3.84,继续持有
2023-06-15,持有,601595,上海电影,传媒,7,700,27.35,33.48,--,--,4291.0,22.41,继续持有
2023-06-15,持有,601900,南方传媒,传媒,10,1000,18.46,24.51,--,--,6050.0,32.77,继续持有
2023-06-15,持有,300042,朗科科技,其他,4,400,40.56,37.1,--,--,-1384.0,-8.53,继续持有
2023-06-15,持有,300025,华星创业,通信,16,1600,11.86,13.8,--,--,3104.0,16.36,继续持有
2023-06-15,持有,300494,盛天网络,传媒,4,400,44.0,39.89,--,--,-1644.0,-9.34,继续持有
2023-06-15,持有,002517,恺英网络,传媒,10,1000,18.56,17.44,--,--,-1120.0,-6.03,继续持有
2023-06-15,持有,300502,新易盛,通信,2,200,69.83,63.8,--,--,-1206.0,-8.64,继续持有
2023-06-30,卖出,601949,中国出版,传媒,13,1300,15.2,11.8,15340.0,19.18,-4439.18,-22.37,移出持仓池
2023-06-30,卖出,601900,南方传媒,传媒,10,1000,18.46,20.51,20510.0,25.64,2024.36,11.11,移出持仓池
2023-06-30,卖出,301085,亚康股份,计算机,2,200,82.26,70.54,14108.0,17.64,-2361.64,-14.25,移出持仓池
2023-06-30,卖出,002902,铭普光磁,通信,5,500,34.87,31.31,15655.0,19.57,-1799.57,-10.21,移出持仓池
2023-06-30,卖出,300688,创业黑马,社会服务,4,400,43.6,34.71,13884.0,17.36,-3573.36,-20.39,移出持仓池
2023-06-30,卖出,300494,盛天网络,传媒,4,400,44.0,24.79,9916.0,12.39,-7696.39,-43.66,移出持仓池
2023-06-30,卖出,002517,恺英网络,传媒,10,1000,18.56,15.74,15740.0,19.68,-2839.68,-15.19,移出持仓池
2023-06-30,卖出,603322,超讯通信,通信,4,400,43.32,29.28,11712.0,14.64,-5630.64,-32.41,移出持仓池
2023-06-30,买入,688525,佰维存储,电子,1,200,79.89,79.89,15978.0,19.97,0.0,0.0,纳入持仓池
2023-06-30,买入,301368,丰立智能,机械设备,2,200,69.19,69.19,13838.0,17.3,0.0,0.0,纳入持仓池
2023-06-30,买入,301183,东田微,电子,2,200,78.8,78.8,15760.0,19.7,0.0,0.0,纳入持仓池
2023-06-30,买入,000936,华西股份,其他,14,1400,13.9,13.9,19460.0,24.32,0.0,0.0,纳入持仓池
2023-06-30,买入,000564,供销大集,商贸零售,14,1400,13.9,13.9,19460.0,24.32,0.0,0.0,纳入持仓池
2023-06-30,买入,601138,工业富联,电子,7,700,25.2,25.2,17640.0,22.05,0.0,0.0,纳入持仓池
2023-06-30,买入,603196,璞源材料,纺织服饰,9,900,21.0,21.0,18900.0,23.62,0.0,0.0,纳入持仓池
2023-06-30,买入,688160,步科股份,其他,1,200,83.5,83.5,16700.0,20.88,0.0,0.0,纳入持仓池
2023-06-30,持有,603083,剑桥科技,通信,8,800,22.54,62.89,--,--,32280.0,179.02,继续持有
2023-06-30,持有,300308,中际旭创,通信,2,200,90.0,147.45,--,--,11490.0,63.83,继续持有
2023-06-30,持有,002229,鸿博股份,轻工制造,11,1100,17.66,35.08,--,--,19162.0,98.64,继续持有
2023-06-30,持有,301205,联特科技,通信,1,100,129.82,182.77,--,--,5295.0,40.79,继续持有
2023-06-30,持有,302132,中航成飞,国防军工,3,300,54.18,49.15,--,--,-1509.0,-9.28,继续持有
2023-06-30,持有,300394,天孚通信,通信,3,300,63.04,106.83,--,--,13137.0,69.46,继续持有
2023-06-30,持有,300624,万兴科技,计算机,2,200,69.58,117.15,--,--,9514.0,68.37,继续持有
2023-06-30,持有,300570,太辰光,通信,4,400,47.34,54.71,--,--,2948.0,15.57,继续持有
2023-06-30,持有,300972,万辰集团,商贸零售,6,600,32.51,44.34,--,--,7098.0,36.39,继续持有
2023-06-30,持有,603918,金桥信息,计算机,10,1000,19.93,27.47,--,--,7540.0,37.83,继续持有
2023-06-30,持有,688256,寒武纪,电子,--,--,--,188.0,--,--,0.0,0.0,继续持有
2023-06-30,持有,002605,姚记科技,传媒,4,400,40.23,46.43,--,--,2480.0,15.41,继续持有
2023-06-30,持有,300002,神州泰岳,传媒,18,1800,10.88,14.0,--,--,5616.0,28.68,继续持有
2023-06-30,持有,300025,华星创业,通信,16,1600,11.86,14.49,--,--,4208.0,22.18,继续持有
2023-06-30,持有,300042,朗科科技,其他,4,400,40.56,38.28,--,--,-912.0,-5.62,继续持有
2023-06-30,持有,300678,中科信息,计算机,3,300,54.18,49.99,--,--,-1257.0,-7.73,继续持有
2023-06-30,持有,601858,中国科传,传媒,7,700,25.93,33.6,--,--,5369.0,29.58,继续持有
2023-06-30,持有,002261,拓维信息,计算机,10,1000,18.83,19.31,--,--,480.0,2.55,继续持有
2023-06-30,持有,300418,昆仑万维,传媒,7,700,26.65,40.28,--,--,9541.0,51.14,继续持有
2023-06-30,持有,300913,兆龙互连,通信,3,300,55.8,46.5,--,--,-2790.0,-16.67,继续持有
2023-06-30,持有,300502,新易盛,通信,2,200,69.83,67.97,--,--,-372.0,-2.66,继续持有
2023-06-30,持有,601595,上海电影,传媒,7,700,27.35,28.26,--,--,637.0,3.33,继续持有
2023-07-31,卖出,300002,神州泰岳,传媒,18,1800,10.88,10.37,18666.0,23.33,-941.33,-4.69,移出持仓池
2023-07-31,卖出,300678,中科信息,计算机,3,300,54.18,38.8,11640.0,14.55,-4628.55,-28.39,移出持仓池
2023-07-31,卖出,000936,华西股份,其他,14,1400,13.9,9.86,13804.0,17.25,-5673.25,-29.06,移出持仓池
2023-07-31,卖出,000564,供销大集,商贸零售,14,1400,13.9,9.86,13804.0,17.25,-5673.25,-29.06,移出持仓池
2023-07-31,卖出,300418,昆仑万维,传媒,7,700,26.65,37.05,25935.0,32.42,7247.58,39.02,移出持仓池
2023-07-31,卖出,688160,步科股份,其他,2,200,83.5,56.34,11268.0,14.09,-5446.09,-32.53,移出持仓池
2023-07-31,卖出,300913,兆龙互连,通信,3,300,55.8,34.39,10317.0,12.9,-6435.9,-38.37,移出持仓池
2023-07-31,买入,688569,铁科轨道,机械设备,2,400,48.5,48.5,19400.0,24.25,0.0,0.0,纳入持仓池
2023-07-31,买入,301398,星源卓镁,汽车,2,200,75.15,75.15,15030.0,18.79,0.0,0.0,纳入持仓池
2023-07-31,买入,300844,山水比德,建筑装饰,3,300,57.13,57.13,17139.0,21.42,0.0,0.0,纳入持仓池
2023-07-31,买入,601900,南方传媒,传媒,10,1000,18.7,18.7,18700.0,23.38,0.0,0.0,纳入持仓池
2023-07-31,买入,601949,中国出版,传媒,18,1800,10.7,10.7,19260.0,24.07,0.0,0.0,纳入持仓池
2023-07-31,买入,600072,中船科技,电力设备,8,800,24.94,24.94,19952.0,24.94,0.0,0.0,纳入持仓池
2023-07-31,买入,002654,万润科技,电子,19,1900,10.35,10.35,19665.0,24.58,0.0,0.0,纳入持仓池
2023-07-31,持有,002229,鸿博股份,轻工制造,11,1100,17.66,33.33,--,--,17237.0,88.73,继续持有
2023-07-31,持有,603083,剑桥科技,通信,8,800,22.54,55.99,--,--,26760.0,148.4,继续持有
2023-07-31,持有,300308,中际旭创,通信,2,200,90.0,128.0,--,--,7600.0,42.22,继续持有
2023-07-31,持有,688525,佰维存储,电子,2,200,79.89,77.44,--,--,-490.0,-3.07,继续持有
2023-07-31,持有,302132,中航成飞,国防军工,3,300,54.18,55.88,--,--,510.0,3.14,继续持有
2023-07-31,持有,603918,金桥信息,计算机,10,1000,19.93,25.9,--,--,5970.0,29.95,继续持有
2023-07-31,持有,300972,万辰集团,商贸零售,6,600,32.51,37.9,--,--,3234.0,16.58,继续持有
2023-07-31,持有,300394,天孚通信,通信,3,300,63.04,89.39,--,--,7905.0,41.8,继续持有
2023-07-31,持有,301205,联特科技,通信,1,100,129.82,123.04,--,--,-678.0,-5.22,继续持有
2023-07-31,持有,603196,璞源材料,纺织服饰,9,900,21.0,21.03,--,--,27.0,0.14,继续持有
2023-07-31,持有,300042,朗科科技,其他,4,400,40.56,32.85,--,--,-3084.0,-19.01,继续持有
2023-07-31,持有,601595,上海电影,传媒,7,700,27.35,25.5,--,--,-1295.0,-6.76,继续持有
2023-07-31,持有,601858,中国科传,传媒,7,700,25.93,29.3,--,--,2359.0,13.0,继续持有
2023-07-31,持有,300570,太辰光,通信,4,400,47.34,39.68,--,--,-3064.0,-16.18,继续持有
2023-07-31,持有,601138,工业富联,电子,7,700,25.2,22.33,--,--,-2009.0,-11.39,继续持有
2023-07-31,持有,002261,拓维信息,计算机,10,1000,18.83,17.67,--,--,-1160.0,-6.16,继续持有
2023-07-31,持有,300025,华星创业,通信,16,1600,11.86,13.25,--,--,2224.0,11.72,继续持有
2023-07-31,持有,688256,寒武纪,电子,--,--,--,164.01,--,--,0.0,0.0,继续持有
2023-07-31,持有,300624,万兴科技,计算机,2,200,69.58,95.0,--,--,5084.0,36.53,继续持有
2023-07-31,持有,301183,东田微,电子,2,200,78.8,52.4,--,--,-5280.0,-33.5,继续持有
2023-07-31,持有,002605,姚记科技,传媒,4,400,40.23,33.1,--,--,-2852.0,-17.72,继续持有
2023-07-31,持有,300502,新易盛,通信,2,200,69.83,51.9,--,--,-3586.0,-25.68,继续持有
2023-07-31,持有,301368,丰立智能,机械设备,2,200,69.19,44.25,--,--,-4988.0,-36.05,继续持有
2023-08-16,卖出,302132,中航成飞,国防军工,3,300,54.18,46.68,14004.0,17.5,-2267.5,-13.84,移出持仓池
2023-08-16,卖出,301205,联特科技,通信,1,100,129.82,106.76,10676.0,13.35,-2319.35,-17.76,移出持仓池
2023-08-16,卖出,688569,铁科轨道,机械设备,4,400,48.5,35.74,14296.0,17.87,-5121.87,-26.31,移出持仓池
2023-08-16,卖出,002261,拓维信息,计算机,10,1000,18.83,15.61,15610.0,19.51,-3239.51,-17.1,移出持仓池
2023-08-16,卖出,601949,中国出版,传媒,18,1800,10.7,9.79,17622.0,22.03,-1660.03,-8.5,移出持仓池
2023-08-16,卖出,600072,中船科技,电力设备,8,800,24.94,21.65,17320.0,21.65,-2653.65,-13.19,移出持仓池
2023-08-16,卖出,002654,万润科技,电子,19,1900,10.35,9.11,17309.0,21.64,-2377.64,-11.98,移出持仓池
2023-08-16,卖出,300502,新易盛,通信,2,200,69.83,49.13,9826.0,12.28,-4152.28,-29.64,移出持仓池
2023-08-16,买入,300380,安硕信息,计算机,5,500,36.83,36.83,18415.0,23.02,0.0,0.0,纳入持仓池
2023-08-16,买入,301218,华是科技,计算机,3,300,51.3,51.3,15390.0,19.24,0.0,0.0,纳入持仓池
2023-08-16,买入,000417,合百集团,商贸零售,21,2100,9.16,9.16,19236.0,24.05,0.0,0.0,纳入持仓池
2023-08-16,买入,000752,*ST西发,食品饮料,21,2100,9.16,9.16,19236.0,24.05,0.0,0.0,纳入持仓池
2023-08-16,买入,601099,太平洋,非银金融,40,4000,4.96,4.96,19840.0,24.8,0.0,0.0,纳入持仓池
2023-08-16,买入,603000,人民网,传媒,6,600,32.46,32.46,19476.0,24.34,0.0,0.0,纳入持仓池
2023-08-16,买入,000004,*ST国华,计算机,11,1100,17.5,17.5,19250.0,24.06,0.0,0.0,纳入持仓池
2023-08-16,买入,601136,首创证券,非银金融,7,700,28.37,28.37,19859.0,24.82,0.0,0.0,纳入持仓池
2023-08-16,持有,300308,中际旭创,通信,2,200,90.0,121.01,--,--,6202.0,34.46,继续持有
2023-08-16,持有,603083,剑桥科技,通信,8,800,22.54,49.9,--,--,21888.0,121.38,继续持有
2023-08-16,持有,688525,佰维存储,电子,2,200,79.89,61.31,--,--,-3716.0,-23.26,继续持有
2023-08-16,持有,603918,金桥信息,计算机,10,1000,19.93,24.25,--,--,4320.0,21.68,继续持有
2023-08-16,持有,002229,鸿博股份,轻工制造,11,1100,17.66,38.0,--,--,22374.0,115.18,继续持有
2023-08-16,持有,300394,天孚通信,通信,3,300,63.04,94.01,--,--,9291.0,49.13,继续持有
2023-08-16,持有,300972,万辰集团,商贸零售,6,600,32.51,39.75,--,--,4344.0,22.27,继续持有
2023-08-16,持有,603196,璞源材料,纺织服饰,9,900,21.0,19.13,--,--,-1683.0,-8.9,继续持有
2023-08-16,持有,300570,太辰光,通信,4,400,47.34,39.03,--,--,-3324.0,-17.55,继续持有
2023-08-16,持有,300025,华星创业,通信,16,1600,11.86,13.44,--,--,2528.0,13.32,继续持有
2023-08-16,持有,601138,工业富联,电子,7,700,25.2,20.89,--,--,-3017.0,-17.1,继续持有
2023-08-16,持有,601595,上海电影,传媒,7,700,27.35,22.17,--,--,-3626.0,-18.94,继续持有
2023-08-16,持有,601900,南方传媒,传媒,10,1000,18.7,17.84,--,--,-860.0,-4.6,继续持有
2023-08-16,持有,300844,山水比德,建筑装饰,3,300,57.13,53.41,--,--,-1116.0,-6.51,继续持有
2023-08-16,持有,002605,姚记科技,传媒,4,400,40.23,32.04,--,--,-3276.0,-20.36,继续持有
2023-08-16,持有,301368,丰立智能,机械设备,2,200,69.19,42.5,--,--,-5338.0,-38.57,继续持有
2023-08-16,持有,301398,星源卓镁,汽车,2,200,75.15,65.85,--,--,-1860.0,-12.38,继续持有
2023-08-16,持有,601858,中国科传,传媒,7,700,25.93,27.0,--,--,749.0,4.13,继续持有
2023-08-16,持有,301183,东田微,电子,2,200,78.8,48.36,--,--,-6088.0,-38.63,继续持有
2023-08-16,持有,300042,朗科科技,其他,4,400,40.56,30.35,--,--,-4084.0,-25.17,继续持有
2023-08-16,持有,688256,寒武纪,电子,--,--,--,152.8,--,--,0.0,0.0,继续持有
2023-08-16,持有,300624,万兴科技,计算机,2,200,69.58,93.26,--,--,4736.0,34.03,继续持有
2023-08-31,卖出,300972,万辰集团,商贸零售,6,600,32.51,37.22,22332.0,27.91,2798.09,14.49,移出持仓池
2023-08-31,卖出,300380,安硕信息,计算机,5,500,36.83,29.7,14850.0,18.56,-3583.56,-19.36,移出持仓池
2023-08-31,卖出,300570,太辰光,通信,4,400,47.34,34.46,13784.0,17.23,-5169.23,-27.21,移出持仓池
2023-08-31,卖出,601595,上海电影,传媒,7,700,27.35,22.43,15701.0,19.63,-3463.63,-17.99,移出持仓池
2023-08-31,卖出,000417,合百集团,商贸零售,21,2100,9.16,7.43,15603.0,19.5,-3652.5,-18.89,移出持仓池
2023-08-31,卖出,000752,*ST西发,食品饮料,21,2100,9.16,7.43,15603.0,19.5,-3652.5,-18.89,移出持仓池
2023-08-31,卖出,300844,山水比德,建筑装饰,3,300,57.13,48.37,14511.0,18.14,-2646.14,-15.33,移出持仓池
2023-08-31,卖出,002605,姚记科技,传媒,4,400,40.23,30.82,12328.0,15.41,-3779.41,-23.39,移出持仓池
2023-08-31,卖出,601099,太平洋,非银金融,40,4000,4.96,4.09,16360.0,20.45,-3500.45,-17.54,移出持仓池
2023-08-31,卖出,300042,朗科科技,其他,4,400,40.56,28.12,11248.0,14.06,-4990.06,-30.67,移出持仓池
2023-08-31,卖出,300624,万兴科技,计算机,2,200,69.58,90.28,18056.0,22.57,4117.43,29.75,移出持仓池
2023-08-31,卖出,000004,*ST国华,计算机,11,1100,17.5,16.47,18117.0,22.65,-1155.65,-5.89,移出持仓池
2023-08-31,卖出,601136,首创证券,非银金融,7,700,28.37,24.58,17206.0,21.51,-2674.51,-13.36,移出持仓池
2023-08-31,买入,603767,中马传动,汽车,10,1000,18.37,18.37,18370.0,22.96,0.0,0.0,纳入持仓池
2023-08-31,买入,603220,中贝通信,通信,7,700,27.1,27.1,18970.0,23.71,0.0,0.0,纳入持仓池
2023-08-31,买入,001337,四川黄金,有色金属,6,600,32.25,32.25,19350.0,24.19,0.0,0.0,纳入持仓池
2023-08-31,买入,300169,天晟新材,基础化工,20,2000,9.86,9.86,19720.0,24.65,0.0,0.0,纳入持仓池
2023-08-31,买入,002527,新时达,机械设备,14,1400,13.93,13.93,19502.0,24.38,0.0,0.0,纳入持仓池
2023-08-31,买入,300503,昊志机电,机械设备,10,1000,19.47,19.47,19470.0,24.34,0.0,0.0,纳入持仓池
2023-08-31,买入,301085,亚康股份,计算机,2,200,73.87,73.87,14774.0,18.47,0.0,0.0,纳入持仓池
2023-08-31,买入,601949,中国出版,传媒,18,1800,11.03,11.03,19854.0,24.82,0.0,0.0,纳入持仓池
2023-08-31,买入,002703,浙江世宝,汽车,11,1100,16.78,16.78,18458.0,23.07,0.0,0.0,纳入持仓池
2023-08-31,买入,300688,创业黑马,社会服务,5,500,36.49,36.49,18245.0,22.81,0.0,0.0,纳入持仓池
2023-08-31,买入,301299,卓创资讯,传媒,2,200,89.1,89.1,17820.0,22.28,0.0,0.0,纳入持仓池
2023-08-31,买入,300551,古鳌科技,计算机,8,800,24.48,24.48,19584.0,24.48,0.0,0.0,纳入持仓池
2023-08-31,买入,605011,杭州热电,公用事业,7,700,28.17,28.17,19719.0,24.65,0.0,0.0,纳入持仓池
2023-08-31,买入,002315,焦点科技,商贸零售,5,500,33.86,33.86,16930.0,21.16,0.0,0.0,纳入持仓池
2023-08-31,持有,300308,中际旭创,通信,2,200,90.0,114.62,--,--,4924.0,27.36,继续持有
2023-08-31,持有,002229,鸿博股份,轻工制造,11,1100,17.66,39.16,--,--,23650.0,121.74,继续持有
2023-08-31,持有,603918,金桥信息,计算机,10,1000,19.93,29.9,--,--,9970.0,50.03,继续持有
2023-08-31,持有,603000,人民网,传媒,6,600,32.46,41.5,--,--,5424.0,27.85,继续持有
2023-08-31,持有,301368,丰立智能,机械设备,2,200,69.19,53.22,--,--,-3194.0,-23.08,继续持有
2023-08-31,持有,601858,中国科传,传媒,7,700,25.93,35.0,--,--,6349.0,34.98,继续持有
2023-08-31,持有,301218,华是科技,计算机,3,300,51.3,52.28,--,--,294.0,1.91,继续持有
2023-08-31,持有,603083,剑桥科技,通信,8,800,22.54,47.69,--,--,20120.0,111.58,继续持有
2023-08-31,持有,300025,华星创业,通信,16,1600,11.86,13.3,--,--,2304.0,12.14,继续持有
2023-08-31,持有,601900,南方传媒,传媒,10,1000,18.7,19.64,--,--,940.0,5.03,继续持有
2023-08-31,持有,300394,天孚通信,通信,3,300,63.04,84.46,--,--,6426.0,33.98,继续持有
2023-08-31,持有,603196,璞源材料,纺织服饰,9,900,21.0,18.02,--,--,-2682.0,-14.19,继续持有
2023-08-31,持有,601138,工业富联,电子,7,700,25.2,21.91,--,--,-2303.0,-13.06,继续持有
2023-08-31,持有,688525,佰维存储,电子,2,200,79.89,68.45,--,--,-2288.0,-14.32,继续持有
2023-08-31,持有,301183,东田微,电子,2,200,78.8,47.55,--,--,-6250.0,-39.66,继续持有
2023-08-31,持有,301398,星源卓镁,汽车,2,200,75.15,68.88,--,--,-1254.0,-8.34,继续持有
2023-09-15,卖出,603083,剑桥科技,通信,8,800,22.54,43.25,34600.0,43.25,16524.75,91.88,移出持仓池
2023-09-15,卖出,601900,南方传媒,传媒,10,1000,18.7,15.86,15860.0,19.82,-2859.82,-15.19,移出持仓池
2023-09-15,卖出,300394,天孚通信,通信,3,300,63.04,72.94,21882.0,27.35,2942.65,15.7,移出持仓池
2023-09-15,卖出,001337,四川黄金,有色金属,6,600,32.25,32.12,19272.0,24.09,-102.09,-0.4,移出持仓池
2023-09-15,卖出,300169,天晟新材,基础化工,20,2000,9.86,7.45,14900.0,18.62,-4838.62,-24.44,移出持仓池
2023-09-15,卖出,002527,新时达,机械设备,14,1400,13.93,11.73,16422.0,20.53,-3100.53,-15.79,移出持仓池
2023-09-15,卖出,300503,昊志机电,机械设备,10,1000,19.47,16.78,16780.0,20.98,-2710.98,-13.82,移出持仓池
2023-09-15,卖出,601138,工业富联,电子,7,700,25.2,18.13,12691.0,15.86,-4964.86,-28.06,移出持仓池
2023-09-15,卖出,301085,亚康股份,计算机,2,200,73.87,60.99,12198.0,15.25,-2591.25,-17.44,移出持仓池
2023-09-15,卖出,601949,中国出版,传媒,18,1800,11.03,9.34,16812.0,21.02,-3063.02,-15.32,移出持仓池
2023-09-15,卖出,300688,创业黑马,社会服务,5,500,36.49,30.06,15030.0,18.79,-3233.79,-17.62,移出持仓池
2023-09-15,卖出,301299,卓创资讯,传媒,2,200,89.1,69.32,13864.0,17.33,-3973.33,-22.2,移出持仓池
2023-09-15,卖出,605011,杭州热电,公用事业,7,700,28.17,27.27,19089.0,23.86,-653.86,-3.19,移出持仓池
2023-09-15,卖出,002315,焦点科技,商贸零售,5,500,33.86,28.11,14055.0,17.57,-2892.57,-16.98,移出持仓池
2023-09-15,买入,300045,华力创通,国防军工,7,700,27.18,27.18,19026.0,23.78,0.0,0.0,纳入持仓池
2023-09-15,买入,000766,通化金马,医药生物,15,1500,12.54,12.54,18810.0,23.51,0.0,0.0,纳入持仓池
2023-09-15,买入,002855,捷荣技术,电子,7,700,25.91,25.91,18137.0,22.67,0.0,0.0,纳入持仓池
2023-09-15,买入,000417,合百集团,商贸零售,19,1900,10.13,10.13,19247.0,24.06,0.0,0.0,纳入持仓池
2023-09-15,买入,000752,*ST西发,食品饮料,19,1900,10.13,10.13,19247.0,24.06,0.0,0.0,纳入持仓池
2023-09-15,买入,605588,冠石科技,电子,2,200,68.12,68.12,13624.0,17.03,0.0,0.0,纳入持仓池
2023-09-15,买入,300475,香农芯创,电子,5,500,34.96,34.96,17480.0,21.85,0.0,0.0,纳入持仓池
2023-09-15,买入,001306,夏厦精密,机械设备,38,3800,5.18,5.18,19684.0,24.61,0.0,0.0,纳入持仓池
2023-09-15,买入,600186,莲花控股,食品饮料,38,3800,5.18,5.18,19684.0,24.61,0.0,0.0,纳入持仓池
2023-09-15,买入,002654,万润科技,电子,18,1800,10.64,10.64,19152.0,23.94,0.0,0.0,纳入持仓池
2023-09-15,买入,600589,大位科技,计算机,40,4000,4.98,4.98,19920.0,24.9,0.0,0.0,纳入持仓池
2023-09-15,买入,920174,五新隧装,其他,13,1300,14.6,14.6,18980.0,23.73,0.0,0.0,纳入持仓池
2023-09-15,买入,600415,小商品城,商贸零售,21,2100,9.26,9.26,19446.0,24.31,0.0,0.0,纳入持仓池
2023-09-15,买入,002992,宝明科技,电子,2,200,67.95,67.95,13590.0,16.99,0.0,0.0,纳入持仓池
2023-09-15,持有,603767,中马传动,汽车,10,1000,18.37,19.24,--,--,870.0,4.74,继续持有
2023-09-15,持有,002229,鸿博股份,轻工制造,11,1100,17.66,36.74,--,--,20988.0,108.04,继续持有
2023-09-15,持有,002703,浙江世宝,汽车,11,1100,16.78,17.32,--,--,594.0,3.22,继续持有
2023-09-15,持有,300025,华星创业,通信,16,1600,11.86,12.97,--,--,1776.0,9.36,继续持有
2023-09-15,持有,603918,金桥信息,计算机,10,1000,19.93,25.2,--,--,5270.0,26.44,继续持有
2023-09-15,持有,603196,璞源材料,纺织服饰,9,900,21.0,17.32,--,--,-3312.0,-17.52,继续持有
2023-09-15,持有,301368,丰立智能,机械设备,2,200,69.19,44.25,--,--,-4988.0,-36.05,继续持有
2023-09-15,持有,300308,中际旭创,通信,2,200,90.0,98.68,--,--,1736.0,9.64,继续持有
2023-09-15,持有,603000,人民网,传媒,6,600,32.46,34.27,--,--,1086.0,5.58,继续持有
2023-09-15,持有,601858,中国科传,传媒,7,700,25.93,29.01,--,--,2156.0,11.88,继续持有
2023-09-15,持有,301183,东田微,电子,2,200,78.8,50.7,--,--,-5620.0,-35.66,继续持有
2023-09-15,持有,300551,古鳌科技,计算机,8,800,24.48,24.12,--,--,-288.0,-1.47,继续持有
2023-09-15,持有,301398,星源卓镁,汽车,2,200,75.15,59.4,--,--,-3150.0,-20.96,继续持有
2023-09-15,持有,688525,佰维存储,电子,2,200,79.89,70.2,--,--,-1938.0,-12.13,继续持有
2023-09-15,持有,603220,中贝通信,通信,7,700,27.1,23.19,--,--,-2737.0,-14.43,继续持有
2023-09-15,持有,301218,华是科技,计算机,3,300,51.3,42.51,--,--,-2637.0,-17.13,继续持有
2023-09-28,卖出,605588,冠石科技,电子,2,200,68.12,62.92,12584.0,15.73,-1055.73,-7.63,移出持仓池
2023-09-28,卖出,300475,香农芯创,电子,5,500,34.96,30.06,15030.0,18.79,-2468.79,-14.02,移出持仓池
2023-09-28,卖出,603918,金桥信息,计算机,10,1000,19.93,23.53,23530.0,29.41,3570.59,18.06,移出持仓池
2023-09-28,卖出,301183,东田微,电子,2,200,78.8,46.67,9334.0,11.67,-6437.67,-40.77,移出持仓池
2023-09-28,卖出,920174,五新隧装,其他,13,1300,14.6,13.25,17225.0,21.53,-1776.53,-9.25,移出持仓池
2023-09-28,卖出,300551,古鳌科技,计算机,8,800,24.48,22.72,18176.0,22.72,-1430.72,-7.19,移出持仓池
2023-09-28,卖出,301398,星源卓镁,汽车,2,200,75.15,55.55,11110.0,13.89,-3933.89,-26.08,移出持仓池
2023-09-28,卖出,688525,佰维存储,电子,2,200,79.89,62.96,12592.0,15.74,-3401.74,-21.19,移出持仓池
2023-09-28,卖出,600415,小商品城,商贸零售,21,2100,9.26,9.04,18984.0,23.73,-485.73,-2.38,移出持仓池
2023-09-28,卖出,002992,宝明科技,电子,2,200,67.95,62.18,12436.0,15.54,-1169.54,-8.49,移出持仓池
2023-09-28,卖出,301218,华是科技,计算机,3,300,51.3,40.03,12009.0,15.01,-3396.01,-21.97,移出持仓池
2023-09-28,买入,300255,常山药业,医药生物,14,1400,13.38,13.38,18732.0,23.41,0.0,0.0,纳入持仓池
2023-09-28,买入,300780,德恩精工,机械设备,6,600,31.66,31.66,18996.0,23.75,0.0,0.0,纳入持仓池
2023-09-28,买入,002535,林州重机,其他,36,3600,5.53,5.53,19908.0,24.89,0.0,0.0,纳入持仓池
2023-09-28,买入,300606,金太阳,机械设备,7,700,27.88,27.88,19516.0,24.39,0.0,0.0,纳入持仓池
2023-09-28,买入,300169,天晟新材,基础化工,25,2500,7.88,7.88,19700.0,24.62,0.0,0.0,纳入持仓池
2023-09-28,买入,688108,赛诺医疗,医药生物,8,1600,11.94,11.94,19104.0,23.88,0.0,0.0,纳入持仓池
2023-09-28,买入,603662,柯力传感,机械设备,6,600,32.29,32.29,19374.0,24.22,0.0,0.0,纳入持仓池
2023-09-28,买入,920225,利通科技,其他,14,1400,13.7,13.7,19180.0,23.98,0.0,0.0,纳入持仓池
2023-09-28,买入,301007,德迈仕,汽车,9,900,20.35,20.35,18315.0,22.89,0.0,0.0,纳入持仓池
2023-09-28,买入,605011,杭州热电,公用事业,7,700,25.89,25.89,18123.0,22.65,0.0,0.0,纳入持仓池
2023-09-28,买入,603863,松炀资源,轻工制造,8,800,24.64,24.64,19712.0,24.64,0.0,0.0,纳入持仓池
2023-09-28,持有,002855,捷荣技术,电子,7,700,25.91,48.23,--,--,15624.0,86.14,继续持有
2023-09-28,持有,603767,中马传动,汽车,10,1000,18.37,19.99,--,--,1620.0,8.82,继续持有
2023-09-28,持有,300045,华力创通,国防军工,7,700,27.18,26.95,--,--,-161.0,-0.85,继续持有
2023-09-28,持有,603220,中贝通信,通信,7,700,27.1,33.9,--,--,4760.0,25.09,继续持有
2023-09-28,持有,000417,合百集团,商贸零售,19,1900,10.13,10.5,--,--,703.0,3.65,继续持有
2023-09-28,持有,000752,*ST西发,食品饮料,19,1900,10.13,10.5,--,--,703.0,3.65,继续持有
2023-09-28,持有,002229,鸿博股份,轻工制造,11,1100,17.66,36.73,--,--,20977.0,107.98,继续持有
2023-09-28,持有,000766,通化金马,医药生物,15,1500,12.54,12.75,--,--,315.0,1.67,继续持有
2023-09-28,持有,001306,夏厦精密,机械设备,38,3800,5.18,5.98,--,--,3040.0,15.44,继续持有
2023-09-28,持有,600186,莲花控股,食品饮料,38,3800,5.18,5.98,--,--,3040.0,15.44,继续持有
2023-09-28,持有,300025,华星创业,通信,16,1600,11.86,14.42,--,--,4096.0,21.59,继续持有
2023-09-28,持有,002703,浙江世宝,汽车,11,1100,16.78,16.94,--,--,176.0,0.95,继续持有
2023-09-28,持有,600589,大位科技,计算机,40,4000,4.98,4.9,--,--,-320.0,-1.61,继续持有
2023-09-28,持有,603196,璞源材料,纺织服饰,9,900,21.0,17.14,--,--,-3474.0,-18.38,继续持有
2023-09-28,持有,002654,万润科技,电子,18,1800,10.64,11.42,--,--,1404.0,7.33,继续持有
2023-09-28,持有,301368,丰立智能,机械设备,2,200,69.19,44.39,--,--,-4960.0,-35.84,继续持有
2023-09-28,持有,601858,中国科传,传媒,7,700,25.93,32.14,--,--,4347.0,23.95,继续持有
2023-09-28,持有,300308,中际旭创,通信,2,200,90.0,115.8,--,--,5160.0,28.67,继续持有
2023-09-28,持有,603000,人民网,传媒,6,600,32.46,38.34,--,--,3528.0,18.11,继续持有
2023-10-19,卖出,300025,华星创业,通信,16,1600,11.86,17.06,27296.0,34.12,8285.88,43.84,移出持仓池
2023-10-19,卖出,603196,璞源材料,纺织服饰,9,900,21.0,15.92,14328.0,17.91,-4589.91,-24.19,移出持仓池
2023-10-19,卖出,002535,林州重机,其他,36,3600,5.53,4.43,15948.0,19.93,-3979.93,-19.89,移出持仓池
2023-10-19,卖出,301368,丰立智能,机械设备,2,200,69.19,36.94,7388.0,9.23,-6459.23,-46.61,移出持仓池
2023-10-19,卖出,688108,赛诺医疗,医药生物,16,1600,11.94,12.28,19648.0,24.56,519.44,2.85,移出持仓池
2023-10-19,卖出,603662,柯力传感,机械设备,6,600,32.29,27.69,16614.0,20.77,-2780.77,-14.25,移出持仓池
2023-10-19,卖出,601858,中国科传,传媒,7,700,25.93,25.54,17878.0,22.35,-295.35,-1.5,移出持仓池
2023-10-19,卖出,920225,利通科技,其他,14,1400,13.7,11.92,16688.0,20.86,-2512.86,-12.99,移出持仓池
2023-10-19,卖出,300308,中际旭创,通信,2,200,90.0,94.64,18928.0,23.66,904.34,5.16,移出持仓池
2023-10-19,卖出,603000,人民网,传媒,6,600,32.46,35.51,21306.0,26.63,1803.37,9.4,移出持仓池
2023-10-19,卖出,301007,德迈仕,汽车,9,900,20.35,17.75,15975.0,19.97,-2359.97,-12.78,移出持仓池
2023-10-19,卖出,605011,杭州热电,公用事业,7,700,25.89,24.02,16814.0,21.02,-1330.02,-7.22,移出持仓池
2023-10-19,买入,603178,圣龙股份,汽车,7,700,28.46,28.46,19922.0,24.9,0.0,0.0,纳入持仓池
2023-10-19,买入,601127,赛力斯,汽车,2,200,79.58,79.58,15916.0,19.89,0.0,0.0,纳入持仓池
2023-10-19,买入,002456,欧菲光,电子,18,1800,10.57,10.57,19026.0,23.78,0.0,0.0,纳入持仓池
2023-10-19,买入,300313,*ST天山,农林牧渔,17,1700,11.39,11.39,19363.0,24.2,0.0,0.0,纳入持仓池
2023-10-19,买入,603496,恒为科技,计算机,5,500,35.55,35.55,17775.0,22.22,0.0,0.0,纳入持仓池
2023-10-19,买入,002771,真视通,计算机,8,800,22.25,22.25,17800.0,22.25,0.0,0.0,纳入持仓池
2023-10-19,买入,300097,智云股份,其他,20,2000,9.95,9.95,19900.0,24.88,0.0,0.0,纳入持仓池
2023-10-19,买入,301085,亚康股份,计算机,2,200,73.4,73.4,14680.0,18.35,0.0,0.0,纳入持仓池
2023-10-19,买入,600895,张江高科,房地产,7,700,27.05,27.05,18935.0,23.67,0.0,0.0,纳入持仓池
2023-10-19,买入,002992,宝明科技,电子,3,300,64.28,64.28,19284.0,24.11,0.0,0.0,纳入持仓池
2023-10-19,买入,300765,新诺威,医药生物,8,800,22.7,22.7,18160.0,22.7,0.0,0.0,纳入持仓池
2023-10-19,买入,688159,有方科技,通信,2,400,38.84,38.84,15536.0,19.42,0.0,0.0,纳入持仓池
2023-10-19,持有,002855,捷荣技术,电子,7,700,25.91,46.01,--,--,14070.0,77.58,继续持有
2023-10-19,持有,300045,华力创通,国防军工,7,700,27.18,26.6,--,--,-406.0,-2.13,继续持有
2023-10-19,持有,603220,中贝通信,通信,7,700,27.1,35.5,--,--,5880.0,31.0,继续持有
2023-10-19,持有,300255,常山药业,医药生物,14,1400,13.38,14.15,--,--,1078.0,5.75,继续持有
2023-10-19,持有,000766,通化金马,医药生物,15,1500,12.54,13.64,--,--,1650.0,8.77,继续持有
2023-10-19,持有,002654,万润科技,电子,18,1800,10.64,14.76,--,--,7416.0,38.72,继续持有
2023-10-19,持有,001306,夏厦精密,机械设备,38,3800,5.18,6.4,--,--,4636.0,23.55,继续持有
2023-10-19,持有,600186,莲花控股,食品饮料,38,3800,5.18,6.4,--,--,4636.0,23.55,继续持有
2023-10-19,持有,603767,中马传动,汽车,10,1000,18.37,15.48,--,--,-2890.0,-15.73,继续持有
2023-10-19,持有,603863,松炀资源,轻工制造,8,800,24.64,33.27,--,--,6904.0,35.02,继续持有
2023-10-19,持有,002229,鸿博股份,轻工制造,11,1100,17.66,35.5,--,--,19624.0,101.02,继续持有
2023-10-19,持有,000417,合百集团,商贸零售,19,1900,10.13,8.09,--,--,-3876.0,-20.14,继续持有
2023-10-19,持有,000752,*ST西发,食品饮料,19,1900,10.13,8.09,--,--,-3876.0,-20.14,继续持有
2023-10-19,持有,300780,德恩精工,机械设备,6,600,31.66,24.1,--,--,-4536.0,-23.88,继续持有
2023-10-19,持有,300169,天晟新材,基础化工,25,2500,7.88,7.22,--,--,-1650.0,-8.38,继续持有
2023-10-19,持有,002703,浙江世宝,汽车,11,1100,16.78,13.98,--,--,-3080.0,-16.69,继续持有
2023-10-19,持有,600589,大位科技,计算机,40,4000,4.98,4.91,--,--,-280.0,-1.41,继续持有
2023-10-19,持有,300606,金太阳,机械设备,7,700,27.88,28.26,--,--,266.0,1.36,继续持有
2023-10-31,卖出,002229,鸿博股份,轻工制造,11,1100,17.66,33.3,36630.0,45.79,17158.21,88.56,移出持仓池
2023-10-31,卖出,603496,恒为科技,计算机,5,500,35.55,30.53,15265.0,19.08,-2529.08,-14.12,移出持仓池
2023-10-31,卖出,000417,合百集团,商贸零售,19,1900,10.13,6.89,13091.0,16.36,-6172.36,-31.98,移出持仓池
2023-10-31,卖出,000752,*ST西发,食品饮料,19,1900,10.13,6.89,13091.0,16.36,-6172.36,-31.98,移出持仓池
2023-10-31,卖出,300780,德恩精工,机械设备,6,600,31.66,22.32,13392.0,16.74,-5620.74,-29.5,移出持仓池
2023-10-31,卖出,301085,亚康股份,计算机,2,200,73.4,62.8,12560.0,15.7,-2135.7,-14.44,移出持仓池
2023-10-31,卖出,600895,张江高科,房地产,7,700,27.05,23.95,16765.0,20.96,-2190.96,-11.46,移出持仓池
2023-10-31,卖出,002992,宝明科技,电子,3,300,64.28,62.03,18609.0,23.26,-698.26,-3.5,移出持仓池
2023-10-31,卖出,600589,大位科技,计算机,40,4000,4.98,4.4,17600.0,22.0,-2342.0,-11.65,移出持仓池
2023-10-31,卖出,300606,金太阳,机械设备,7,700,27.88,28.4,19880.0,24.85,339.15,1.87,移出持仓池
2023-10-31,买入,300735,光弘科技,电子,6,600,30.43,30.43,18258.0,22.82,0.0,0.0,纳入持仓池
2023-10-31,买入,000628,高新发展,建筑装饰,5,500,38.5,38.5,19250.0,24.06,0.0,0.0,纳入持仓池
2023-10-31,买入,688260,昀冢科技,电子,3,600,32.53,32.53,19518.0,24.4,0.0,0.0,纳入持仓池
2023-10-31,买入,603266,天龙股份,汽车,7,700,27.06,27.06,18942.0,23.68,0.0,0.0,纳入持仓池
2023-10-31,买入,603985,恒润股份,电力设备,4,400,41.98,41.98,16792.0,20.99,0.0,0.0,纳入持仓池
2023-10-31,买入,300342,天银机电,家用电器,10,1000,18.89,18.89,18890.0,23.61,0.0,0.0,纳入持仓池
2023-10-31,买入,603629,利通电子,电子,6,600,33.23,33.23,19938.0,24.92,0.0,0.0,纳入持仓池
2023-10-31,买入,300429,强力新材,其他,13,1300,14.97,14.97,19461.0,24.33,0.0,0.0,纳入持仓池
2023-10-31,买入,300322,硕贝德,电子,14,1400,14.2,14.2,19880.0,24.85,0.0,0.0,纳入持仓池
2023-10-31,买入,688166,博瑞医药,医药生物,2,400,38.47,38.47,15388.0,19.23,0.0,0.0,纳入持仓池
2023-10-31,持有,603178,圣龙股份,汽车,7,700,28.46,40.61,--,--,8505.0,42.69,继续持有
2023-10-31,持有,002855,捷荣技术,电子,7,700,25.91,33.0,--,--,4963.0,27.36,继续持有
2023-10-31,持有,300045,华力创通,国防军工,7,700,27.18,27.6,--,--,294.0,1.55,继续持有
2023-10-31,持有,603220,中贝通信,通信,7,700,27.1,40.87,--,--,9639.0,50.81,继续持有
2023-10-31,持有,601127,赛力斯,汽车,2,200,79.58,81.49,--,--,382.0,2.4,继续持有
2023-10-31,持有,300255,常山药业,医药生物,14,1400,13.38,13.2,--,--,-252.0,-1.35,继续持有
2023-10-31,持有,000766,通化金马,医药生物,15,1500,12.54,13.18,--,--,960.0,5.1,继续持有
2023-10-31,持有,001306,夏厦精密,机械设备,38,3800,5.18,7.11,--,--,7334.0,37.26,继续持有
2023-10-31,持有,600186,莲花控股,食品饮料,38,3800,5.18,7.11,--,--,7334.0,37.26,继续持有
2023-10-31,持有,002654,万润科技,电子,18,1800,10.64,14.7,--,--,7308.0,38.16,继续持有
2023-10-31,持有,300313,*ST天山,农林牧渔,17,1700,11.39,12.79,--,--,2380.0,12.29,继续持有
2023-10-31,持有,002771,真视通,计算机,8,800,22.25,27.4,--,--,4120.0,23.15,继续持有
2023-10-31,持有,603863,松炀资源,轻工制造,8,800,24.64,38.5,--,--,11088.0,56.25,继续持有
2023-10-31,持有,300765,新诺威,医药生物,8,800,22.7,30.22,--,--,6016.0,33.13,继续持有
2023-10-31,持有,002456,欧菲光,电子,18,1800,10.57,10.23,--,--,-612.0,-3.22,继续持有
2023-10-31,持有,688159,有方科技,通信,4,400,38.84,45.22,--,--,2552.0,16.43,继续持有
2023-10-31,持有,603767,中马传动,汽车,10,1000,18.37,15.39,--,--,-2980.0,-16.22,继续持有
2023-10-31,持有,300169,天晟新材,基础化工,25,2500,7.88,7.9,--,--,50.0,0.25,继续持有
2023-10-31,持有,300097,智云股份,其他,20,2000,9.95,10.5,--,--,1100.0,5.53,继续持有
2023-10-31,持有,002703,浙江世宝,汽车,11,1100,16.78,14.1,--,--,-2948.0,-15.97,继续持有
2023-11-16,卖出,688260,昀冢科技,电子,6,600,32.53,32.7,19620.0,24.53,77.47,0.52,移出持仓池
2023-11-16,卖出,688159,有方科技,通信,4,400,38.84,45.45,18180.0,22.73,2621.27,17.02,移出持仓池
2023-11-16,卖出,300342,天银机电,家用电器,10,1000,18.89,17.79,17790.0,22.24,-1122.24,-5.82,移出持仓池
2023-11-16,卖出,603629,利通电子,电子,6,600,33.23,36.13,21678.0,27.1,1712.9,8.73,移出持仓池
2023-11-16,卖出,300097,智云股份,其他,20,2000,9.95,12.36,24720.0,30.9,4789.1,24.22,移出持仓池
2023-11-16,卖出,300429,强力新材,其他,13,1300,14.97,15.8,20540.0,25.68,1053.32,5.54,移出持仓池
2023-11-16,卖出,300322,硕贝德,电子,14,1400,14.2,13.08,18312.0,22.89,-1590.89,-7.89,移出持仓池
2023-11-16,卖出,002703,浙江世宝,汽车,11,1100,16.78,14.22,15642.0,19.55,-2835.55,-15.26,移出持仓池
2023-11-16,卖出,688166,博瑞医药,医药生物,4,400,38.47,33.8,13520.0,16.9,-1884.9,-12.14,移出持仓池
2023-11-16,买入,300210,森远股份,环保,23,2300,8.36,8.36,19228.0,24.04,0.0,0.0,纳入持仓池
2023-11-16,买入,600520,三佳科技,机械设备,5,500,35.7,35.7,17850.0,22.31,0.0,0.0,纳入持仓池
2023-11-16,买入,603496,恒为科技,计算机,4,400,42.78,42.78,17112.0,21.39,0.0,0.0,纳入持仓池
2023-11-16,买入,300606,金太阳,机械设备,5,500,36.55,36.55,18275.0,22.84,0.0,0.0,纳入持仓池
2023-11-16,买入,002786,银宝山新,机械设备,16,1600,12.21,12.21,19536.0,24.42,0.0,0.0,纳入持仓池
2023-11-16,买入,603108,润达医疗,医药生物,8,800,24.48,24.48,19584.0,24.48,0.0,0.0,纳入持仓池
2023-11-16,买入,002584,西陇科学,电子,18,1800,10.77,10.77,19386.0,24.23,0.0,0.0,纳入持仓池
2023-11-16,买入,603009,北特科技,汽车,15,1500,12.92,12.92,19380.0,24.23,0.0,0.0,纳入持仓池
2023-11-16,买入,605086,龙高股份,基础化工,5,500,39.83,39.83,19915.0,24.89,0.0,0.0,纳入持仓池
2023-11-16,持有,000628,高新发展,建筑装饰,5,500,38.5,56.6,--,--,9050.0,47.01,继续持有
2023-11-16,持有,603178,圣龙股份,汽车,7,700,28.46,34.45,--,--,4193.0,21.05,继续持有
2023-11-16,持有,603220,中贝通信,通信,7,700,27.1,47.07,--,--,13979.0,73.69,继续持有
2023-11-16,持有,002855,捷荣技术,电子,7,700,25.91,32.4,--,--,4543.0,25.05,继续持有
2023-11-16,持有,601127,赛力斯,汽车,2,200,79.58,82.4,--,--,564.0,3.54,继续持有
2023-11-16,持有,000766,通化金马,医药生物,15,1500,12.54,14.6,--,--,3090.0,16.43,继续持有
2023-11-16,持有,001306,夏厦精密,机械设备,38,3800,5.18,7.5,--,--,8816.0,44.79,继续持有
2023-11-16,持有,600186,莲花控股,食品饮料,38,3800,5.18,7.5,--,--,8816.0,44.79,继续持有
2023-11-16,持有,300765,新诺威,医药生物,8,800,22.7,35.58,--,--,10304.0,56.74,继续持有
2023-11-16,持有,300045,华力创通,国防军工,7,700,27.18,26.93,--,--,-175.0,-0.92,继续持有
2023-11-16,持有,300313,*ST天山,农林牧渔,17,1700,11.39,13.05,--,--,2822.0,14.57,继续持有
2023-11-16,持有,603266,天龙股份,汽车,7,700,27.06,33.09,--,--,4221.0,22.28,继续持有
2023-11-16,持有,300735,光弘科技,电子,6,600,30.43,27.15,--,--,-1968.0,-10.78,继续持有
2023-11-16,持有,002771,真视通,计算机,8,800,22.25,28.58,--,--,5064.0,28.45,继续持有
2023-11-16,持有,300255,常山药业,医药生物,14,1400,13.38,12.08,--,--,-1820.0,-9.72,继续持有
2023-11-16,持有,002456,欧菲光,电子,18,1800,10.57,10.98,--,--,738.0,3.88,继续持有
2023-11-16,持有,603767,中马传动,汽车,10,1000,18.37,16.52,--,--,-1850.0,-10.07,继续持有
2023-11-16,持有,002654,万润科技,电子,18,1800,10.64,15.66,--,--,9036.0,47.18,继续持有
2023-11-16,持有,603985,恒润股份,电力设备,4,400,41.98,45.8,--,--,1528.0,9.1,继续持有
2023-11-16,持有,603863,松炀资源,轻工制造,8,800,24.64,36.09,--,--,9160.0,46.47,继续持有
2023-11-16,持有,300169,天晟新材,基础化工,25,2500,7.88,8.41,--,--,1325.0,6.73,继续持有
2023-11-30,卖出,001306,夏厦精密,机械设备,38,3800,5.18,5.98,22724.0,28.41,3011.59,15.44,移出持仓池
2023-11-30,卖出,600186,莲花控股,食品饮料,38,3800,5.18,5.98,22724.0,28.41,3011.59,15.44,移出持仓池
2023-11-30,卖出,002771,真视通,计算机,8,800,22.25,26.41,21128.0,26.41,3301.59,18.7,移出持仓池
2023-11-30,卖出,002654,万润科技,电子,18,1800,10.64,13.55,24390.0,30.49,5207.51,27.35,移出持仓池
2023-11-30,卖出,603108,润达医疗,医药生物,8,800,24.48,22.39,17912.0,22.39,-1694.39,-8.54,移出持仓池
2023-11-30,卖出,603985,恒润股份,电力设备,4,400,41.98,39.1,15640.0,19.55,-1171.55,-6.86,移出持仓池
2023-11-30,卖出,002584,西陇科学,电子,18,1800,10.77,9.85,17730.0,22.16,-1678.16,-8.54,移出持仓池
2023-11-30,卖出,603009,北特科技,汽车,15,1500,12.92,12.43,18645.0,23.31,-758.31,-3.79,移出持仓池
2023-11-30,卖出,300169,天晟新材,基础化工,25,2500,7.88,7.6,19000.0,23.75,-723.75,-3.55,移出持仓池
2023-11-30,卖出,605086,龙高股份,基础化工,5,500,39.83,27.38,13690.0,17.11,-6242.11,-31.26,移出持仓池
2023-11-30,买入,920092,汉鑫科技,其他,4,400,42.1,42.1,16840.0,21.05,0.0,0.0,纳入持仓池
2023-11-30,买入,600178,东安动力,汽车,14,1400,13.82,13.82,19348.0,24.19,0.0,0.0,纳入持仓池
2023-11-30,买入,600589,大位科技,计算机,40,4000,4.91,4.91,19640.0,24.55,0.0,0.0,纳入持仓池
2023-11-30,买入,300135,宝利国际,石油石化,34,3400,5.79,5.79,19686.0,24.61,0.0,0.0,纳入持仓池
2023-11-30,买入,300552,万集科技,计算机,5,500,38.93,38.93,19465.0,24.33,0.0,0.0,纳入持仓池
2023-11-30,买入,688260,昀冢科技,电子,2,400,34.94,34.94,13976.0,17.47,0.0,0.0,纳入持仓池
2023-11-30,买入,603536,惠发食品,食品饮料,14,1400,13.81,13.81,19334.0,24.17,0.0,0.0,纳入持仓池
2023-11-30,买入,920247,华密新材,其他,14,1400,14.11,14.11,19754.0,24.69,0.0,0.0,纳入持仓池
2023-11-30,买入,300097,智云股份,其他,15,1500,12.54,12.54,18810.0,23.51,0.0,0.0,纳入持仓池
2023-11-30,买入,603353,和顺石油,石油石化,5,500,33.81,33.81,16905.0,21.13,0.0,0.0,纳入持仓池
2023-11-30,持有,603178,圣龙股份,汽车,7,700,28.46,40.92,--,--,8722.0,43.78,继续持有
2023-11-30,持有,000628,高新发展,建筑装饰,5,500,38.5,59.2,--,--,10350.0,53.77,继续持有
2023-11-30,持有,000766,通化金马,医药生物,15,1500,12.54,17.16,--,--,6930.0,36.84,继续持有
2023-11-30,持有,300765,新诺威,医药生物,8,800,22.7,42.3,--,--,15680.0,86.34,继续持有
2023-11-30,持有,300210,森远股份,环保,23,2300,8.36,9.98,--,--,3726.0,19.38,继续持有
2023-11-30,持有,002855,捷荣技术,电子,7,700,25.91,31.33,--,--,3794.0,20.92,继续持有
2023-11-30,持有,601127,赛力斯,汽车,2,200,79.58,75.69,--,--,-778.0,-4.89,继续持有
2023-11-30,持有,603220,中贝通信,通信,7,700,27.1,40.15,--,--,9135.0,48.15,继续持有
2023-11-30,持有,603496,恒为科技,计算机,4,400,42.78,36.35,--,--,-2572.0,-15.03,继续持有
2023-11-30,持有,603863,松炀资源,轻工制造,8,800,24.64,43.05,--,--,14728.0,74.72,继续持有
2023-11-30,持有,002786,银宝山新,机械设备,16,1600,12.21,13.53,--,--,2112.0,10.81,继续持有
2023-11-30,持有,300255,常山药业,医药生物,14,1400,13.38,12.64,--,--,-1036.0,-5.53,继续持有
2023-11-30,持有,600520,三佳科技,机械设备,5,500,35.7,32.63,--,--,-1535.0,-8.6,继续持有
2023-11-30,持有,603266,天龙股份,汽车,7,700,27.06,29.7,--,--,1848.0,9.76,继续持有
2023-11-30,持有,300735,光弘科技,电子,6,600,30.43,24.29,--,--,-3684.0,-20.18,继续持有
2023-11-30,持有,300313,*ST天山,农林牧渔,17,1700,11.39,11.46,--,--,119.0,0.61,继续持有
2023-11-30,持有,603767,中马传动,汽车,10,1000,18.37,16.53,--,--,-1840.0,-10.02,继续持有
2023-11-30,持有,300606,金太阳,机械设备,5,500,36.55,35.46,--,--,-545.0,-2.98,继续持有
2023-11-30,持有,300045,华力创通,国防军工,7,700,27.18,23.31,--,--,-2709.0,-14.24,继续持有
2023-11-30,持有,002456,欧菲光,电子,18,1800,10.57,10.14,--,--,-774.0,-4.07,继续持有
2023-12-29,卖出,601127,赛力斯,汽车,2,200,79.58,76.2,15240.0,19.05,-695.05,-4.25,移出持仓池
2023-12-29,卖出,603220,中贝通信,通信,7,700,27.1,33.96,23772.0,29.71,4772.29,25.31,移出持仓池
2023-12-29,卖出,920092,汉鑫科技,其他,4,400,42.1,34.79,13916.0,17.39,-2941.39,-17.36,移出持仓池
2023-12-29,卖出,603496,恒为科技,计算机,4,400,42.78,31.16,12464.0,15.58,-4663.58,-27.16,移出持仓池
2023-12-29,卖出,603863,松炀资源,轻工制造,8,800,24.64,33.83,27064.0,33.83,7318.17,37.3,移出持仓池
2023-12-29,卖出,600178,东安动力,汽车,14,1400,13.82,14.83,20762.0,25.95,1388.05,7.31,移出持仓池
2023-12-29,卖出,600520,三佳科技,机械设备,5,500,35.7,25.59,12795.0,15.99,-5070.99,-28.32,移出持仓池
2023-12-29,卖出,603266,天龙股份,汽车,7,700,27.06,28.74,20118.0,25.15,1150.85,6.21,移出持仓池
2023-12-29,卖出,300735,光弘科技,电子,6,600,30.43,23.54,14124.0,17.66,-4151.66,-22.64,移出持仓池
2023-12-29,卖出,600589,大位科技,计算机,40,4000,4.91,3.19,12760.0,15.95,-6895.95,-35.03,移出持仓池
2023-12-29,卖出,300313,*ST天山,农林牧渔,17,1700,11.39,9.84,16728.0,20.91,-2655.91,-13.61,移出持仓池
2023-12-29,卖出,603767,中马传动,汽车,10,1000,18.37,15.39,15390.0,19.24,-2999.24,-16.22,移出持仓池
2023-12-29,卖出,300606,金太阳,机械设备,5,500,36.55,34.16,17080.0,21.35,-1216.35,-6.54,移出持仓池
2023-12-29,卖出,300135,宝利国际,石油石化,34,3400,5.79,3.25,11050.0,13.81,-8649.81,-43.87,移出持仓池
2023-12-29,卖出,300552,万集科技,计算机,5,500,38.93,29.6,14800.0,18.5,-4683.5,-23.97,移出持仓池
2023-12-29,卖出,300045,华力创通,国防军工,7,700,27.18,24.33,17031.0,21.29,-2016.29,-10.49,移出持仓池
2023-12-29,卖出,688260,昀冢科技,电子,4,400,34.94,30.3,12120.0,15.15,-1871.15,-13.28,移出持仓池
2023-12-29,卖出,603536,惠发食品,食品饮料,14,1400,13.81,15.53,21742.0,27.18,2380.82,12.45,移出持仓池
2023-12-29,卖出,300097,智云股份,其他,15,1500,12.54,9.19,13785.0,17.23,-5042.23,-26.71,移出持仓池
2023-12-29,卖出,603353,和顺石油,石油石化,5,500,33.81,25.86,12930.0,16.16,-3991.16,-23.51,移出持仓池
2023-12-29,卖出,002456,欧菲光,电子,18,1800,10.57,8.71,15678.0,19.6,-3367.6,-17.6,移出持仓池
2023-12-29,买入,920526,凯华材料,其他,7,700,27.39,27.39,19173.0,23.97,0.0,0.0,纳入持仓池
2023-12-29,买入,920357,雅葆轩,其他,7,700,26.72,26.72,18704.0,23.38,0.0,0.0,纳入持仓池
2023-12-29,买入,920190,雷神科技,其他,6,600,29.92,29.92,17952.0,22.44,0.0,0.0,纳入持仓池
2023-12-29,买入,920510,丰光精密,其他,7,700,27.88,27.88,19516.0,24.39,0.0,0.0,纳入持仓池
2023-12-29,买入,920171,志晟信息,其他,17,1700,11.18,11.18,19006.0,23.76,0.0,0.0,纳入持仓池
2023-12-29,买入,920090,*ST同辉,其他,31,3100,6.38,6.38,19778.0,24.72,0.0,0.0,纳入持仓池
2023-12-29,买入,920198,微创光电,其他,17,1700,11.43,11.43,19431.0,24.29,0.0,0.0,纳入持仓池
2023-12-29,买入,600630,龙头股份,纺织服饰,13,1300,14.7,14.7,19110.0,23.89,0.0,0.0,纳入持仓池
2023-12-29,买入,920720,吉冈精密,其他,12,1200,16.29,16.29,19548.0,24.44,0.0,0.0,纳入持仓池
2023-12-29,买入,920346,威贸电子,其他,12,1200,16.65,16.65,19980.0,24.98,0.0,0.0,纳入持仓池
2023-12-29,买入,920212,智新电子,其他,15,1500,13.14,13.14,19710.0,24.64,0.0,0.0,纳入持仓池
2023-12-29,买入,920564,天润科技,其他,13,1300,15.1,15.1,19630.0,24.54,0.0,0.0,纳入持仓池
2023-12-29,买入,920753,天纺标,其他,10,1000,18.42,18.42,18420.0,23.03,0.0,0.0,纳入持仓池
2023-12-29,买入,920821,则成电子,其他,9,900,21.48,21.48,19332.0,24.16,0.0,0.0,纳入持仓池
2023-12-29,买入,920207,众诚科技,其他,14,1400,14.2,14.2,19880.0,24.85,0.0,0.0,纳入持仓池
2023-12-29,买入,920122,中纺标,其他,6,600,29.21,29.21,17526.0,21.91,0.0,0.0,纳入持仓池
2023-12-29,买入,920174,五新隧装,其他,9,900,20.01,20.01,18009.0,22.51,0.0,0.0,纳入持仓池
2023-12-29,买入,920718,合肥高科,其他,15,1500,12.92,12.92,19380.0,24.23,0.0,0.0,纳入持仓池
2023-12-29,买入,920857,泓禧科技,其他,10,1000,19.43,19.43,19430.0,24.29,0.0,0.0,纳入持仓池
2023-12-29,买入,920001,纬达光电,其他,13,1300,15.32,15.32,19916.0,24.89,0.0,0.0,纳入持仓池
2023-12-29,买入,002238,天威视讯,传媒,12,1200,15.53,15.53,18636.0,23.3,0.0,0.0,纳入持仓池
2023-12-29,持有,920247,华密新材,其他,14,1400,14.11,27.59,--,--,18872.0,95.54,继续持有
2023-12-29,持有,603178,圣龙股份,汽车,7,700,28.46,46.35,--,--,12523.0,62.86,继续持有
2023-12-29,持有,002855,捷荣技术,电子,7,700,25.91,37.61,--,--,8190.0,45.16,继续持有
2023-12-29,持有,000766,通化金马,医药生物,15,1500,12.54,19.94,--,--,11100.0,59.01,继续持有
2023-12-29,持有,000628,高新发展,建筑装饰,5,500,38.5,49.68,--,--,5590.0,29.04,继续持有
2023-12-29,持有,300210,森远股份,环保,23,2300,8.36,9.87,--,--,3473.0,18.06,继续持有
2023-12-29,持有,300765,新诺威,医药生物,8,800,22.7,36.62,--,--,11136.0,61.32,继续持有
2023-12-29,持有,300255,常山药业,医药生物,14,1400,13.38,13.01,--,--,-518.0,-2.77,继续持有
2023-12-29,持有,002786,银宝山新,机械设备,16,1600,12.21,16.06,--,--,6160.0,31.53,继续持有
2024-01-17,卖出,920190,雷神科技,其他,6,600,29.92,19.78,11868.0,14.84,-6098.84,-33.89,移出持仓池
2024-01-17,卖出,920090,*ST同辉,其他,31,3100,6.38,4.48,13888.0,17.36,-5907.36,-29.78,移出持仓池
2024-01-17,卖出,920346,威贸电子,其他,12,1200,16.65,12.11,14532.0,18.16,-5466.16,-27.27,移出持仓池
2024-01-17,卖出,920212,智新电子,其他,15,1500,13.14,9.18,13770.0,17.21,-5957.21,-30.14,移出持仓池
2024-01-17,卖出,920753,天纺标,其他,10,1000,18.42,19.1,19100.0,23.88,656.12,3.69,移出持仓池
2024-01-17,卖出,920821,则成电子,其他,9,900,21.48,15.85,14265.0,17.83,-5084.83,-26.21,移出持仓池
2024-01-17,卖出,920207,众诚科技,其他,14,1400,14.2,10.11,14154.0,17.69,-5743.69,-28.8,移出持仓池
2024-01-17,卖出,920718,合肥高科,其他,15,1500,12.92,10.28,15420.0,19.28,-3979.28,-20.43,移出持仓池
2024-01-17,卖出,920857,泓禧科技,其他,10,1000,19.43,13.62,13620.0,17.02,-5827.02,-29.9,移出持仓池
2024-01-17,卖出,920001,纬达光电,其他,13,1300,15.32,11.78,15314.0,19.14,-4621.14,-23.11,移出持仓池
2024-01-17,卖出,002238,天威视讯,传媒,12,1200,15.53,11.71,14052.0,17.57,-4601.57,-24.6,移出持仓池
2024-01-17,买入,603099,长白山,社会服务,5,500,39.06,39.06,19530.0,24.41,0.0,0.0,纳入持仓池
2024-01-17,买入,920221,易实精密,其他,9,900,20.29,20.29,18261.0,22.83,0.0,0.0,纳入持仓池
2024-01-17,买入,920299,灿能电力,其他,20,2000,9.65,9.65,19300.0,24.12,0.0,0.0,纳入持仓池
2024-01-17,买入,600593,大连圣亚,社会服务,5,500,34.64,34.64,17320.0,21.65,0.0,0.0,纳入持仓池
2024-01-17,买入,002952,亚世光电,电子,5,500,36.52,36.52,18260.0,22.82,0.0,0.0,纳入持仓池
2024-01-17,买入,300313,*ST天山,农林牧渔,18,1800,10.97,10.97,19746.0,24.68,0.0,0.0,纳入持仓池
2024-01-17,买入,605577,龙版传媒,传媒,8,800,24.05,24.05,19240.0,24.05,0.0,0.0,纳入持仓池
2024-01-17,买入,002584,西陇科学,电子,18,1800,11.09,11.09,19962.0,24.95,0.0,0.0,纳入持仓池
2024-01-17,买入,300857,协创数据,电子,4,400,49.19,49.19,19676.0,24.59,0.0,0.0,纳入持仓池
2024-01-17,买入,920199,倍益康,其他,8,800,24.6,24.6,19680.0,24.6,0.0,0.0,纳入持仓池
2024-01-17,买入,603536,惠发食品,食品饮料,14,1400,13.76,13.76,19264.0,24.08,0.0,0.0,纳入持仓池
2024-01-17,买入,301004,嘉益股份,轻工制造,2,200,72.31,72.31,14462.0,18.08,0.0,0.0,纳入持仓池
2024-01-17,持有,920526,凯华材料,其他,7,700,27.39,24.9,--,--,-1743.0,-9.09,继续持有
2024-01-17,持有,603178,圣龙股份,汽车,7,700,28.46,39.13,--,--,7469.0,37.49,继续持有
2024-01-17,持有,920247,华密新材,其他,14,1400,14.11,22.41,--,--,11620.0,58.82,继续持有
2024-01-17,持有,000766,通化金马,医药生物,15,1500,12.54,17.99,--,--,8175.0,43.46,继续持有
2024-01-17,持有,000628,高新发展,建筑装饰,5,500,38.5,48.4,--,--,4950.0,25.71,继续持有
2024-01-17,持有,002855,捷荣技术,电子,7,700,25.91,31.52,--,--,3927.0,21.65,继续持有
2024-01-17,持有,600630,龙头股份,纺织服饰,13,1300,14.7,16.45,--,--,2275.0,11.9,继续持有
2024-01-17,持有,300210,森远股份,环保,23,2300,8.36,8.56,--,--,460.0,2.39,继续持有
2024-01-17,持有,920122,中纺标,其他,6,600,29.21,31.3,--,--,1254.0,7.16,继续持有
2024-01-17,持有,920357,雅葆轩,其他,7,700,26.72,21.99,--,--,-3311.0,-17.7,继续持有
2024-01-17,持有,920171,志晟信息,其他,17,1700,11.18,9.98,--,--,-2040.0,-10.73,继续持有
2024-01-17,持有,002786,银宝山新,机械设备,16,1600,12.21,15.15,--,--,4704.0,24.08,继续持有
2024-01-17,持有,920510,丰光精密,其他,7,700,27.88,20.35,--,--,-5271.0,-27.01,继续持有
2024-01-17,持有,920198,微创光电,其他,17,1700,11.43,9.89,--,--,-2618.0,-13.47,继续持有
2024-01-17,持有,920174,五新隧装,其他,9,900,20.01,19.15,--,--,-774.0,-4.3,继续持有
2024-01-17,持有,300255,常山药业,医药生物,14,1400,13.38,10.77,--,--,-3654.0,-19.51,继续持有
2024-01-17,持有,920720,吉冈精密,其他,12,1200,16.29,12.27,--,--,-4824.0,-24.68,继续持有
2024-01-17,持有,920564,天润科技,其他,13,1300,15.1,13.1,--,--,-2600.0,-13.25,继续持有
2024-01-31,卖出,002786,银宝山新,机械设备,16,1600,12.21,11.15,17840.0,22.3,-1718.3,-8.68,移出持仓池
2024-01-31,卖出,300255,常山药业,医药生物,14,1400,13.38,8.71,12194.0,15.24,-6553.24,-34.9,移出持仓池
2024-01-31,卖出,600593,大连圣亚,社会服务,5,500,34.64,20.13,10065.0,12.58,-7267.58,-41.89,移出持仓池
2024-01-31,卖出,002952,亚世光电,电子,5,500,36.52,28.9,14450.0,18.06,-3828.06,-20.87,移出持仓池
2024-01-31,卖出,300313,*ST天山,农林牧渔,18,1800,10.97,7.83,14094.0,17.62,-5669.62,-28.62,移出持仓池
2024-01-31,卖出,002584,西陇科学,电子,18,1800,11.09,7.25,13050.0,16.31,-6928.31,-34.63,移出持仓池
2024-01-31,卖出,920564,天润科技,其他,13,1300,15.1,11.9,15470.0,19.34,-4179.34,-21.19,移出持仓池
2024-01-31,卖出,300857,协创数据,电子,4,400,49.19,39.24,15696.0,19.62,-3999.62,-20.23,移出持仓池
2024-01-31,卖出,920199,倍益康,其他,8,800,24.6,17.62,14096.0,17.62,-5601.62,-28.37,移出持仓池
2024-01-31,卖出,603536,惠发食品,食品饮料,14,1400,13.76,11.08,15512.0,19.39,-3771.39,-19.48,移出持仓池
2024-01-31,卖出,301004,嘉益股份,轻工制造,2,200,72.31,53.76,10752.0,13.44,-3723.44,-25.65,移出持仓池
2024-01-31,买入,920753,天纺标,其他,7,700,28.0,28.0,19600.0,24.5,0.0,0.0,纳入持仓池
2024-01-31,买入,000017,深中华A,纺织服饰,17,1700,11.69,11.69,19873.0,24.84,0.0,0.0,纳入持仓池
2024-01-31,买入,300765,新诺威,医药生物,7,700,26.88,26.88,18816.0,23.52,0.0,0.0,纳入持仓池
2024-01-31,买入,920001,纬达光电,其他,14,1400,13.56,13.56,18984.0,23.73,0.0,0.0,纳入持仓池
2024-01-31,买入,920895,花溪科技,其他,16,1600,12.21,12.21,19536.0,24.42,0.0,0.0,纳入持仓池
2024-01-31,买入,920821,则成电子,其他,12,1200,16.49,16.49,19788.0,24.73,0.0,0.0,纳入持仓池
2024-01-31,买入,920541,铁大科技,其他,31,3100,6.34,6.34,19654.0,24.57,0.0,0.0,纳入持仓池
2024-01-31,买入,920190,雷神科技,其他,10,1000,19.19,19.19,19190.0,23.99,0.0,0.0,纳入持仓池
2024-01-31,买入,920167,同享科技,其他,9,900,21.83,21.83,19647.0,24.56,0.0,0.0,纳入持仓池
2024-01-31,买入,920163,方大新材,其他,18,1800,10.86,10.86,19548.0,24.44,0.0,0.0,纳入持仓池
2024-01-31,买入,920092,汉鑫科技,其他,6,600,28.87,28.87,17322.0,21.65,0.0,0.0,纳入持仓池
2024-01-31,持有,920526,凯华材料,其他,7,700,27.39,27.0,--,--,-273.0,-1.42,继续持有
2024-01-31,持有,920122,中纺标,其他,6,600,29.21,53.53,--,--,14592.0,83.26,继续持有
2024-01-31,持有,920247,华密新材,其他,14,1400,14.11,26.1,--,--,16786.0,84.98,继续持有
2024-01-31,持有,920510,丰光精密,其他,7,700,27.88,24.89,--,--,-2093.0,-10.72,继续持有
2024-01-31,持有,300210,森远股份,环保,23,2300,8.36,8.75,--,--,897.0,4.67,继续持有
2024-01-31,持有,603178,圣龙股份,汽车,7,700,28.46,29.02,--,--,392.0,1.97,继续持有
2024-01-31,持有,920198,微创光电,其他,17,1700,11.43,11.05,--,--,-646.0,-3.32,继续持有
2024-01-31,持有,002855,捷荣技术,电子,7,700,25.91,24.65,--,--,-882.0,-4.86,继续持有
2024-01-31,持有,000766,通化金马,医药生物,15,1500,12.54,14.75,--,--,3315.0,17.62,继续持有
2024-01-31,持有,600630,龙头股份,纺织服饰,13,1300,14.7,13.79,--,--,-1183.0,-6.19,继续持有
2024-01-31,持有,920357,雅葆轩,其他,7,700,26.72,20.2,--,--,-4564.0,-24.4,继续持有
2024-01-31,持有,000628,高新发展,建筑装饰,5,500,38.5,37.87,--,--,-315.0,-1.64,继续持有
2024-01-31,持有,920174,五新隧装,其他,9,900,20.01,21.56,--,--,1395.0,7.75,继续持有
2024-01-31,持有,920171,志晟信息,其他,17,1700,11.18,9.17,--,--,-3417.0,-17.98,继续持有
2024-01-31,持有,920299,灿能电力,其他,20,2000,9.65,9.16,--,--,-980.0,-5.08,继续持有
2024-01-31,持有,920720,吉冈精密,其他,12,1200,16.29,12.28,--,--,-4812.0,-24.62,继续持有
2024-01-31,持有,920221,易实精密,其他,9,900,20.29,16.33,--,--,-3564.0,-19.52,继续持有
2024-01-31,持有,605577,龙版传媒,传媒,8,800,24.05,22.96,--,--,-872.0,-4.53,继续持有
2024-01-31,持有,603099,长白山,社会服务,5,500,39.06,25.65,--,--,-6705.0,-34.33,继续持有
2024-02-20,卖出,600630,龙头股份,纺织服饰,13,1300,14.7,10.81,14053.0,17.57,-5074.57,-26.46,移出持仓池
2024-02-20,卖出,920299,灿能电力,其他,20,2000,9.65,7.17,14340.0,17.93,-4977.93,-25.7,移出持仓池
2024-02-20,卖出,920001,纬达光电,其他,14,1400,13.56,11.68,16352.0,20.44,-2652.44,-13.86,移出持仓池
2024-02-20,卖出,605577,龙版传媒,传媒,8,800,24.05,19.66,15728.0,19.66,-3531.66,-18.25,移出持仓池
2024-02-20,卖出,603099,长白山,社会服务,5,500,39.06,24.22,12110.0,15.14,-7435.14,-37.99,移出持仓池
2024-02-20,卖出,920895,花溪科技,其他,16,1600,12.21,11.8,18880.0,23.6,-679.6,-3.36,移出持仓池
2024-02-20,卖出,920541,铁大科技,其他,31,3100,6.34,5.84,18104.0,22.63,-1572.63,-7.89,移出持仓池
2024-02-20,卖出,920190,雷神科技,其他,10,1000,19.19,18.4,18400.0,23.0,-813.0,-4.12,移出持仓池
2024-02-20,卖出,920163,方大新材,其他,18,1800,10.86,10.65,19170.0,23.96,-401.96,-1.93,移出持仓池
2024-02-20,买入,300255,常山药业,医药生物,17,1700,11.71,11.71,19907.0,24.88,0.0,0.0,纳入持仓池
2024-02-20,买入,601127,赛力斯,汽车,2,200,70.69,70.69,14138.0,17.67,0.0,0.0,纳入持仓池
2024-02-20,买入,603958,哈森股份,纺织服饰,12,1200,16.32,16.32,19584.0,24.48,0.0,0.0,纳入持仓池
2024-02-20,买入,920564,天润科技,其他,15,1500,12.92,12.92,19380.0,24.23,0.0,0.0,纳入持仓池
2024-02-20,买入,920454,同心传动,其他,18,1800,10.86,10.86,19548.0,24.44,0.0,0.0,纳入持仓池
2024-02-20,买入,920427,华维设计,其他,17,1700,11.55,11.55,19635.0,24.54,0.0,0.0,纳入持仓池
2024-02-20,买入,920748,路桥信息,其他,10,1000,19.52,19.52,19520.0,24.4,0.0,0.0,纳入持仓池
2024-02-20,买入,920701,豪声电子,其他,15,1500,13.2,13.2,19800.0,24.75,0.0,0.0,纳入持仓池
2024-02-20,买入,300857,协创数据,电子,4,400,45.55,45.55,18220.0,22.78,0.0,0.0,纳入持仓池
2024-02-20,持有,920526,凯华材料,其他,7,700,27.39,25.15,--,--,-1568.0,-8.18,继续持有
2024-02-20,持有,920122,中纺标,其他,6,600,29.21,51.8,--,--,13554.0,77.34,继续持有
2024-02-20,持有,920753,天纺标,其他,7,700,28.0,28.02,--,--,14.0,0.07,继续持有
2024-02-20,持有,920247,华密新材,其他,14,1400,14.11,23.44,--,--,13062.0,66.12,继续持有
2024-02-20,持有,000628,高新发展,建筑装饰,5,500,38.5,47.32,--,--,4410.0,22.91,继续持有
2024-02-20,持有,920510,丰光精密,其他,7,700,27.88,20.73,--,--,-5005.0,-25.65,继续持有
2024-02-20,持有,603178,圣龙股份,汽车,7,700,28.46,28.55,--,--,63.0,0.32,继续持有
2024-02-20,持有,002855,捷荣技术,电子,7,700,25.91,24.5,--,--,-987.0,-5.44,继续持有
2024-02-20,持有,300765,新诺威,医药生物,7,700,26.88,30.49,--,--,2527.0,13.43,继续持有
2024-02-20,持有,920357,雅葆轩,其他,7,700,26.72,20.41,--,--,-4417.0,-23.62,继续持有
2024-02-20,持有,920198,微创光电,其他,17,1700,11.43,10.55,--,--,-1496.0,-7.7,继续持有
2024-02-20,持有,000017,深中华A,纺织服饰,17,1700,11.69,11.07,--,--,-1054.0,-5.3,继续持有
2024-02-20,持有,000766,通化金马,医药生物,15,1500,12.54,15.32,--,--,4170.0,22.17,继续持有
2024-02-20,持有,300210,森远股份,环保,23,2300,8.36,7.94,--,--,-966.0,-5.02,继续持有
2024-02-20,持有,920221,易实精密,其他,9,900,20.29,15.19,--,--,-4590.0,-25.14,继续持有
2024-02-20,持有,920720,吉冈精密,其他,12,1200,16.29,11.79,--,--,-5400.0,-27.62,继续持有
2024-02-20,持有,920821,则成电子,其他,12,1200,16.49,19.4,--,--,3492.0,17.65,继续持有
2024-02-20,持有,920092,汉鑫科技,其他,6,600,28.87,33.43,--,--,2736.0,15.79,继续持有
2024-02-20,持有,920174,五新隧装,其他,9,900,20.01,21.58,--,--,1413.0,7.85,继续持有
2024-02-20,持有,920171,志晟信息,其他,17,1700,11.18,8.08,--,--,-5270.0,-27.73,继续持有
2024-02-20,持有,920167,同享科技,其他,9,900,21.83,22.0,--,--,153.0,0.78,继续持有
2024-02-29,卖出,002855,捷荣技术,电子,7,700,25.91,30.28,21196.0,26.5,3032.5,16.87,移出持仓池
2024-02-29,卖出,920221,易实精密,其他,9,900,20.29,15.55,13995.0,17.49,-4283.49,-23.36,移出持仓池
2024-02-29,卖出,920174,五新隧装,其他,9,900,20.01,21.28,19152.0,23.94,1119.06,6.35,移出持仓池
2024-02-29,卖出,603958,哈森股份,纺织服饰,12,1200,16.32,14.13,16956.0,21.2,-2649.2,-13.42,移出持仓池
2024-02-29,卖出,920564,天润科技,其他,15,1500,12.92,12.33,18495.0,23.12,-908.12,-4.57,移出持仓池
2024-02-29,卖出,920167,同享科技,其他,9,900,21.83,23.7,21330.0,26.66,1656.34,8.57,移出持仓池
2024-02-29,卖出,920701,豪声电子,其他,15,1500,13.2,14.73,22095.0,27.62,2267.38,11.59,移出持仓池
2024-02-29,卖出,300857,协创数据,电子,4,400,45.55,47.61,19044.0,23.8,800.2,4.52,移出持仓池
2024-02-29,买入,300781,因赛集团,传媒,3,300,54.62,54.62,16386.0,20.48,0.0,0.0,纳入持仓池
2024-02-29,买入,603960,克来机电,机械设备,5,500,36.5,36.5,18250.0,22.81,0.0,0.0,纳入持仓池
2024-02-29,买入,920699,海达尔,其他,10,1000,19.12,19.12,19120.0,23.9,0.0,0.0,纳入持仓池
2024-02-29,买入,920146,华阳变速,其他,36,3600,5.51,5.51,19836.0,24.8,0.0,0.0,纳入持仓池
2024-02-29,买入,920396,常辅股份,其他,13,1300,15.0,15.0,19500.0,24.38,0.0,0.0,纳入持仓池
2024-02-29,买入,300364,中文在线,传媒,6,600,28.87,28.87,17322.0,21.65,0.0,0.0,纳入持仓池
2024-02-29,买入,002952,亚世光电,电子,5,500,33.51,33.51,16755.0,20.94,0.0,0.0,纳入持仓池
2024-02-29,买入,920895,花溪科技,其他,15,1500,12.55,12.55,18825.0,23.53,0.0,0.0,纳入持仓池
2024-02-29,持有,920122,中纺标,其他,6,600,29.21,61.0,--,--,19074.0,108.83,继续持有
2024-02-29,持有,920753,天纺标,其他,7,700,28.0,37.69,--,--,6783.0,34.61,继续持有
2024-02-29,持有,000628,高新发展,建筑装饰,5,500,38.5,73.81,--,--,17655.0,91.71,继续持有
2024-02-29,持有,920526,凯华材料,其他,7,700,27.39,25.85,--,--,-1078.0,-5.62,继续持有
2024-02-29,持有,920247,华密新材,其他,14,1400,14.11,25.36,--,--,15750.0,79.73,继续持有
2024-02-29,持有,920510,丰光精密,其他,7,700,27.88,25.01,--,--,-2009.0,-10.29,继续持有
2024-02-29,持有,300210,森远股份,环保,23,2300,8.36,11.37,--,--,6923.0,36.0,继续持有
2024-02-29,持有,603178,圣龙股份,汽车,7,700,28.46,33.27,--,--,3367.0,16.9,继续持有
2024-02-29,持有,300255,常山药业,医药生物,17,1700,11.71,12.2,--,--,833.0,4.18,继续持有
2024-02-29,持有,300765,新诺威,医药生物,7,700,26.88,34.23,--,--,5145.0,27.34,继续持有
2024-02-29,持有,920198,微创光电,其他,17,1700,11.43,10.83,--,--,-1020.0,-5.25,继续持有
2024-02-29,持有,920357,雅葆轩,其他,7,700,26.72,19.99,--,--,-4711.0,-25.19,继续持有
2024-02-29,持有,000017,深中华A,纺织服饰,17,1700,11.69,10.7,--,--,-1683.0,-8.47,继续持有
2024-02-29,持有,920720,吉冈精密,其他,12,1200,16.29,12.75,--,--,-4248.0,-21.73,继续持有
2024-02-29,持有,920427,华维设计,其他,17,1700,11.55,12.42,--,--,1479.0,7.53,继续持有
2024-02-29,持有,920454,同心传动,其他,18,1800,10.86,11.7,--,--,1512.0,7.73,继续持有
2024-02-29,持有,601127,赛力斯,汽车,2,200,70.69,91.93,--,--,4248.0,30.05,继续持有
2024-02-29,持有,920748,路桥信息,其他,10,1000,19.52,22.06,--,--,2540.0,13.01,继续持有
2024-02-29,持有,920092,汉鑫科技,其他,6,600,28.87,33.85,--,--,2988.0,17.25,继续持有
2024-02-29,持有,920171,志晟信息,其他,17,1700,11.18,9.02,--,--,-3672.0,-19.32,继续持有
2024-02-29,持有,920821,则成电子,其他,12,1200,16.49,18.15,--,--,1992.0,10.07,继续持有
2024-02-29,持有,000766,通化金马,医药生物,15,1500,12.54,15.38,--,--,4260.0,22.65,继续持有
2024-03-15,卖出,300255,常山药业,医药生物,17,1700,11.71,13.03,22151.0,27.69,2216.31,11.27,移出持仓池
2024-03-15,卖出,920427,华维设计,其他,17,1700,11.55,11.25,19125.0,23.91,-533.91,-2.6,移出持仓池
2024-03-15,卖出,920454,同心传动,其他,18,1800,10.86,10.15,18270.0,22.84,-1300.84,-6.54,移出持仓池
2024-03-15,卖出,601127,赛力斯,汽车,2,200,70.69,98.45,19690.0,24.61,5527.39,39.27,移出持仓池
2024-03-15,卖出,920748,路桥信息,其他,10,1000,19.52,19.56,19560.0,24.45,15.55,0.2,移出持仓池
2024-03-15,卖出,920092,汉鑫科技,其他,6,600,28.87,29.86,17916.0,22.39,571.61,3.43,移出持仓池
2024-03-15,卖出,920171,志晟信息,其他,17,1700,11.18,7.83,13311.0,16.64,-5711.64,-29.96,移出持仓池
2024-03-15,卖出,920699,海达尔,其他,10,1000,19.12,16.49,16490.0,20.61,-2650.61,-13.76,移出持仓池
2024-03-15,卖出,920821,则成电子,其他,12,1200,16.49,16.1,19320.0,24.15,-492.15,-2.37,移出持仓池
2024-03-15,卖出,920146,华阳变速,其他,36,3600,5.51,4.97,17892.0,22.37,-1966.37,-9.8,移出持仓池
2024-03-15,卖出,920396,常辅股份,其他,13,1300,15.0,12.9,16770.0,20.96,-2750.96,-14.0,移出持仓池
2024-03-15,卖出,002952,亚世光电,电子,5,500,33.51,29.7,14850.0,18.56,-1923.56,-11.37,移出持仓池
2024-03-15,卖出,920895,花溪科技,其他,15,1500,12.55,10.62,15930.0,19.91,-2914.91,-15.38,移出持仓池
2024-03-15,卖出,000766,通化金马,医药生物,15,1500,12.54,17.13,25695.0,32.12,6852.88,36.6,移出持仓池
2024-03-15,买入,300857,协创数据,电子,3,300,60.51,60.51,18153.0,22.69,0.0,0.0,纳入持仓池
2024-03-15,买入,002786,银宝山新,机械设备,13,1300,14.47,14.47,18811.0,23.51,0.0,0.0,纳入持仓池
2024-03-15,买入,603009,北特科技,汽车,12,1200,16.3,16.3,19560.0,24.45,0.0,0.0,纳入持仓池
2024-03-15,买入,300757,罗博特科,机械设备,1,100,131.7,131.7,13170.0,16.46,0.0,0.0,纳入持仓池
2024-03-15,买入,300394,天孚通信,通信,1,100,156.01,156.01,15601.0,19.5,0.0,0.0,纳入持仓池
2024-03-15,买入,605577,龙版传媒,传媒,9,900,22.21,22.21,19989.0,24.99,0.0,0.0,纳入持仓池
2024-03-15,买入,688685,迈信林,国防军工,2,400,43.0,43.0,17200.0,21.5,0.0,0.0,纳入持仓池
2024-03-15,买入,600178,东安动力,汽车,14,1400,13.8,13.8,19320.0,24.15,0.0,0.0,纳入持仓池
2024-03-15,买入,603615,茶花股份,轻工制造,10,1000,18.85,18.85,18850.0,23.56,0.0,0.0,纳入持仓池
2024-03-15,买入,920221,易实精密,其他,13,1300,14.77,14.77,19201.0,24.0,0.0,0.0,纳入持仓池
2024-03-15,买入,920190,雷神科技,其他,9,900,20.68,20.68,18612.0,23.27,0.0,0.0,纳入持仓池
2024-03-15,买入,301236,软通动力,计算机,3,300,52.78,52.78,15834.0,19.79,0.0,0.0,纳入持仓池
2024-03-15,买入,688278,特宝生物,其他,1,200,65.85,65.85,13170.0,16.46,0.0,0.0,纳入持仓池
2024-03-15,买入,600133,东湖高新,环保,15,1500,12.72,12.72,19080.0,23.85,0.0,0.0,纳入持仓池
2024-03-15,持有,000628,高新发展,建筑装饰,5,500,38.5,83.52,--,--,22510.0,116.94,继续持有
2024-03-15,持有,920122,中纺标,其他,6,600,29.21,57.24,--,--,16818.0,95.96,继续持有
2024-03-15,持有,920753,天纺标,其他,7,700,28.0,36.41,--,--,5887.0,30.04,继续持有
2024-03-15,持有,920526,凯华材料,其他,7,700,27.39,23.2,--,--,-2933.0,-15.3,继续持有
2024-03-15,持有,300210,森远股份,环保,23,2300,8.36,12.86,--,--,10350.0,53.83,继续持有
2024-03-15,持有,920510,丰光精密,其他,7,700,27.88,24.15,--,--,-2611.0,-13.38,继续持有
2024-03-15,持有,920247,华密新材,其他,14,1400,14.11,22.76,--,--,12110.0,61.3,继续持有
2024-03-15,持有,603178,圣龙股份,汽车,7,700,28.46,37.63,--,--,6419.0,32.22,继续持有
2024-03-15,持有,300781,因赛集团,传媒,3,300,54.62,56.92,--,--,690.0,4.21,继续持有
2024-03-15,持有,603960,克来机电,机械设备,5,500,36.5,34.57,--,--,-965.0,-5.29,继续持有
2024-03-15,持有,300765,新诺威,医药生物,7,700,26.88,41.4,--,--,10164.0,54.02,继续持有
2024-03-15,持有,300364,中文在线,传媒,6,600,28.87,28.22,--,--,-390.0,-2.25,继续持有
2024-03-15,持有,920357,雅葆轩,其他,7,700,26.72,17.18,--,--,-6678.0,-35.7,继续持有
2024-03-15,持有,000017,深中华A,纺织服饰,17,1700,11.69,9.38,--,--,-3927.0,-19.76,继续持有
2024-03-15,持有,920720,吉冈精密,其他,12,1200,16.29,11.2,--,--,-6108.0,-31.25,继续持有
2024-03-15,持有,920198,微创光电,其他,17,1700,11.43,8.76,--,--,-4539.0,-23.36,继续持有
2024-04-17,卖出,603178,圣龙股份,汽车,7,700,28.46,26.01,18207.0,22.76,-1737.76,-8.61,移出持仓池
2024-04-17,卖出,002786,银宝山新,机械设备,13,1300,14.47,9.89,12857.0,16.07,-5970.07,-31.65,移出持仓池
2024-04-17,卖出,603009,北特科技,汽车,12,1200,16.3,13.58,16296.0,20.37,-3284.37,-16.69,移出持仓池
2024-04-17,卖出,603960,克来机电,机械设备,5,500,36.5,25.1,12550.0,15.69,-5715.69,-31.23,移出持仓池
2024-04-17,卖出,300757,罗博特科,机械设备,1,100,131.7,107.81,10781.0,13.48,-2402.48,-18.14,移出持仓池
2024-04-17,卖出,300765,新诺威,医药生物,7,700,26.88,36.99,25893.0,32.37,7044.63,37.61,移出持仓池
2024-04-17,卖出,300364,中文在线,传媒,6,600,28.87,23.04,13824.0,17.28,-3515.28,-20.19,移出持仓池
2024-04-17,卖出,605577,龙版传媒,传媒,9,900,22.21,17.62,15858.0,19.82,-4150.82,-20.67,移出持仓池
2024-04-17,卖出,688685,迈信林,国防军工,4,400,43.0,34.02,13608.0,17.01,-3609.01,-20.88,移出持仓池
2024-04-17,卖出,000017,深中华A,纺织服饰,17,1700,11.69,7.85,13345.0,16.68,-6544.68,-32.85,移出持仓池
2024-04-17,卖出,600178,东安动力,汽车,14,1400,13.8,10.32,14448.0,18.06,-4890.06,-25.22,移出持仓池
2024-04-17,卖出,603615,茶花股份,轻工制造,10,1000,18.85,15.75,15750.0,19.69,-3119.69,-16.45,移出持仓池
2024-04-17,卖出,920720,吉冈精密,其他,12,1200,16.29,8.32,9984.0,12.48,-9576.48,-48.93,移出持仓池
2024-04-17,卖出,920190,雷神科技,其他,9,900,20.68,14.72,13248.0,16.56,-5380.56,-28.82,移出持仓池
2024-04-17,卖出,301236,软通动力,计算机,3,300,52.78,42.8,12840.0,16.05,-3010.05,-18.91,移出持仓池
2024-04-17,卖出,920198,微创光电,其他,17,1700,11.43,6.23,10591.0,13.24,-8853.24,-45.49,移出持仓池
2024-04-17,卖出,688278,特宝生物,其他,2,200,65.85,65.37,13074.0,16.34,-112.34,-0.73,移出持仓池
2024-04-17,卖出,600133,东湖高新,环保,15,1500,12.72,10.62,15930.0,19.91,-3169.91,-16.51,移出持仓池
2024-04-17,买入,920508,殷图网联,其他,7,700,25.25,25.25,17675.0,22.09,0.0,0.0,纳入持仓池
2024-04-17,买入,920415,恒拓开源,其他,21,2100,9.2,9.2,19320.0,24.15,0.0,0.0,纳入持仓池
2024-04-17,买入,000099,中信海直,交通运输,10,1000,18.4,18.4,18400.0,23.0,0.0,0.0,纳入持仓池
2024-04-17,买入,301091,深城交,建筑装饰,4,400,42.91,42.91,17164.0,21.46,0.0,0.0,纳入持仓池
2024-04-17,买入,688631,莱斯信息,计算机,1,200,82.33,82.33,16466.0,20.58,0.0,0.0,纳入持仓池
2024-04-17,买入,603556,海兴电力,电力设备,4,400,49.29,49.29,19716.0,24.64,0.0,0.0,纳入持仓池
2024-04-17,买入,601567,三星电气,电力设备,5,500,36.44,36.44,18220.0,22.78,0.0,0.0,纳入持仓池
2024-04-17,买入,920627,力王股份,其他,16,1600,12.35,12.35,19760.0,24.7,0.0,0.0,纳入持仓池
2024-04-17,买入,300502,新易盛,通信,2,200,71.45,71.45,14290.0,17.86,0.0,0.0,纳入持仓池
2024-04-17,买入,603516,淳中科技,计算机,6,600,30.69,30.69,18414.0,23.02,0.0,0.0,纳入持仓池
2024-04-17,买入,300641,正丹股份,基础化工,18,1800,10.6,10.6,19080.0,23.85,0.0,0.0,纳入持仓池
2024-04-17,买入,920924,广脉科技,其他,15,1500,12.77,12.77,19155.0,23.94,0.0,0.0,纳入持仓池
2024-04-17,买入,920701,豪声电子,其他,14,1400,14.19,14.19,19866.0,24.83,0.0,0.0,纳入持仓池
2024-04-17,买入,300411,金盾股份,机械设备,16,1600,12.23,12.23,19568.0,24.46,0.0,0.0,纳入持仓池
2024-04-17,买入,000680,山推股份,其他,21,2100,9.15,9.15,19215.0,24.02,0.0,0.0,纳入持仓池
2024-04-17,买入,603499,翔港科技,轻工制造,10,1000,18.4,18.4,18400.0,23.0,0.0,0.0,纳入持仓池
2024-04-17,买入,600066,宇通客车,汽车,8,800,24.12,24.12,19296.0,24.12,0.0,0.0,纳入持仓池
2024-04-17,买入,920926,鸿智科技,其他,10,1000,19.42,19.42,19420.0,24.28,0.0,0.0,纳入持仓池
2024-04-17,持有,920122,中纺标,其他,6,600,29.21,55.99,--,--,16068.0,91.68,继续持有
2024-04-17,持有,920753,天纺标,其他,7,700,28.0,35.91,--,--,5537.0,28.25,继续持有
2024-04-17,持有,920526,凯华材料,其他,7,700,27.39,17.92,--,--,-6629.0,-34.57,继续持有
2024-04-17,持有,920247,华密新材,其他,14,1400,14.11,19.09,--,--,6972.0,35.29,继续持有
2024-04-17,持有,300781,因赛集团,传媒,3,300,54.62,50.98,--,--,-1092.0,-6.66,继续持有
2024-04-17,持有,300210,森远股份,环保,23,2300,8.36,9.81,--,--,3335.0,17.34,继续持有
2024-04-17,持有,000628,高新发展,建筑装饰,5,500,38.5,55.44,--,--,8470.0,44.0,继续持有
2024-04-17,持有,920510,丰光精密,其他,7,700,27.88,15.0,--,--,-9016.0,-46.2,继续持有
2024-04-17,持有,300857,协创数据,电子,3,300,60.51,55.26,--,--,-1575.0,-8.68,继续持有
2024-04-17,持有,920357,雅葆轩,其他,7,700,26.72,15.21,--,--,-8057.0,-43.08,继续持有
2024-04-17,持有,300394,天孚通信,通信,1,100,156.01,171.71,--,--,1570.0,10.06,继续持有
2024-04-17,持有,920221,易实精密,其他,13,1300,14.77,14.28,--,--,-637.0,-3.32,继续持有
2024-04-30,卖出,300210,森远股份,环保,23,2300,8.36,10.93,25139.0,31.42,5879.58,30.74,移出持仓池
2024-04-30,卖出,301091,深城交,建筑装饰,4,400,42.91,38.7,15480.0,19.35,-1703.35,-9.81,移出持仓池
2024-04-30,卖出,000628,高新发展,建筑装饰,5,500,38.5,46.52,23260.0,29.07,3980.93,20.83,移出持仓池
2024-04-30,卖出,920627,力王股份,其他,16,1600,12.35,11.84,18944.0,23.68,-839.68,-4.13,移出持仓池
2024-04-30,卖出,603516,淳中科技,计算机,6,600,30.69,34.61,20766.0,25.96,2326.04,12.77,移出持仓池
2024-04-30,卖出,920357,雅葆轩,其他,7,700,26.72,13.1,9170.0,11.46,-9545.46,-50.97,移出持仓池
2024-04-30,卖出,000680,山推股份,其他,21,2100,9.15,8.09,16989.0,21.24,-2247.24,-11.58,移出持仓池
2024-04-30,卖出,603499,翔港科技,轻工制造,10,1000,18.4,16.56,16560.0,20.7,-1860.7,-10.0,移出持仓池
2024-04-30,卖出,920221,易实精密,其他,13,1300,14.77,14.6,18980.0,23.73,-244.73,-1.15,移出持仓池
2024-04-30,买入,300107,建新股份,基础化工,18,1800,10.89,10.89,19602.0,24.5,0.0,0.0,纳入持仓池
2024-04-30,买入,300308,中际旭创,通信,1,100,186.31,186.31,18631.0,23.29,0.0,0.0,纳入持仓池
2024-04-30,买入,920699,海达尔,其他,10,1000,18.43,18.43,18430.0,23.04,0.0,0.0,纳入持仓池
2024-04-30,买入,300757,罗博特科,机械设备,1,100,131.0,131.0,13100.0,16.38,0.0,0.0,纳入持仓池
2024-04-30,买入,601918,新集能源,煤炭,22,2200,8.98,8.98,19756.0,24.7,0.0,0.0,纳入持仓池
2024-04-30,买入,688685,迈信林,国防军工,2,400,39.16,39.16,15664.0,19.58,0.0,0.0,纳入持仓池
2024-04-30,买入,605198,安德利,农林牧渔,5,500,38.91,38.91,19455.0,24.32,0.0,0.0,纳入持仓池
2024-04-30,买入,600818,ST中路,汽车,8,800,24.4,24.4,19520.0,24.4,0.0,0.0,纳入持仓池
2024-04-30,买入,002053,云南能投,公用事业,8,800,24.4,24.4,19520.0,24.4,0.0,0.0,纳入持仓池
2024-04-30,持有,920122,中纺标,其他,6,600,29.21,49.32,--,--,12066.0,68.85,继续持有
2024-04-30,持有,920753,天纺标,其他,7,700,28.0,34.0,--,--,4200.0,21.43,继续持有
2024-04-30,持有,300641,正丹股份,基础化工,18,1800,10.6,19.9,--,--,16740.0,87.74,继续持有
2024-04-30,持有,920526,凯华材料,其他,7,700,27.39,18.48,--,--,-6237.0,-32.53,继续持有
2024-04-30,持有,920508,殷图网联,其他,7,700,25.25,20.01,--,--,-3668.0,-20.75,继续持有
2024-04-30,持有,920247,华密新材,其他,14,1400,14.11,18.88,--,--,6678.0,33.81,继续持有
2024-04-30,持有,000099,中信海直,交通运输,10,1000,18.4,22.28,--,--,3880.0,21.09,继续持有
2024-04-30,持有,300502,新易盛,通信,2,200,71.45,86.5,--,--,3010.0,21.06,继续持有
2024-04-30,持有,300781,因赛集团,传媒,3,300,54.62,58.24,--,--,1086.0,6.63,继续持有
2024-04-30,持有,300411,金盾股份,机械设备,16,1600,12.23,15.29,--,--,4896.0,25.02,继续持有
2024-04-30,持有,920510,丰光精密,其他,7,700,27.88,17.05,--,--,-7581.0,-38.85,继续持有
2024-04-30,持有,300394,天孚通信,通信,1,100,156.01,161.35,--,--,534.0,3.42,继续持有
2024-04-30,持有,920415,恒拓开源,其他,21,2100,9.2,7.97,--,--,-2583.0,-13.37,继续持有
2024-04-30,持有,300857,协创数据,电子,3,300,60.51,62.8,--,--,687.0,3.78,继续持有
2024-04-30,持有,601567,三星电气,电力设备,5,500,36.44,33.7,--,--,-1370.0,-7.52,继续持有
2024-04-30,持有,920924,广脉科技,其他,15,1500,12.77,13.4,--,--,945.0,4.93,继续持有
2024-04-30,持有,688631,莱斯信息,计算机,2,200,82.33,77.46,--,--,-974.0,-5.92,继续持有
2024-04-30,持有,600066,宇通客车,汽车,8,800,24.12,25.69,--,--,1256.0,6.51,继续持有
2024-04-30,持有,920701,豪声电子,其他,14,1400,14.19,14.02,--,--,-238.0,-1.2,继续持有
2024-04-30,持有,603556,海兴电力,电力设备,4,400,49.29,45.68,--,--,-1444.0,-7.32,继续持有
2024-04-30,持有,920926,鸿智科技,其他,10,1000,19.42,19.08,--,--,-340.0,-1.75,继续持有
2024-05-20,卖出,920526,凯华材料,其他,7,700,27.39,15.97,11179.0,13.97,-8007.97,-41.69,移出持仓池
2024-05-20,卖出,920508,殷图网联,其他,7,700,25.25,18.48,12936.0,16.17,-4755.17,-26.81,移出持仓池
2024-05-20,卖出,920247,华密新材,其他,14,1400,14.11,14.1,19740.0,24.68,-38.68,-0.07,移出持仓池
2024-05-20,卖出,920510,丰光精密,其他,7,700,27.88,15.46,10822.0,13.53,-8707.53,-44.55,移出持仓池
2024-05-20,卖出,920415,恒拓开源,其他,21,2100,9.2,7.55,15855.0,19.82,-3484.82,-17.93,移出持仓池
2024-05-20,卖出,300857,协创数据,电子,3,300,60.51,59.43,17829.0,22.29,-346.29,-1.78,移出持仓池
2024-05-20,卖出,920924,广脉科技,其他,15,1500,12.77,11.05,16575.0,20.72,-2600.72,-13.47,移出持仓池
2024-05-20,卖出,920699,海达尔,其他,10,1000,18.43,18.1,18100.0,22.62,-352.62,-1.79,移出持仓池
2024-05-20,卖出,920701,豪声电子,其他,14,1400,14.19,14.25,19950.0,24.94,59.06,0.42,移出持仓池
2024-05-20,卖出,605198,安德利,农林牧渔,5,500,38.91,39.21,19605.0,24.51,125.49,0.77,移出持仓池
2024-05-20,卖出,920926,鸿智科技,其他,10,1000,19.42,18.53,18530.0,23.16,-913.16,-4.58,移出持仓池
2024-05-20,卖出,600818,ST中路,汽车,8,800,24.4,21.67,17336.0,21.67,-2205.67,-11.19,移出持仓池
2024-05-20,卖出,002053,云南能投,公用事业,8,800,24.4,21.67,17336.0,21.67,-2205.67,-11.19,移出持仓池
2024-05-20,买入,300175,ST朗源,农林牧渔,15,1500,12.69,12.69,19035.0,23.79,0.0,0.0,纳入持仓池
2024-05-20,买入,000737,北方铜业,有色金属,15,1500,12.98,12.98,19470.0,24.34,0.0,0.0,纳入持仓池
2024-05-20,买入,300563,神宇股份,通信,6,600,32.4,32.4,19440.0,24.3,0.0,0.0,纳入持仓池
2024-05-20,买入,001696,宗申动力,机械设备,14,1400,13.68,13.68,19152.0,23.94,0.0,0.0,纳入持仓池
2024-05-20,买入,300573,兴齐眼药,医药生物,0,0,281.33,281.33,0,0,0.0,0.0,"资金不足一手（需28,133元，分配20,000元）"
2024-05-20,买入,603516,淳中科技,计算机,5,500,38.18,38.18,19090.0,23.86,0.0,0.0,纳入持仓池
2024-05-20,买入,002521,齐峰新材,轻工制造,12,1200,15.4,15.4,18480.0,23.1,0.0,0.0,纳入持仓池
2024-05-20,买入,300719,安达维尔,国防军工,7,700,25.03,25.03,17521.0,21.9,0.0,0.0,纳入持仓池
2024-05-20,买入,603050,科林电气,电力设备,6,600,32.33,32.33,19398.0,24.25,0.0,0.0,纳入持仓池
2024-05-20,买入,301004,嘉益股份,轻工制造,2,200,86.51,86.51,17302.0,21.63,0.0,0.0,纳入持仓池
2024-05-20,买入,688676,金盘科技,电力设备,1,200,57.05,57.05,11410.0,14.26,0.0,0.0,纳入持仓池
2024-05-20,买入,300905,宝丽迪,基础化工,5,500,36.64,36.64,18320.0,22.9,0.0,0.0,纳入持仓池
2024-05-20,买入,300492,华图山鼎,建筑装饰,1,100,108.72,108.72,10872.0,13.59,0.0,0.0,纳入持仓池
2024-05-20,持有,300641,正丹股份,基础化工,18,1800,10.6,24.68,--,--,25344.0,132.83,继续持有
2024-05-20,持有,920122,中纺标,其他,6,600,29.21,42.98,--,--,8262.0,47.14,继续持有
2024-05-20,持有,920753,天纺标,其他,7,700,28.0,30.1,--,--,1470.0,7.5,继续持有
2024-05-20,持有,000099,中信海直,交通运输,10,1000,18.4,21.04,--,--,2640.0,14.35,继续持有
2024-05-20,持有,300107,建新股份,基础化工,18,1800,10.89,12.97,--,--,3744.0,19.1,继续持有
2024-05-20,持有,300411,金盾股份,机械设备,16,1600,12.23,16.26,--,--,6448.0,32.95,继续持有
2024-05-20,持有,603556,海兴电力,电力设备,4,400,49.29,50.55,--,--,504.0,2.56,继续持有
2024-05-20,持有,300502,新易盛,通信,2,200,71.45,90.12,--,--,3734.0,26.13,继续持有
2024-05-20,持有,688631,莱斯信息,计算机,2,200,82.33,74.2,--,--,-1626.0,-9.87,继续持有
2024-05-20,持有,600066,宇通客车,汽车,8,800,24.12,25.55,--,--,1144.0,5.93,继续持有
2024-05-20,持有,601567,三星电气,电力设备,5,500,36.44,34.3,--,--,-1070.0,-5.87,继续持有
2024-05-20,持有,300394,天孚通信,通信,1,100,156.01,144.61,--,--,-1140.0,-7.31,继续持有
2024-05-20,持有,601918,新集能源,煤炭,22,2200,8.98,9.97,--,--,2178.0,11.02,继续持有
2024-05-20,持有,300781,因赛集团,传媒,3,300,54.62,50.4,--,--,-1266.0,-7.73,继续持有
2024-05-20,持有,300308,中际旭创,通信,1,100,186.31,176.86,--,--,-945.0,-5.07,继续持有
2024-05-20,持有,300757,罗博特科,机械设备,1,100,131.0,130.91,--,--,-9.0,-0.07,继续持有
2024-05-20,持有,688685,迈信林,国防军工,4,400,39.16,39.85,--,--,276.0,1.76,继续持有
2024-05-31,卖出,920122,中纺标,其他,6,600,29.21,42.3,25380.0,31.73,7822.27,44.81,移出持仓池
2024-05-31,卖出,300563,神宇股份,通信,6,600,32.4,25.25,15150.0,18.94,-4308.94,-22.07,移出持仓池
2024-05-31,卖出,300394,天孚通信,通信,1,100,156.01,88.56,8856.0,11.07,-6756.07,-43.23,移出持仓池
2024-05-31,卖出,603516,淳中科技,计算机,5,500,38.18,37.02,18510.0,23.14,-603.14,-3.04,移出持仓池
2024-05-31,卖出,300781,因赛集团,传媒,3,300,54.62,45.14,13542.0,16.93,-2860.93,-17.36,移出持仓池
2024-05-31,卖出,300719,安达维尔,国防军工,7,700,25.03,19.57,13699.0,17.12,-3839.12,-21.81,移出持仓池
2024-05-31,卖出,300308,中际旭创,通信,1,100,186.31,157.27,15727.0,19.66,-2923.66,-15.59,移出持仓池
2024-05-31,卖出,300757,罗博特科,机械设备,1,100,131.0,119.04,11904.0,14.88,-1210.88,-9.13,移出持仓池
2024-05-31,卖出,688685,迈信林,国防军工,4,400,39.16,37.3,14920.0,18.65,-762.65,-4.75,移出持仓池
2024-05-31,买入,300290,荣科科技,计算机,15,1500,12.93,12.93,19395.0,24.24,0.0,0.0,纳入持仓池
2024-05-31,买入,601020,华钰矿业,有色金属,11,1100,16.97,16.97,18667.0,23.33,0.0,0.0,纳入持仓池
2024-05-31,买入,000921,海信家电,家用电器,4,400,40.67,40.67,16268.0,20.34,0.0,0.0,纳入持仓池
2024-05-31,买入,600894,广日股份,机械设备,14,1400,13.76,13.76,19264.0,24.08,0.0,0.0,纳入持仓池
2024-05-31,买入,603530,神马电力,电力设备,7,700,27.13,27.13,18991.0,23.74,0.0,0.0,纳入持仓池
2024-05-31,买入,603993,洛阳钼业,有色金属,23,2300,8.34,8.34,19182.0,23.98,0.0,0.0,纳入持仓池
2024-05-31,买入,300956,英力股份,电子,6,600,29.0,29.0,17400.0,21.75,0.0,0.0,纳入持仓池
2024-05-31,买入,002779,中坚科技,机械设备,5,500,36.49,36.49,18245.0,22.81,0.0,0.0,纳入持仓池
2024-05-31,买入,603871,嘉友国际,交通运输,7,700,27.18,27.18,19026.0,23.78,0.0,0.0,纳入持仓池
2024-05-31,买入,600101,明星电力,公用事业,14,1400,14.01,14.01,19614.0,24.52,0.0,0.0,纳入持仓池
2024-05-31,持有,300641,正丹股份,基础化工,18,1800,10.6,24.79,--,--,25542.0,133.87,继续持有
2024-05-31,持有,000099,中信海直,交通运输,10,1000,18.4,17.91,--,--,-490.0,-2.66,继续持有
2024-05-31,持有,300411,金盾股份,机械设备,16,1600,12.23,13.62,--,--,2224.0,11.37,继续持有
2024-05-31,持有,601918,新集能源,煤炭,22,2200,8.98,10.53,--,--,3410.0,17.26,继续持有
2024-05-31,持有,000737,北方铜业,有色金属,15,1500,12.98,11.01,--,--,-2955.0,-15.18,继续持有
2024-05-31,持有,688631,莱斯信息,计算机,2,200,82.33,65.81,--,--,-3304.0,-20.07,继续持有
2024-05-31,持有,300107,建新股份,基础化工,18,1800,10.89,9.67,--,--,-2196.0,-11.2,继续持有
2024-05-31,持有,920753,天纺标,其他,7,700,28.0,28.99,--,--,693.0,3.54,继续持有
2024-05-31,持有,688676,金盘科技,电力设备,2,200,57.05,58.01,--,--,192.0,1.68,继续持有
2024-05-31,持有,600066,宇通客车,汽车,8,800,24.12,24.35,--,--,184.0,0.95,继续持有
2024-05-31,持有,603050,科林电气,电力设备,6,600,32.33,31.54,--,--,-474.0,-2.44,继续持有
2024-05-31,持有,601567,三星电气,电力设备,5,500,36.44,33.97,--,--,-1235.0,-6.78,继续持有
2024-05-31,持有,603556,海兴电力,电力设备,4,400,49.29,47.17,--,--,-848.0,-4.3,继续持有
2024-05-31,持有,301004,嘉益股份,轻工制造,2,200,86.51,80.41,--,--,-1220.0,-7.05,继续持有
2024-05-31,持有,300175,ST朗源,农林牧渔,15,1500,12.69,10.14,--,--,-3825.0,-20.09,继续持有
2024-05-31,持有,300492,华图山鼎,建筑装饰,1,100,108.72,107.85,--,--,-87.0,-0.8,继续持有
2024-05-31,持有,001696,宗申动力,机械设备,14,1400,13.68,11.61,--,--,-2898.0,-15.13,继续持有
2024-05-31,持有,300905,宝丽迪,基础化工,5,500,36.64,33.89,--,--,-1375.0,-7.51,继续持有
2024-05-31,持有,300502,新易盛,通信,2,200,71.45,86.73,--,--,3056.0,21.39,继续持有
2024-05-31,持有,002521,齐峰新材,轻工制造,12,1200,15.4,13.22,--,--,-2616.0,-14.16,继续持有
2024-06-17,卖出,601020,华钰矿业,有色金属,11,1100,16.97,14.17,15587.0,19.48,-3099.48,-16.5,移出持仓池
2024-06-17,卖出,600894,广日股份,机械设备,14,1400,13.76,11.63,16282.0,20.35,-3002.35,-15.48,移出持仓池
2024-06-17,卖出,300107,建新股份,基础化工,18,1800,10.89,8.9,16020.0,20.03,-3602.03,-18.27,移出持仓池
2024-06-17,卖出,920753,天纺标,其他,7,700,28.0,26.37,18459.0,23.07,-1164.07,-5.82,移出持仓池
2024-06-17,卖出,603050,科林电气,电力设备,6,600,32.33,25.79,15474.0,19.34,-3943.34,-20.23,移出持仓池
2024-06-17,卖出,300175,ST朗源,农林牧渔,15,1500,12.69,7.81,11715.0,14.64,-7334.64,-38.46,移出持仓池
2024-06-17,卖出,300492,华图山鼎,建筑装饰,1,100,108.72,104.4,10440.0,13.05,-445.05,-3.97,移出持仓池
2024-06-17,卖出,300905,宝丽迪,基础化工,5,500,36.64,31.22,15610.0,19.51,-2729.51,-14.79,移出持仓池
2024-06-17,卖出,300956,英力股份,电子,6,600,29.0,28.03,16818.0,21.02,-603.02,-3.34,移出持仓池
2024-06-17,卖出,002779,中坚科技,机械设备,5,500,36.49,31.91,15955.0,19.94,-2309.94,-12.55,移出持仓池
2024-06-17,卖出,002521,齐峰新材,轻工制造,12,1200,15.4,12.36,14832.0,18.54,-3666.54,-19.74,移出持仓池
2024-06-17,卖出,603871,嘉友国际,交通运输,7,700,27.18,25.57,17899.0,22.37,-1149.37,-5.92,移出持仓池
2024-06-17,买入,301176,逸豪新材,电子,6,600,31.32,31.32,18792.0,23.49,0.0,0.0,纳入持仓池
2024-06-17,买入,688183,生益电子,电子,4,800,20.98,20.98,16784.0,20.98,0.0,0.0,纳入持仓池
2024-06-17,买入,601138,工业富联,电子,7,700,27.51,27.51,19257.0,24.07,0.0,0.0,纳入持仓池
2024-06-17,买入,300476,胜宏科技,电子,5,500,33.62,33.62,16810.0,21.01,0.0,0.0,纳入持仓池
2024-06-17,买入,002938,鹏鼎控股,电子,5,500,37.95,37.95,18975.0,23.72,0.0,0.0,纳入持仓池
2024-06-17,买入,300563,神宇股份,通信,7,700,26.76,26.76,18732.0,23.41,0.0,0.0,纳入持仓池
2024-06-17,买入,002463,沪电股份,电子,5,500,37.75,37.75,18875.0,23.59,0.0,0.0,纳入持仓池
2024-06-17,买入,001288,运机集团,机械设备,6,600,29.43,29.43,17658.0,22.07,0.0,0.0,纳入持仓池
2024-06-17,买入,002922,伊戈尔,电子,8,800,24.21,24.21,19368.0,24.21,0.0,0.0,纳入持仓池
2024-06-17,买入,000528,柳    工,其他,18,1800,11.09,11.09,19962.0,24.95,0.0,0.0,纳入持仓池
2024-06-17,买入,000400,许继电气,其他,5,500,33.92,33.92,16960.0,21.2,0.0,0.0,纳入持仓池
2024-06-17,买入,002916,深南电路,电子,1,100,109.88,109.88,10988.0,13.73,0.0,0.0,纳入持仓池
2024-06-17,持有,300641,正丹股份,基础化工,18,1800,10.6,32.01,--,--,38538.0,201.98,继续持有
2024-06-17,持有,300502,新易盛,通信,2,200,71.45,110.49,--,--,7808.0,54.64,继续持有
2024-06-17,持有,000099,中信海直,交通运输,10,1000,18.4,17.09,--,--,-1310.0,-7.12,继续持有
2024-06-17,持有,301004,嘉益股份,轻工制造,2,200,86.51,88.69,--,--,436.0,2.52,继续持有
2024-06-17,持有,600066,宇通客车,汽车,8,800,24.12,25.32,--,--,960.0,4.98,继续持有
2024-06-17,持有,300290,荣科科技,计算机,15,1500,12.93,11.1,--,--,-2745.0,-14.15,继续持有
2024-06-17,持有,000921,海信家电,家用电器,4,400,40.67,37.73,--,--,-1176.0,-7.23,继续持有
2024-06-17,持有,601918,新集能源,煤炭,22,2200,8.98,10.0,--,--,2244.0,11.36,继续持有
2024-06-17,持有,688631,莱斯信息,计算机,2,200,82.33,62.3,--,--,-4006.0,-24.33,继续持有
2024-06-17,持有,001696,宗申动力,机械设备,14,1400,13.68,12.22,--,--,-2044.0,-10.67,继续持有
2024-06-17,持有,603530,神马电力,电力设备,7,700,27.13,28.37,--,--,868.0,4.57,继续持有
2024-06-17,持有,300411,金盾股份,机械设备,16,1600,12.23,12.48,--,--,400.0,2.04,继续持有
2024-06-17,持有,688676,金盘科技,电力设备,2,200,57.05,58.28,--,--,246.0,2.16,继续持有
2024-06-17,持有,603556,海兴电力,电力设备,4,400,49.29,48.7,--,--,-236.0,-1.2,继续持有
2024-06-17,持有,000737,北方铜业,有色金属,15,1500,12.98,9.67,--,--,-4965.0,-25.5,继续持有
2024-06-17,持有,601567,三星电气,电力设备,5,500,36.44,33.73,--,--,-1355.0,-7.44,继续持有
2024-06-17,持有,603993,洛阳钼业,有色金属,23,2300,8.34,8.19,--,--,-345.0,-1.8,继续持有
2024-06-17,持有,600101,明星电力,公用事业,14,1400,14.01,13.85,--,--,-224.0,-1.14,继续持有
2024-06-28,卖出,301176,逸豪新材,电子,6,600,31.32,23.29,13974.0,17.47,-4835.47,-25.64,移出持仓池
2024-06-28,卖出,300290,荣科科技,计算机,15,1500,12.93,9.31,13965.0,17.46,-5447.46,-28.0,移出持仓池
2024-06-28,卖出,000921,海信家电,家用电器,4,400,40.67,32.24,12896.0,16.12,-3388.12,-20.73,移出持仓池
2024-06-28,卖出,603530,神马电力,电力设备,7,700,27.13,26.49,18543.0,23.18,-471.18,-2.36,移出持仓池
2024-06-28,卖出,002922,伊戈尔,电子,8,800,24.21,21.86,17488.0,21.86,-1901.86,-9.71,移出持仓池
2024-06-28,卖出,688676,金盘科技,电力设备,2,200,57.05,52.15,10430.0,13.04,-993.04,-8.59,移出持仓池
2024-06-28,卖出,603556,海兴电力,电力设备,4,400,49.29,46.83,18732.0,23.41,-1007.41,-4.99,移出持仓池
2024-06-28,卖出,000737,北方铜业,有色金属,15,1500,12.98,9.28,13920.0,17.4,-5567.4,-28.51,移出持仓池
2024-06-28,卖出,600101,明星电力,公用事业,14,1400,14.01,12.3,17220.0,21.53,-2415.53,-12.21,移出持仓池
2024-06-28,买入,000680,山推股份,其他,21,2100,9.27,9.27,19467.0,24.33,0.0,0.0,纳入持仓池
2024-06-28,买入,300107,建新股份,基础化工,20,2000,9.85,9.85,19700.0,24.62,0.0,0.0,纳入持仓池
2024-06-28,买入,688076,ST诺泰,医药生物,1,200,78.28,78.28,15656.0,19.57,0.0,0.0,纳入持仓池
2024-06-28,买入,600301,华锡有色,有色金属,9,900,20.22,20.22,18198.0,22.75,0.0,0.0,纳入持仓池
2024-06-28,买入,300905,宝丽迪,基础化工,7,700,28.41,28.41,19887.0,24.86,0.0,0.0,纳入持仓池
2024-06-28,买入,601179,中国西电,电力设备,24,2400,8.04,8.04,19296.0,24.12,0.0,0.0,纳入持仓池
2024-06-28,买入,002869,金溢科技,计算机,6,600,32.21,32.21,19326.0,24.16,0.0,0.0,纳入持仓池
2024-06-28,买入,301285,鸿日达,电子,7,700,26.09,26.09,18263.0,22.83,0.0,0.0,纳入持仓池
2024-06-28,买入,600575,淮河能源,煤炭,51,5100,3.89,3.89,19839.0,24.8,0.0,0.0,纳入持仓池
2024-06-28,持有,300641,正丹股份,基础化工,18,1800,10.6,26.59,--,--,28782.0,150.85,继续持有
2024-06-28,持有,300502,新易盛,通信,2,200,71.45,105.55,--,--,6820.0,47.73,继续持有
2024-06-28,持有,601138,工业富联,电子,7,700,27.51,27.4,--,--,-77.0,-0.4,继续持有
2024-06-28,持有,002938,鹏鼎控股,电子,5,500,37.95,39.76,--,--,905.0,4.77,继续持有
2024-06-28,持有,300411,金盾股份,机械设备,16,1600,12.23,13.67,--,--,2304.0,11.77,继续持有
2024-06-28,持有,300476,胜宏科技,电子,5,500,33.62,32.26,--,--,-680.0,-4.05,继续持有
2024-06-28,持有,600066,宇通客车,汽车,8,800,24.12,25.8,--,--,1344.0,6.97,继续持有
2024-06-28,持有,000099,中信海直,交通运输,10,1000,18.4,16.24,--,--,-2160.0,-11.74,继续持有
2024-06-28,持有,688631,莱斯信息,计算机,2,200,82.33,62.02,--,--,-4062.0,-24.67,继续持有
2024-06-28,持有,301004,嘉益股份,轻工制造,2,200,86.51,91.0,--,--,898.0,5.19,继续持有
2024-06-28,持有,688183,生益电子,电子,8,800,20.98,19.38,--,--,-1280.0,-7.63,继续持有
2024-06-28,持有,002463,沪电股份,电子,5,500,37.75,36.5,--,--,-625.0,-3.31,继续持有
2024-06-28,持有,000528,柳    工,其他,18,1800,11.09,11.19,--,--,180.0,0.9,继续持有
2024-06-28,持有,601567,三星电气,电力设备,5,500,36.44,35.0,--,--,-720.0,-3.95,继续持有
2024-06-28,持有,300563,神宇股份,通信,7,700,26.76,25.45,--,--,-917.0,-4.9,继续持有
2024-06-28,持有,601918,新集能源,煤炭,22,2200,8.98,9.75,--,--,1694.0,8.57,继续持有
2024-06-28,持有,002916,深南电路,电子,1,100,109.88,105.77,--,--,-411.0,-3.74,继续持有
2024-06-28,持有,603993,洛阳钼业,有色金属,23,2300,8.34,8.5,--,--,368.0,1.92,继续持有
2024-06-28,持有,000400,许继电气,其他,5,500,33.92,34.41,--,--,245.0,1.44,继续持有
2024-06-28,持有,001288,运机集团,机械设备,6,600,29.43,27.68,--,--,-1050.0,-5.95,继续持有
2024-06-28,持有,001696,宗申动力,机械设备,14,1400,13.68,10.64,--,--,-4256.0,-22.22,继续持有
2024-07-16,卖出,600066,宇通客车,汽车,8,800,24.12,24.05,19240.0,24.05,-80.05,-0.29,移出持仓池
2024-07-16,卖出,000680,山推股份,其他,21,2100,9.27,7.65,16065.0,20.08,-3422.08,-17.48,移出持仓池
2024-07-16,卖出,301004,嘉益股份,轻工制造,2,200,86.51,86.28,17256.0,21.57,-67.57,-0.27,移出持仓池
2024-07-16,卖出,000528,柳    工,其他,18,1800,11.09,10.57,19026.0,23.78,-959.78,-4.69,移出持仓池
2024-07-16,卖出,601567,三星电气,电力设备,5,500,36.44,30.17,15085.0,18.86,-3153.86,-17.21,移出持仓池
2024-07-16,卖出,600301,华锡有色,有色金属,9,900,20.22,19.27,17343.0,21.68,-876.68,-4.7,移出持仓池
2024-07-16,卖出,300905,宝丽迪,基础化工,7,700,28.41,25.2,17640.0,22.05,-2269.05,-11.3,移出持仓池
2024-07-16,卖出,601918,新集能源,煤炭,22,2200,8.98,9.18,20196.0,25.25,414.75,2.23,移出持仓池
2024-07-16,卖出,601179,中国西电,电力设备,24,2400,8.04,7.03,16872.0,21.09,-2445.09,-12.56,移出持仓池
2024-07-16,卖出,301285,鸿日达,电子,7,700,26.09,23.4,16380.0,20.48,-1903.48,-10.31,移出持仓池
2024-07-16,卖出,600575,淮河能源,煤炭,51,5100,3.89,3.57,18207.0,22.76,-1654.76,-8.23,移出持仓池
2024-07-16,卖出,000400,许继电气,其他,5,500,33.92,30.41,15205.0,19.01,-1774.01,-10.35,移出持仓池
2024-07-16,卖出,001288,运机集团,机械设备,6,600,29.43,26.65,15990.0,19.99,-1687.99,-9.45,移出持仓池
2024-07-16,买入,600733,北汽蓝谷,汽车,19,1900,10.39,10.39,19741.0,24.68,0.0,0.0,纳入持仓池
2024-07-16,买入,600489,中金黄金,有色金属,11,1100,17.87,17.87,19657.0,24.57,0.0,0.0,纳入持仓池
2024-07-16,买入,002384,东山精密,电子,6,600,28.82,28.82,17292.0,21.62,0.0,0.0,纳入持仓池
2024-07-16,买入,300290,荣科科技,计算机,19,1900,10.38,10.38,19722.0,24.65,0.0,0.0,纳入持仓池
2024-07-16,买入,603516,淳中科技,计算机,5,500,36.96,36.96,18480.0,23.1,0.0,0.0,纳入持仓池
2024-07-16,买入,000737,北方铜业,有色金属,19,1900,10.51,10.51,19969.0,24.96,0.0,0.0,纳入持仓池
2024-07-16,买入,002273,水晶光电,电子,9,900,20.65,20.65,18585.0,23.23,0.0,0.0,纳入持仓池
2024-07-16,买入,688256,寒武纪,电子,0,0,249.84,249.84,0,0,0.0,0.0,"资金不足一手（需49,968元，分配20,000元）"
2024-07-16,买入,600611,大众交通,交通运输,40,4000,4.9,4.9,19600.0,24.5,0.0,0.0,纳入持仓池
2024-07-16,买入,300433,蓝思科技,电子,9,900,20.44,20.44,18396.0,23.0,0.0,0.0,纳入持仓池
2024-07-16,买入,603960,克来机电,机械设备,9,900,20.65,20.65,18585.0,23.23,0.0,0.0,纳入持仓池
2024-07-16,买入,603228,景旺电子,电子,6,600,31.79,31.79,19074.0,23.84,0.0,0.0,纳入持仓池
2024-07-16,买入,300836,佰奥智能,机械设备,4,400,40.25,40.25,16100.0,20.12,0.0,0.0,纳入持仓池
2024-07-16,持有,300641,正丹股份,基础化工,18,1800,10.6,27.25,--,--,29970.0,157.08,继续持有
2024-07-16,持有,688183,生益电子,电子,8,800,20.98,27.65,--,--,5336.0,31.79,继续持有
2024-07-16,持有,300563,神宇股份,通信,7,700,26.76,38.28,--,--,8064.0,43.05,继续持有
2024-07-16,持有,300476,胜宏科技,电子,5,500,33.62,41.65,--,--,4015.0,23.88,继续持有
2024-07-16,持有,002916,深南电路,电子,1,100,109.88,130.5,--,--,2062.0,18.77,继续持有
2024-07-16,持有,002938,鹏鼎控股,电子,5,500,37.95,40.42,--,--,1235.0,6.51,继续持有
2024-07-16,持有,300502,新易盛,通信,2,200,71.45,113.99,--,--,8508.0,59.54,继续持有
2024-07-16,持有,300107,建新股份,基础化工,20,2000,9.85,8.92,--,--,-1860.0,-9.44,继续持有
2024-07-16,持有,000099,中信海直,交通运输,10,1000,18.4,16.11,--,--,-2290.0,-12.45,继续持有
2024-07-16,持有,688631,莱斯信息,计算机,2,200,82.33,56.79,--,--,-5108.0,-31.02,继续持有
2024-07-16,持有,601138,工业富联,电子,7,700,27.51,27.46,--,--,-35.0,-0.18,继续持有
2024-07-16,持有,300411,金盾股份,机械设备,16,1600,12.23,11.74,--,--,-784.0,-4.01,继续持有
2024-07-16,持有,001696,宗申动力,机械设备,14,1400,13.68,10.38,--,--,-4620.0,-24.12,继续持有
2024-07-16,持有,002869,金溢科技,计算机,6,600,32.21,31.34,--,--,-522.0,-2.7,继续持有
2024-07-16,持有,603993,洛阳钼业,有色金属,23,2300,8.34,9.17,--,--,1909.0,9.95,继续持有
2024-07-16,持有,688076,ST诺泰,医药生物,2,200,78.28,69.66,--,--,-1724.0,-11.01,继续持有
2024-07-16,持有,002463,沪电股份,电子,5,500,37.75,39.71,--,--,980.0,5.19,继续持有
2024-07-31,卖出,002916,深南电路,电子,1,100,109.88,110.67,11067.0,13.83,65.17,0.72,移出持仓池
2024-07-31,卖出,002938,鹏鼎控股,电子,5,500,37.95,37.28,18640.0,23.3,-358.3,-1.77,移出持仓池
2024-07-31,卖出,600489,中金黄金,有色金属,11,1100,17.87,16.06,17666.0,22.08,-2013.08,-10.13,移出持仓池
2024-07-31,卖出,002384,东山精密,电子,6,600,28.82,24.91,14946.0,18.68,-2364.68,-13.57,移出持仓池
2024-07-31,卖出,300502,新易盛,通信,2,200,71.45,99.77,19954.0,24.94,5639.06,39.64,移出持仓池
2024-07-31,卖出,000737,北方铜业,有色金属,19,1900,10.51,9.04,17176.0,21.47,-2814.47,-13.99,移出持仓池
2024-07-31,卖出,000099,中信海直,交通运输,10,1000,18.4,19.31,19310.0,24.14,885.86,4.95,移出持仓池
2024-07-31,卖出,002273,水晶光电,电子,9,900,20.65,18.23,16407.0,20.51,-2198.51,-11.72,移出持仓池
2024-07-31,卖出,601138,工业富联,电子,7,700,27.51,23.84,16688.0,20.86,-2589.86,-13.34,移出持仓池
2024-07-31,卖出,300433,蓝思科技,电子,9,900,20.44,17.85,16065.0,20.08,-2351.08,-12.67,移出持仓池
2024-07-31,卖出,603993,洛阳钼业,有色金属,23,2300,8.34,7.47,17181.0,21.48,-2022.48,-10.43,移出持仓池
2024-07-31,卖出,688076,ST诺泰,医药生物,2,200,78.28,70.2,14040.0,17.55,-1633.55,-10.32,移出持仓池
2024-07-31,卖出,603960,克来机电,机械设备,9,900,20.65,21.29,19161.0,23.95,552.05,3.1,移出持仓池
2024-07-31,卖出,603228,景旺电子,电子,6,600,31.79,25.99,15594.0,19.49,-3499.49,-18.24,移出持仓池
2024-07-31,卖出,002463,沪电股份,电子,5,500,37.75,33.48,16740.0,20.93,-2155.93,-11.31,移出持仓池
2024-07-31,买入,600686,金龙汽车,汽车,12,1200,15.71,15.71,18852.0,23.57,0.0,0.0,纳入持仓池
2024-07-31,买入,300843,胜蓝股份,电子,6,600,32.66,32.66,19596.0,24.5,0.0,0.0,纳入持仓池
2024-07-31,买入,301036,双乐股份,基础化工,6,600,32.93,32.93,19758.0,24.7,0.0,0.0,纳入持仓池
2024-07-31,买入,603580,*ST艾艾,基础化工,9,900,20.67,20.67,18603.0,23.25,0.0,0.0,纳入持仓池
2024-07-31,买入,300061,旗天科技,传媒,22,2200,8.71,8.71,19162.0,23.95,0.0,0.0,纳入持仓池
2024-07-31,买入,300905,宝丽迪,基础化工,7,700,25.55,25.55,17885.0,22.36,0.0,0.0,纳入持仓池
2024-07-31,买入,301176,逸豪新材,电子,10,1000,19.73,19.73,19730.0,24.66,0.0,0.0,纳入持仓池
2024-07-31,买入,300552,万集科技,计算机,5,500,33.6,33.6,16800.0,21.0,0.0,0.0,纳入持仓池
2024-07-31,买入,300956,英力股份,电子,10,1000,18.35,18.35,18350.0,22.94,0.0,0.0,纳入持仓池
2024-07-31,买入,300807,天迈科技,计算机,5,500,34.78,34.78,17390.0,21.74,0.0,0.0,纳入持仓池
2024-07-31,买入,002232,启明信息,计算机,7,700,25.09,25.09,17563.0,21.95,0.0,0.0,纳入持仓池
2024-07-31,买入,301079,邵阳液压,机械设备,10,1000,19.84,19.84,19840.0,24.8,0.0,0.0,纳入持仓池
2024-07-31,买入,300100,双林股份,汽车,15,1500,13.08,13.08,19620.0,24.53,0.0,0.0,纳入持仓池
2024-07-31,买入,600171,上海贝岭,电子,8,800,24.25,24.25,19400.0,24.25,0.0,0.0,纳入持仓池
2024-07-31,买入,300281,金明精机,其他,29,2900,6.79,6.79,19691.0,24.61,0.0,0.0,纳入持仓池
2024-07-31,持有,300641,正丹股份,基础化工,18,1800,10.6,27.59,--,--,30582.0,160.28,继续持有
2024-07-31,持有,300563,神宇股份,通信,7,700,26.76,39.91,--,--,9205.0,49.14,继续持有
2024-07-31,持有,600611,大众交通,交通运输,40,4000,4.9,9.93,--,--,20120.0,102.65,继续持有
2024-07-31,持有,688183,生益电子,电子,8,800,20.98,23.62,--,--,2112.0,12.58,继续持有
2024-07-31,持有,300411,金盾股份,机械设备,16,1600,12.23,12.46,--,--,368.0,1.88,继续持有
2024-07-31,持有,300107,建新股份,基础化工,20,2000,9.85,9.99,--,--,280.0,1.42,继续持有
2024-07-31,持有,002869,金溢科技,计算机,6,600,32.21,32.48,--,--,162.0,0.84,继续持有
2024-07-31,持有,300290,荣科科技,计算机,19,1900,10.38,10.33,--,--,-95.0,-0.48,继续持有
2024-07-31,持有,688631,莱斯信息,计算机,2,200,82.33,64.0,--,--,-3666.0,-22.26,继续持有
2024-07-31,持有,300836,佰奥智能,机械设备,4,400,40.25,37.92,--,--,-932.0,-5.79,继续持有
2024-07-31,持有,603516,淳中科技,计算机,5,500,36.96,32.26,--,--,-2350.0,-12.72,继续持有
2024-07-31,持有,001696,宗申动力,机械设备,14,1400,13.68,12.96,--,--,-1008.0,-5.26,继续持有
2024-07-31,持有,688256,寒武纪,电子,--,--,--,264.06,--,--,0.0,0.0,继续持有
2024-07-31,持有,600733,北汽蓝谷,汽车,19,1900,10.39,9.59,--,--,-1520.0,-7.7,继续持有
2024-07-31,持有,300476,胜宏科技,电子,5,500,33.62,38.55,--,--,2465.0,14.66,继续持有
2024-08-16,卖出,002869,金溢科技,计算机,6,600,32.21,25.92,15552.0,19.44,-3793.44,-19.53,移出持仓池
2024-08-16,卖出,300290,荣科科技,计算机,19,1900,10.38,9.53,18107.0,22.63,-1637.63,-8.19,移出持仓池
2024-08-16,卖出,300843,胜蓝股份,电子,6,600,32.66,26.5,15900.0,19.88,-3715.88,-18.86,移出持仓池
2024-08-16,卖出,300061,旗天科技,传媒,22,2200,8.71,6.2,13640.0,17.05,-5539.05,-28.82,移出持仓池
2024-08-16,卖出,603516,淳中科技,计算机,5,500,36.96,28.06,14030.0,17.54,-4467.54,-24.08,移出持仓池
2024-08-16,卖出,300552,万集科技,计算机,5,500,33.6,29.04,14520.0,18.15,-2298.15,-13.57,移出持仓池
2024-08-16,卖出,300956,英力股份,电子,10,1000,18.35,18.5,18500.0,23.12,126.88,0.82,移出持仓池
2024-08-16,卖出,300807,天迈科技,计算机,5,500,34.78,27.82,13910.0,17.39,-3497.39,-20.01,移出持仓池
2024-08-16,卖出,002232,启明信息,计算机,7,700,25.09,19.62,13734.0,17.17,-3846.17,-21.8,移出持仓池
2024-08-16,卖出,301079,邵阳液压,机械设备,10,1000,19.84,15.8,15800.0,19.75,-4059.75,-20.36,移出持仓池
2024-08-16,卖出,600733,北汽蓝谷,汽车,19,1900,10.39,7.46,14174.0,17.72,-5584.72,-28.2,移出持仓池
2024-08-16,卖出,300281,金明精机,其他,29,2900,6.79,4.86,14094.0,17.62,-5614.62,-28.42,移出持仓池
2024-08-16,买入,300622,博士眼镜,商贸零售,5,500,37.81,37.81,18905.0,23.63,0.0,0.0,纳入持仓池
2024-08-16,买入,300147,*ST香雪,医药生物,22,2200,8.85,8.85,19470.0,24.34,0.0,0.0,纳入持仓池
2024-08-16,买入,301182,凯旺科技,计算机,7,700,28.36,28.36,19852.0,24.82,0.0,0.0,纳入持仓池
2024-08-16,买入,688090,瑞松科技,机械设备,2,400,44.0,44.0,17600.0,22.0,0.0,0.0,纳入持仓池
2024-08-16,买入,600843,上工申贝,机械设备,23,2300,8.38,8.38,19274.0,24.09,0.0,0.0,纳入持仓池
2024-08-16,买入,002827,高争民爆,基础化工,7,700,25.35,25.35,17745.0,22.18,0.0,0.0,纳入持仓池
2024-08-16,买入,301288,*ST清研,环保,8,800,24.16,24.16,19328.0,24.16,0.0,0.0,纳入持仓池
2024-08-16,买入,600326,西藏天路,建筑材料,33,3300,6.01,6.01,19833.0,24.79,0.0,0.0,纳入持仓池
2024-08-16,买入,002938,鹏鼎控股,电子,5,500,33.7,33.7,16850.0,21.06,0.0,0.0,纳入持仓池
2024-08-16,买入,600216,浙江医药,医药生物,12,1200,15.71,15.71,18852.0,23.57,0.0,0.0,纳入持仓池
2024-08-16,买入,002916,深南电路,电子,1,100,107.7,107.7,10770.0,13.46,0.0,0.0,纳入持仓池
2024-08-16,买入,300502,新易盛,通信,2,200,98.2,98.2,19640.0,24.55,0.0,0.0,纳入持仓池
2024-08-16,持有,300641,正丹股份,基础化工,18,1800,10.6,20.08,--,--,17064.0,89.43,继续持有
2024-08-16,持有,300563,神宇股份,通信,7,700,26.76,39.56,--,--,8960.0,47.83,继续持有
2024-08-16,持有,600611,大众交通,交通运输,40,4000,4.9,8.8,--,--,15600.0,79.59,继续持有
2024-08-16,持有,600686,金龙汽车,汽车,12,1200,15.71,17.81,--,--,2520.0,13.37,继续持有
2024-08-16,持有,688183,生益电子,电子,8,800,20.98,20.15,--,--,-664.0,-3.96,继续持有
2024-08-16,持有,001696,宗申动力,机械设备,14,1400,13.68,12.1,--,--,-2212.0,-11.55,继续持有
2024-08-16,持有,300107,建新股份,基础化工,20,2000,9.85,8.54,--,--,-2620.0,-13.3,继续持有
2024-08-16,持有,300411,金盾股份,机械设备,16,1600,12.23,10.79,--,--,-2304.0,-11.77,继续持有
2024-08-16,持有,603580,*ST艾艾,基础化工,9,900,20.67,19.61,--,--,-954.0,-5.13,继续持有
2024-08-16,持有,688631,莱斯信息,计算机,2,200,82.33,52.99,--,--,-5868.0,-35.64,继续持有
2024-08-16,持有,600171,上海贝岭,电子,8,800,24.25,22.78,--,--,-1176.0,-6.06,继续持有
2024-08-16,持有,688256,寒武纪,电子,--,--,--,244.6,--,--,0.0,0.0,继续持有
2024-08-16,持有,300836,佰奥智能,机械设备,4,400,40.25,37.0,--,--,-1300.0,-8.07,继续持有
2024-08-16,持有,300476,胜宏科技,电子,5,500,33.62,34.59,--,--,485.0,2.89,继续持有
2024-08-16,持有,301036,双乐股份,基础化工,6,600,32.93,27.17,--,--,-3456.0,-17.49,继续持有
2024-08-16,持有,300905,宝丽迪,基础化工,7,700,25.55,22.53,--,--,-2114.0,-11.82,继续持有
2024-08-16,持有,300100,双林股份,汽车,15,1500,13.08,13.1,--,--,30.0,0.15,继续持有
2024-08-16,持有,301176,逸豪新材,电子,10,1000,19.73,18.73,--,--,-1000.0,-5.07,继续持有
2024-08-30,卖出,300411,金盾股份,机械设备,16,1600,12.23,10.26,16416.0,20.52,-3172.52,-16.11,移出持仓池
2024-08-30,卖出,603580,*ST艾艾,基础化工,9,900,20.67,18.27,16443.0,20.55,-2180.55,-11.61,移出持仓池
2024-08-30,卖出,301182,凯旺科技,计算机,7,700,28.36,20.49,14343.0,17.93,-5526.93,-27.75,移出持仓池
2024-08-30,卖出,688090,瑞松科技,机械设备,4,400,44.0,39.45,15780.0,19.73,-1839.73,-10.34,移出持仓池
2024-08-30,卖出,301288,*ST清研,环保,8,800,24.16,14.12,11296.0,14.12,-8046.12,-41.56,移出持仓池
2024-08-30,卖出,600326,西藏天路,建筑材料,33,3300,6.01,5.67,18711.0,23.39,-1145.39,-5.66,移出持仓池
2024-08-30,卖出,300476,胜宏科技,电子,5,500,33.62,33.82,16910.0,21.14,78.86,0.59,移出持仓池
2024-08-30,卖出,002916,深南电路,电子,1,100,107.7,100.78,10078.0,12.6,-704.6,-6.43,移出持仓池
2024-08-30,卖出,300100,双林股份,汽车,15,1500,13.08,11.6,17400.0,21.75,-2241.75,-11.31,移出持仓池
2024-08-30,卖出,300502,新易盛,通信,2,200,98.2,93.79,18758.0,23.45,-905.45,-4.49,移出持仓池
2024-08-30,买入,300562,乐心医疗,医药生物,13,1300,14.95,14.95,19435.0,24.29,0.0,0.0,纳入持仓池
2024-08-30,买入,000908,ST景峰,医药生物,45,4500,4.38,4.38,19710.0,24.64,0.0,0.0,纳入持仓池
2024-08-30,买入,003001,中岩大地,建筑装饰,9,900,20.65,20.65,18585.0,23.23,0.0,0.0,纳入持仓池
2024-08-30,买入,002384,东山精密,电子,8,800,23.79,23.79,19032.0,23.79,0.0,0.0,纳入持仓池
2024-08-30,买入,300184,力源信息,电子,25,2500,7.73,7.73,19325.0,24.16,0.0,0.0,纳入持仓池
2024-08-30,买入,002600,领益智造,电子,23,2300,8.38,8.38,19274.0,24.09,0.0,0.0,纳入持仓池
2024-08-30,买入,920821,则成电子,其他,7,700,25.66,25.66,17962.0,22.45,0.0,0.0,纳入持仓池
2024-08-30,买入,002273,水晶光电,电子,11,1100,17.85,17.85,19635.0,24.54,0.0,0.0,纳入持仓池
2024-08-30,买入,300843,胜蓝股份,电子,8,800,24.62,24.62,19696.0,24.62,0.0,0.0,纳入持仓池
2024-08-30,买入,300577,开润股份,纺织服饰,10,1000,19.46,19.46,19460.0,24.32,0.0,0.0,纳入持仓池
2024-08-30,持有,300641,正丹股份,基础化工,18,1800,10.6,19.36,--,--,15768.0,82.64,继续持有
2024-08-30,持有,600611,大众交通,交通运输,40,4000,4.9,9.49,--,--,18360.0,93.67,继续持有
2024-08-30,持有,300563,神宇股份,通信,7,700,26.76,39.06,--,--,8610.0,45.96,继续持有
2024-08-30,持有,001696,宗申动力,机械设备,14,1400,13.68,12.18,--,--,-2100.0,-10.96,继续持有
2024-08-30,持有,600686,金龙汽车,汽车,12,1200,15.71,13.31,--,--,-2880.0,-15.28,继续持有
2024-08-30,持有,688183,生益电子,电子,8,800,20.98,19.12,--,--,-1488.0,-8.87,继续持有
2024-08-30,持有,300147,*ST香雪,医药生物,22,2200,8.85,7.05,--,--,-3960.0,-20.34,继续持有
2024-08-30,持有,301036,双乐股份,基础化工,6,600,32.93,32.03,--,--,-540.0,-2.73,继续持有
2024-08-30,持有,300107,建新股份,基础化工,20,2000,9.85,8.29,--,--,-3120.0,-15.84,继续持有
2024-08-30,持有,300622,博士眼镜,商贸零售,5,500,37.81,27.62,--,--,-5095.0,-26.95,继续持有
2024-08-30,持有,600843,上工申贝,机械设备,23,2300,8.38,7.37,--,--,-2323.0,-12.05,继续持有
2024-08-30,持有,300905,宝丽迪,基础化工,7,700,25.55,22.26,--,--,-2303.0,-12.88,继续持有
2024-08-30,持有,002938,鹏鼎控股,电子,5,500,33.7,35.8,--,--,1050.0,6.23,继续持有
2024-08-30,持有,688631,莱斯信息,计算机,2,200,82.33,53.2,--,--,-5826.0,-35.38,继续持有
2024-08-30,持有,600171,上海贝岭,电子,8,800,24.25,20.64,--,--,-2888.0,-14.89,继续持有
2024-08-30,持有,300836,佰奥智能,机械设备,4,400,40.25,39.63,--,--,-248.0,-1.54,继续持有
2024-08-30,持有,002827,高争民爆,基础化工,7,700,25.35,24.71,--,--,-448.0,-2.52,继续持有
2024-08-30,持有,600216,浙江医药,医药生物,12,1200,15.71,14.49,--,--,-1464.0,-7.77,继续持有
2024-08-30,持有,301176,逸豪新材,电子,10,1000,19.73,17.91,--,--,-1820.0,-9.22,继续持有
2024-08-30,持有,688256,寒武纪,电子,--,--,--,256.69,--,--,0.0,0.0,继续持有
2024-09-13,卖出,300562,乐心医疗,医药生物,13,1300,14.95,10.57,13741.0,17.18,-5711.18,-29.3,移出持仓池
2024-09-13,卖出,300107,建新股份,基础化工,20,2000,9.85,8.02,16040.0,20.05,-3680.05,-18.58,移出持仓池
2024-09-13,卖出,600843,上工申贝,机械设备,23,2300,8.38,7.17,16491.0,20.61,-2803.61,-14.44,移出持仓池
2024-09-13,卖出,002384,东山精密,电子,8,800,23.79,20.23,16184.0,20.23,-2868.23,-14.96,移出持仓池
2024-09-13,卖出,688631,莱斯信息,计算机,2,200,82.33,48.79,9758.0,12.2,-6720.2,-40.74,移出持仓池
2024-09-13,卖出,300184,力源信息,电子,25,2500,7.73,5.7,14250.0,17.81,-5092.81,-26.26,移出持仓池
2024-09-13,卖出,002600,领益智造,电子,23,2300,8.38,6.21,14283.0,17.85,-5008.85,-25.89,移出持仓池
2024-09-13,卖出,002273,水晶光电,电子,11,1100,17.85,16.12,17732.0,22.16,-1925.16,-9.69,移出持仓池
2024-09-13,卖出,301176,逸豪新材,电子,10,1000,19.73,16.26,16260.0,20.32,-3490.32,-17.59,移出持仓池
2024-09-13,卖出,300843,胜蓝股份,电子,8,800,24.62,22.12,17696.0,22.12,-2022.12,-10.15,移出持仓池
2024-09-13,买入,600550,保变电气,电力设备,23,2300,8.51,8.51,19573.0,24.47,0.0,0.0,纳入持仓池
2024-09-13,买入,300746,汉嘉数智,建筑装饰,17,1700,11.39,11.39,19363.0,24.2,0.0,0.0,纳入持仓池
2024-09-13,买入,603559,ST通脉,通信,27,2700,7.33,7.33,19791.0,24.74,0.0,0.0,纳入持仓池
2024-09-13,买入,300139,晓程科技,有色金属,16,1600,12.49,12.49,19984.0,24.98,0.0,0.0,纳入持仓池
2024-09-13,买入,000566,海南海药,其他,36,3600,5.43,5.43,19548.0,24.44,0.0,0.0,纳入持仓池
2024-09-13,买入,688090,瑞松科技,机械设备,2,400,39.73,39.73,15892.0,19.87,0.0,0.0,纳入持仓池
2024-09-13,买入,300061,旗天科技,传媒,29,2900,6.78,6.78,19662.0,24.58,0.0,0.0,纳入持仓池
2024-09-13,买入,002488,金固股份,其他,25,2500,7.77,7.77,19425.0,24.28,0.0,0.0,纳入持仓池
2024-09-13,买入,003006,百亚股份,美容护理,8,800,23.31,23.31,18648.0,23.31,0.0,0.0,纳入持仓池
2024-09-13,买入,301004,嘉益股份,轻工制造,2,200,89.52,89.52,17904.0,22.38,0.0,0.0,纳入持仓池
2024-09-13,买入,600187,*ST国中,环保,61,6100,3.25,3.25,19825.0,24.78,0.0,0.0,纳入持仓池
2024-09-13,持有,300641,正丹股份,基础化工,18,1800,10.6,16.85,--,--,11250.0,58.96,继续持有
2024-09-13,持有,600611,大众交通,交通运输,40,4000,4.9,6.76,--,--,7440.0,37.96,继续持有
2024-09-13,持有,300563,神宇股份,通信,7,700,26.76,27.47,--,--,497.0,2.65,继续持有
2024-09-13,持有,000908,ST景峰,医药生物,45,4500,4.38,4.79,--,--,1845.0,9.36,继续持有
2024-09-13,持有,688183,生益电子,电子,8,800,20.98,17.68,--,--,-2640.0,-15.73,继续持有
2024-09-13,持有,300905,宝丽迪,基础化工,7,700,25.55,24.66,--,--,-623.0,-3.48,继续持有
2024-09-13,持有,600216,浙江医药,医药生物,12,1200,15.71,14.94,--,--,-924.0,-4.9,继续持有
2024-09-13,持有,001696,宗申动力,机械设备,14,1400,13.68,11.43,--,--,-3150.0,-16.45,继续持有
2024-09-13,持有,301036,双乐股份,基础化工,6,600,32.93,27.99,--,--,-2964.0,-15.0,继续持有
2024-09-13,持有,920821,则成电子,其他,7,700,25.66,23.28,--,--,-1666.0,-9.28,继续持有
2024-09-13,持有,003001,中岩大地,建筑装饰,9,900,20.65,21.42,--,--,693.0,3.73,继续持有
2024-09-13,持有,600686,金龙汽车,汽车,12,1200,15.71,11.15,--,--,-5472.0,-29.03,继续持有
2024-09-13,持有,300147,*ST香雪,医药生物,22,2200,8.85,6.42,--,--,-5346.0,-27.46,继续持有
2024-09-13,持有,002827,高争民爆,基础化工,7,700,25.35,23.68,--,--,-1169.0,-6.59,继续持有
2024-09-13,持有,600171,上海贝岭,电子,8,800,24.25,19.75,--,--,-3600.0,-18.56,继续持有
2024-09-13,持有,300577,开润股份,纺织服饰,10,1000,19.46,20.0,--,--,540.0,2.77,继续持有
2024-09-13,持有,002938,鹏鼎控股,电子,5,500,33.7,33.75,--,--,25.0,0.15,继续持有
2024-09-13,持有,300836,佰奥智能,机械设备,4,400,40.25,35.02,--,--,-2092.0,-12.99,继续持有
2024-09-13,持有,300622,博士眼镜,商贸零售,5,500,37.81,22.9,--,--,-7455.0,-39.43,继续持有
2024-09-30,卖出,000908,ST景峰,医药生物,45,4500,4.38,3.41,15345.0,19.18,-4384.18,-22.15,移出持仓池
2024-09-30,卖出,600216,浙江医药,医药生物,12,1200,15.71,17.32,20784.0,25.98,1906.02,10.25,移出持仓池
2024-09-30,卖出,001696,宗申动力,机械设备,14,1400,13.68,14.75,20650.0,25.81,1472.19,7.82,移出持仓池
2024-09-30,卖出,003001,中岩大地,建筑装饰,9,900,20.65,26.37,23733.0,29.67,5118.33,27.7,移出持仓池
2024-09-30,卖出,600686,金龙汽车,汽车,12,1200,15.71,13.49,16188.0,20.23,-2684.23,-14.13,移出持仓池
2024-09-30,卖出,603559,ST通脉,通信,27,2700,7.33,7.8,21060.0,26.32,1242.68,6.41,移出持仓池
2024-09-30,卖出,300577,开润股份,纺织服饰,10,1000,19.46,24.72,24720.0,30.9,5229.1,27.03,移出持仓池
2024-09-30,卖出,300139,晓程科技,有色金属,16,1600,12.49,16.46,26336.0,32.92,6319.08,31.79,移出持仓池
2024-09-30,卖出,000566,海南海药,其他,36,3600,5.43,4.32,15552.0,19.44,-4015.44,-20.44,移出持仓池
2024-09-30,卖出,002488,金固股份,其他,25,2500,7.77,8.66,21650.0,27.06,2197.94,11.45,移出持仓池
2024-09-30,卖出,003006,百亚股份,美容护理,8,800,23.31,26.69,21352.0,26.69,2677.31,14.5,移出持仓池
2024-09-30,卖出,002938,鹏鼎控股,电子,5,500,33.7,35.77,17885.0,22.36,1012.64,6.14,移出持仓池
2024-09-30,卖出,301004,嘉益股份,轻工制造,2,200,89.52,104.58,20916.0,26.14,2985.86,16.82,移出持仓池
2024-09-30,卖出,300836,佰奥智能,机械设备,4,400,40.25,42.88,17152.0,21.44,1030.56,6.53,移出持仓池
2024-09-30,卖出,300622,博士眼镜,商贸零售,5,500,37.81,28.78,14390.0,17.99,-4532.99,-23.88,移出持仓池
2024-09-30,卖出,600187,*ST国中,环保,61,6100,3.25,3.53,21533.0,26.92,1681.08,8.62,移出持仓池
2024-09-30,买入,300085,银之杰,计算机,6,600,32.81,32.81,19686.0,24.61,0.0,0.0,纳入持仓池
2024-09-30,买入,920592,华信永道,其他,4,400,42.99,42.99,17196.0,21.5,0.0,0.0,纳入持仓池
2024-09-30,买入,002693,*ST双成,医药生物,12,1200,16.36,16.36,19632.0,24.54,0.0,0.0,纳入持仓池
2024-09-30,买入,300917,特发服务,房地产,3,300,61.26,61.26,18378.0,22.97,0.0,0.0,纳入持仓池
2024-09-30,买入,300925,法本信息,计算机,9,900,21.79,21.79,19611.0,24.51,0.0,0.0,纳入持仓池
2024-09-30,买入,300561,*ST汇科,计算机,9,900,20.03,20.03,18027.0,22.53,0.0,0.0,纳入持仓池
2024-09-30,买入,300100,双林股份,汽车,9,900,20.08,20.08,18072.0,22.59,0.0,0.0,纳入持仓池
2024-09-30,买入,300295,*ST三六五,传媒,10,1000,18.62,18.62,18620.0,23.28,0.0,0.0,纳入持仓池
2024-09-30,买入,300380,安硕信息,计算机,6,600,32.98,32.98,19788.0,24.73,0.0,0.0,纳入持仓池
2024-09-30,买入,300386,飞天诚信,计算机,14,1400,14.02,14.02,19628.0,24.54,0.0,0.0,纳入持仓池
2024-09-30,买入,300177,中海达,国防军工,19,1900,10.28,10.28,19532.0,24.41,0.0,0.0,纳入持仓池
2024-09-30,买入,300399,天利科技,计算机,10,1000,19.81,19.81,19810.0,24.76,0.0,0.0,纳入持仓池
2024-09-30,买入,688608,恒玄科技,其他,0,0,212.38,212.38,0,0,0.0,0.0,"资金不足一手（需42,476元，分配20,000元）"
2024-09-30,买入,300180,华峰超纤,基础化工,30,3000,6.46,6.46,19380.0,24.23,0.0,0.0,纳入持仓池
2024-09-30,买入,300333,兆日科技,计算机,21,2100,9.36,9.36,19656.0,24.57,0.0,0.0,纳入持仓池
2024-09-30,买入,920799,艾融软件,其他,11,1100,17.78,17.78,19558.0,24.45,0.0,0.0,纳入持仓池
2024-09-30,持有,300641,正丹股份,基础化工,18,1800,10.6,24.18,--,--,24444.0,128.11,继续持有
2024-09-30,持有,300061,旗天科技,传媒,29,2900,6.78,12.32,--,--,16066.0,81.71,继续持有
2024-09-30,持有,300563,神宇股份,通信,7,700,26.76,38.58,--,--,8274.0,44.17,继续持有
2024-09-30,持有,300746,汉嘉数智,建筑装饰,17,1700,11.39,18.91,--,--,12784.0,66.02,继续持有
2024-09-30,持有,688183,生益电子,电子,8,800,20.98,24.45,--,--,2776.0,16.54,继续持有
2024-09-30,持有,600611,大众交通,交通运输,40,4000,4.9,7.83,--,--,11720.0,59.8,继续持有
2024-09-30,持有,920821,则成电子,其他,7,700,25.66,29.45,--,--,2653.0,14.77,继续持有
2024-09-30,持有,301036,双乐股份,基础化工,6,600,32.93,39.83,--,--,4140.0,20.95,继续持有
2024-09-30,持有,600550,保变电气,电力设备,23,2300,8.51,9.79,--,--,2944.0,15.04,继续持有
2024-09-30,持有,600171,上海贝岭,电子,8,800,24.25,25.43,--,--,944.0,4.87,继续持有
2024-09-30,持有,300905,宝丽迪,基础化工,7,700,25.55,31.02,--,--,3829.0,21.41,继续持有
2024-09-30,持有,300147,*ST香雪,医药生物,22,2200,8.85,8.37,--,--,-1056.0,-5.42,继续持有
2024-09-30,持有,688090,瑞松科技,机械设备,4,400,39.73,52.36,--,--,5052.0,31.79,继续持有
2024-09-30,持有,002827,高争民爆,基础化工,7,700,25.35,29.0,--,--,2555.0,14.4,继续持有
2024-10-21,卖出,300641,正丹股份,基础化工,18,1800,10.6,26.9,48420.0,60.52,29279.48,153.77,移出持仓池
2024-10-21,卖出,300746,汉嘉数智,建筑装饰,17,1700,11.39,17.45,29665.0,37.08,10264.92,53.2,移出持仓池
2024-10-21,卖出,300917,特发服务,房地产,3,300,61.26,60.95,18285.0,22.86,-115.86,-0.51,移出持仓池
2024-10-21,卖出,600550,保变电气,电力设备,23,2300,8.51,11.2,25760.0,32.2,6154.8,31.61,移出持仓池
2024-10-21,卖出,300561,*ST汇科,计算机,9,900,20.03,21.49,19341.0,24.18,1289.82,7.29,移出持仓池
2024-10-21,卖出,300100,双林股份,汽车,9,900,20.08,21.38,19242.0,24.05,1145.95,6.47,移出持仓池
2024-10-21,卖出,600171,上海贝岭,电子,8,800,24.25,33.9,27120.0,33.9,7686.1,39.79,移出持仓池
2024-10-21,卖出,300295,*ST三六五,传媒,10,1000,18.62,17.39,17390.0,21.74,-1251.74,-6.61,移出持仓池
2024-10-21,卖出,300905,宝丽迪,基础化工,7,700,25.55,33.46,23422.0,29.28,5507.72,30.96,移出持仓池
2024-10-21,卖出,300380,安硕信息,计算机,6,600,32.98,42.65,25590.0,31.99,5770.01,29.32,移出持仓池
2024-10-21,卖出,300147,*ST香雪,医药生物,22,2200,8.85,9.06,19932.0,24.91,437.09,2.37,移出持仓池
2024-10-21,卖出,300386,飞天诚信,计算机,14,1400,14.02,18.22,25508.0,31.89,5848.11,29.96,移出持仓池
2024-10-21,卖出,300177,中海达,国防军工,19,1900,10.28,13.38,25422.0,31.78,5858.22,30.16,移出持仓池
2024-10-21,卖出,300399,天利科技,计算机,10,1000,19.81,21.4,21400.0,26.75,1563.25,8.03,移出持仓池
2024-10-21,卖出,688090,瑞松科技,机械设备,4,400,39.73,60.49,24196.0,30.25,8273.75,52.25,移出持仓池
2024-10-21,卖出,300180,华峰超纤,基础化工,30,3000,6.46,10.99,32970.0,41.21,13548.79,70.12,移出持仓池
2024-10-21,卖出,002827,高争民爆,基础化工,7,700,25.35,31.78,22246.0,27.81,4473.19,25.36,移出持仓池
2024-10-21,卖出,300333,兆日科技,计算机,21,2100,9.36,12.02,25242.0,31.55,5554.45,28.42,移出持仓池
2024-10-21,买入,920971,天马新材,其他,3,300,50.16,50.16,15048.0,18.81,0.0,0.0,纳入持仓池
2024-10-21,买入,920981,晶赛科技,其他,4,400,48.2,48.2,19280.0,24.1,0.0,0.0,纳入持仓池
2024-10-21,买入,920876,慧为智能,其他,5,500,34.08,34.08,17040.0,21.3,0.0,0.0,纳入持仓池
2024-10-21,买入,920489,佳先股份,其他,8,800,22.77,22.77,18216.0,22.77,0.0,0.0,纳入持仓池
2024-10-21,买入,000158,常山北明,计算机,7,700,26.36,26.36,18452.0,23.07,0.0,0.0,纳入持仓池
2024-10-21,买入,300077,国民技术,电子,6,600,32.02,32.02,19212.0,24.02,0.0,0.0,纳入持仓池
2024-10-21,买入,300046,台基股份,电子,5,500,36.82,36.82,18410.0,23.01,0.0,0.0,纳入持仓池
2024-10-21,买入,300468,四方精创,计算机,6,600,28.6,28.6,17160.0,21.45,0.0,0.0,纳入持仓池
2024-10-21,买入,002583,海能达,通信,15,1500,13.15,13.15,19725.0,24.66,0.0,0.0,纳入持仓池
2024-10-21,买入,920207,众诚科技,其他,8,800,24.2,24.2,19360.0,24.2,0.0,0.0,纳入持仓池
2024-10-21,买入,920090,*ST同辉,其他,20,2000,9.62,9.62,19240.0,24.05,0.0,0.0,纳入持仓池
2024-10-21,买入,300339,润和软件,计算机,2,200,70.01,70.01,14002.0,17.5,0.0,0.0,纳入持仓池
2024-10-21,买入,920953,国子软件,其他,5,500,38.54,38.54,19270.0,24.09,0.0,0.0,纳入持仓池
2024-10-21,买入,301182,凯旺科技,计算机,4,400,48.55,48.55,19420.0,24.28,0.0,0.0,纳入持仓池
2024-10-21,买入,920701,豪声电子,其他,4,400,40.53,40.53,16212.0,20.27,0.0,0.0,纳入持仓池
2024-10-21,买入,920526,凯华材料,其他,3,300,52.26,52.26,15678.0,19.6,0.0,0.0,纳入持仓池
2024-10-21,买入,300623,捷捷微电,电子,4,400,46.49,46.49,18596.0,23.25,0.0,0.0,纳入持仓池
2024-10-21,买入,300290,荣科科技,计算机,8,800,24.02,24.02,19216.0,24.02,0.0,0.0,纳入持仓池
2024-10-21,买入,300489,光智科技,电子,2,200,68.03,68.03,13606.0,17.01,0.0,0.0,纳入持仓池
2024-10-21,持有,920799,艾融软件,其他,11,1100,17.78,97.47,--,--,87659.0,448.2,继续持有
2024-10-21,持有,002693,*ST双成,医药生物,12,1200,16.36,28.4,--,--,14448.0,73.59,继续持有
2024-10-21,持有,920592,华信永道,其他,4,400,42.99,80.88,--,--,15156.0,88.14,继续持有
2024-10-21,持有,300085,银之杰,计算机,6,600,32.81,44.94,--,--,7278.0,36.97,继续持有
2024-10-21,持有,300061,旗天科技,传媒,29,2900,6.78,15.89,--,--,26419.0,134.37,继续持有
2024-10-21,持有,688183,生益电子,电子,8,800,20.98,34.3,--,--,10656.0,63.49,继续持有
2024-10-21,持有,301036,双乐股份,基础化工,6,600,32.93,64.0,--,--,18642.0,94.35,继续持有
2024-10-21,持有,300563,神宇股份,通信,7,700,26.76,60.3,--,--,23478.0,125.34,继续持有
2024-10-21,持有,920821,则成电子,其他,7,700,25.66,38.85,--,--,9233.0,51.4,继续持有
2024-10-21,持有,300925,法本信息,计算机,9,900,21.79,29.17,--,--,6642.0,33.87,继续持有
2024-10-21,持有,600611,大众交通,交通运输,40,4000,4.9,8.48,--,--,14320.0,73.06,继续持有
2024-10-31,卖出,920981,晶赛科技,其他,4,400,48.2,40.87,16348.0,20.43,-2952.43,-15.21,移出持仓池
2024-10-31,卖出,920876,慧为智能,其他,5,500,34.08,28.6,14300.0,17.88,-2757.88,-16.08,移出持仓池
2024-10-31,卖出,300468,四方精创,计算机,6,600,28.6,23.02,13812.0,17.27,-3365.27,-19.51,移出持仓池
2024-10-31,卖出,301036,双乐股份,基础化工,6,600,32.93,58.72,35232.0,44.04,15429.96,78.32,移出持仓池
2024-10-31,卖出,920207,众诚科技,其他,8,800,24.2,19.12,15296.0,19.12,-4083.12,-20.99,移出持仓池
2024-10-31,卖出,920090,*ST同辉,其他,20,2000,9.62,8.77,17540.0,21.93,-1721.93,-8.84,移出持仓池
2024-10-31,卖出,300339,润和软件,计算机,2,200,70.01,72.0,14400.0,18.0,380.0,2.84,移出持仓池
2024-10-31,卖出,300563,神宇股份,通信,7,700,26.76,57.03,39921.0,49.9,21139.1,113.12,移出持仓池
2024-10-31,卖出,920953,国子软件,其他,5,500,38.54,32.51,16255.0,20.32,-3035.32,-15.65,移出持仓池
2024-10-31,卖出,920821,则成电子,其他,7,700,25.66,38.67,27069.0,33.84,9073.16,50.7,移出持仓池
2024-10-31,卖出,301182,凯旺科技,计算机,4,400,48.55,39.9,15960.0,19.95,-3479.95,-17.82,移出持仓池
2024-10-31,卖出,920701,豪声电子,其他,4,400,40.53,36.76,14704.0,18.38,-1526.38,-9.3,移出持仓池
2024-10-31,卖出,300925,法本信息,计算机,9,900,21.79,30.56,27504.0,34.38,7858.62,40.25,移出持仓池
2024-10-31,卖出,920526,凯华材料,其他,3,300,52.26,41.81,12543.0,15.68,-3150.68,-20.0,移出持仓池
2024-10-31,卖出,300623,捷捷微电,电子,4,400,46.49,44.69,17876.0,22.34,-742.34,-3.87,移出持仓池
2024-10-31,买入,920223,荣亿精密,其他,12,1200,16.51,16.51,19812.0,24.77,0.0,0.0,纳入持仓池
2024-10-31,买入,920770,艾能聚,其他,6,600,32.56,32.56,19536.0,24.42,0.0,0.0,纳入持仓池
2024-10-31,买入,920374,云里物里,其他,4,400,47.08,47.08,18832.0,23.54,0.0,0.0,纳入持仓池
2024-10-31,买入,300010,ST豆神,社会服务,17,1700,11.51,11.51,19567.0,24.46,0.0,0.0,纳入持仓池
2024-10-31,买入,600171,上海贝岭,电子,3,300,51.33,51.33,15399.0,19.25,0.0,0.0,纳入持仓池
2024-10-31,买入,603887,城地香江,计算机,9,900,20.2,20.2,18180.0,22.73,0.0,0.0,纳入持仓池
2024-10-31,买入,920964,润农节水,其他,16,1600,12.31,12.31,19696.0,24.62,0.0,0.0,纳入持仓池
2024-10-31,买入,920790,联迪信息,其他,6,600,29.01,29.01,17406.0,21.76,0.0,0.0,纳入持仓池
2024-10-31,买入,920139,华岭股份,其他,5,500,37.15,37.15,18575.0,23.22,0.0,0.0,纳入持仓池
2024-10-31,买入,002685,华东重机,其他,19,1900,10.27,10.27,19513.0,24.39,0.0,0.0,纳入持仓池
2024-10-31,买入,002094,青岛金王,美容护理,21,2100,9.39,9.39,19719.0,24.65,0.0,0.0,纳入持仓池
2024-10-31,买入,920204,沪江材料,其他,5,500,37.18,37.18,18590.0,23.24,0.0,0.0,纳入持仓池
2024-10-31,买入,603991,至正股份,电子,2,200,93.89,93.89,18778.0,23.47,0.0,0.0,纳入持仓池
2024-10-31,买入,920249,利尔达,其他,13,1300,14.33,14.33,18629.0,23.29,0.0,0.0,纳入持仓池
2024-10-31,买入,002628,成都路桥,建筑装饰,25,2500,7.87,7.87,19675.0,24.59,0.0,0.0,纳入持仓池
2024-10-31,持有,920799,艾融软件,其他,11,1100,17.78,82.61,--,--,71313.0,364.62,继续持有
2024-10-31,持有,002583,海能达,通信,15,1500,13.15,28.2,--,--,22575.0,114.45,继续持有
2024-10-31,持有,002693,*ST双成,医药生物,12,1200,16.36,37.38,--,--,25224.0,128.48,继续持有
2024-10-31,持有,300085,银之杰,计算机,6,600,32.81,58.45,--,--,15384.0,78.15,继续持有
2024-10-31,持有,000158,常山北明,计算机,7,700,26.36,37.04,--,--,7476.0,40.52,继续持有
2024-10-31,持有,300489,光智科技,电子,2,200,68.03,99.9,--,--,6374.0,46.85,继续持有
2024-10-31,持有,300061,旗天科技,传媒,29,2900,6.78,19.82,--,--,37816.0,192.33,继续持有
2024-10-31,持有,300046,台基股份,电子,5,500,36.82,50.21,--,--,6695.0,36.37,继续持有
2024-10-31,持有,920971,天马新材,其他,3,300,50.16,42.8,--,--,-2208.0,-14.67,继续持有
2024-10-31,持有,920489,佳先股份,其他,8,800,22.77,28.85,--,--,4864.0,26.7,继续持有
2024-10-31,持有,300077,国民技术,电子,6,600,32.02,39.9,--,--,4728.0,24.61,继续持有
2024-10-31,持有,920592,华信永道,其他,4,400,42.99,70.09,--,--,10840.0,63.04,继续持有
2024-10-31,持有,600611,大众交通,交通运输,40,4000,4.9,10.32,--,--,21680.0,110.61,继续持有
2024-10-31,持有,688183,生益电子,电子,8,800,20.98,34.86,--,--,11104.0,66.16,继续持有
2024-10-31,持有,300290,荣科科技,计算机,8,800,24.02,26.14,--,--,1696.0,8.83,继续持有
2024-11-15,卖出,600171,上海贝岭,电子,3,300,51.33,39.37,11811.0,14.76,-3602.76,-23.3,移出持仓池
2024-11-15,卖出,920964,润农节水,其他,16,1600,12.31,9.99,15984.0,19.98,-3731.98,-18.85,移出持仓池
2024-11-15,卖出,002685,华东重机,其他,19,1900,10.27,6.79,12901.0,16.13,-6628.13,-33.89,移出持仓池
2024-11-15,卖出,002094,青岛金王,美容护理,21,2100,9.39,6.7,14070.0,17.59,-5666.59,-28.65,移出持仓池
2024-11-15,卖出,600611,大众交通,交通运输,40,4000,4.9,9.46,37840.0,47.3,18192.7,93.06,移出持仓池
2024-11-15,卖出,688183,生益电子,电子,8,800,20.98,32.28,25824.0,32.28,9007.72,53.86,移出持仓池
2024-11-15,卖出,920204,沪江材料,其他,5,500,37.18,28.75,14375.0,17.97,-4232.97,-22.67,移出持仓池
2024-11-15,卖出,603991,至正股份,电子,2,200,93.89,74.41,14882.0,18.6,-3914.6,-20.75,移出持仓池
2024-11-15,卖出,002628,成都路桥,建筑装饰,25,2500,7.87,5.14,12850.0,16.06,-6841.06,-34.69,移出持仓池
2024-11-15,卖出,300290,荣科科技,计算机,8,800,24.02,25.01,20008.0,25.01,766.99,4.12,移出持仓池
2024-11-15,买入,688656,浩欧博,医药生物,0,0,123.01,123.01,0,0,0.0,0.0,"资金不足一手（需24,602元，分配20,000元）"
2024-11-15,买入,920171,志晟信息,其他,7,700,26.95,26.95,18865.0,23.58,0.0,0.0,纳入持仓池
2024-11-15,买入,300377,赢时胜,计算机,8,800,24.04,24.04,19232.0,24.04,0.0,0.0,纳入持仓池
2024-11-15,买入,300622,博士眼镜,商贸零售,3,300,52.65,52.65,15795.0,19.74,0.0,0.0,纳入持仓池
2024-11-15,买入,300380,安硕信息,计算机,3,300,59.92,59.92,17976.0,22.47,0.0,0.0,纳入持仓池
2024-11-15,买入,920522,纳科诺尔,其他,3,300,63.5,63.5,19050.0,23.81,0.0,0.0,纳入持仓池
2024-11-15,买入,920436,大地电气,其他,5,500,38.59,38.59,19295.0,24.12,0.0,0.0,纳入持仓池
2024-11-15,买入,300147,*ST香雪,医药生物,15,1500,12.9,12.9,19350.0,24.19,0.0,0.0,纳入持仓池
2024-11-15,买入,920981,晶赛科技,其他,4,400,43.06,43.06,17224.0,21.53,0.0,0.0,纳入持仓池
2024-11-15,买入,920953,国子软件,其他,4,400,41.93,41.93,16772.0,20.96,0.0,0.0,纳入持仓池
2024-11-15,持有,920799,艾融软件,其他,11,1100,17.78,66.18,--,--,53240.0,272.22,继续持有
2024-11-15,持有,300085,银之杰,计算机,6,600,32.81,49.41,--,--,9960.0,50.59,继续持有
2024-11-15,持有,920489,佳先股份,其他,8,800,22.77,29.16,--,--,5112.0,28.06,继续持有
2024-11-15,持有,920592,华信永道,其他,4,400,42.99,82.55,--,--,15824.0,92.02,继续持有
2024-11-15,持有,002583,海能达,通信,15,1500,13.15,19.94,--,--,10185.0,51.63,继续持有
2024-11-15,持有,300010,ST豆神,社会服务,17,1700,11.51,12.96,--,--,2465.0,12.6,继续持有
2024-11-15,持有,920223,荣亿精密,其他,12,1200,16.51,14.41,--,--,-2520.0,-12.72,继续持有
2024-11-15,持有,920374,云里物里,其他,4,400,47.08,40.43,--,--,-2660.0,-14.12,继续持有
2024-11-15,持有,002693,*ST双成,医药生物,12,1200,16.36,22.22,--,--,7032.0,35.82,继续持有
2024-11-15,持有,300061,旗天科技,传媒,29,2900,6.78,16.18,--,--,27260.0,138.64,继续持有
2024-11-15,持有,920790,联迪信息,其他,6,600,29.01,30.77,--,--,1056.0,6.07,继续持有
2024-11-15,持有,000158,常山北明,计算机,7,700,26.36,27.08,--,--,504.0,2.73,继续持有
2024-11-15,持有,300046,台基股份,电子,5,500,36.82,40.05,--,--,1615.0,8.77,继续持有
2024-11-15,持有,920770,艾能聚,其他,6,600,32.56,24.28,--,--,-4968.0,-25.43,继续持有
2024-11-15,持有,920249,利尔达,其他,13,1300,14.33,14.3,--,--,-39.0,-0.21,继续持有
2024-11-15,持有,920139,华岭股份,其他,5,500,37.15,34.3,--,--,-1425.0,-7.67,继续持有
2024-11-15,持有,603887,城地香江,计算机,9,900,20.2,17.87,--,--,-2097.0,-11.53,继续持有
2024-11-15,持有,300077,国民技术,电子,6,600,32.02,30.57,--,--,-870.0,-4.53,继续持有
2024-11-15,持有,920971,天马新材,其他,3,300,50.16,36.85,--,--,-3993.0,-26.54,继续持有
2024-11-15,持有,300489,光智科技,电子,2,200,68.03,69.75,--,--,344.0,2.53,继续持有
2024-11-29,卖出,300010,ST豆神,社会服务,17,1700,11.51,9.83,16711.0,20.89,-2876.89,-14.6,移出持仓池
2024-11-29,卖出,300046,台基股份,电子,5,500,36.82,41.38,20690.0,25.86,2254.14,12.38,移出持仓池
2024-11-29,卖出,300622,博士眼镜,商贸零售,3,300,52.65,47.75,14325.0,17.91,-1487.91,-9.31,移出持仓池
2024-11-29,卖出,920522,纳科诺尔,其他,3,300,63.5,55.06,16518.0,20.65,-2552.65,-13.29,移出持仓池
2024-11-29,卖出,920139,华岭股份,其他,5,500,37.15,33.15,16575.0,20.72,-2020.72,-10.77,移出持仓池
2024-11-29,卖出,920436,大地电气,其他,5,500,38.59,27.25,13625.0,17.03,-5687.03,-29.39,移出持仓池
2024-11-29,卖出,300147,*ST香雪,医药生物,15,1500,12.9,12.37,18555.0,23.19,-818.19,-4.11,移出持仓池
2024-11-29,卖出,603887,城地香江,计算机,9,900,20.2,13.9,12510.0,15.64,-5685.64,-31.19,移出持仓池
2024-11-29,卖出,300077,国民技术,电子,6,600,32.02,30.29,18174.0,22.72,-1060.72,-5.4,移出持仓池
2024-11-29,卖出,920971,天马新材,其他,3,300,50.16,35.66,10698.0,13.37,-4363.37,-28.91,移出持仓池
2024-11-29,卖出,920981,晶赛科技,其他,4,400,43.06,38.37,15348.0,19.18,-1895.18,-10.89,移出持仓池
2024-11-29,卖出,300489,光智科技,电子,2,200,68.03,67.4,13480.0,16.85,-142.85,-0.93,移出持仓池
2024-11-29,买入,300561,*ST汇科,计算机,4,400,48.13,48.13,19252.0,24.07,0.0,0.0,纳入持仓池
2024-11-29,买入,603366,日出东方,家用电器,9,900,21.78,21.78,19602.0,24.5,0.0,0.0,纳入持仓池
2024-11-29,买入,002052,同洲电子,家用电器,37,3700,5.29,5.29,19573.0,24.47,0.0,0.0,纳入持仓池
2024-11-29,买入,603268,松发股份,国防军工,3,300,53.42,53.42,16026.0,20.03,0.0,0.0,纳入持仓池
2024-11-29,买入,920075,柏星龙,其他,4,400,45.3,45.3,18120.0,22.65,0.0,0.0,纳入持仓池
2024-11-29,买入,920284,灵鸽科技,其他,8,800,24.17,24.17,19336.0,24.17,0.0,0.0,纳入持仓池
2024-11-29,买入,920765,美之高,其他,7,700,26.87,26.87,18809.0,23.51,0.0,0.0,纳入持仓池
2024-11-29,买入,300152,*ST动力,环保,30,3000,6.51,6.51,19530.0,24.41,0.0,0.0,纳入持仓池
2024-11-29,买入,920726,朱老六,其他,6,600,28.72,28.72,17232.0,21.54,0.0,0.0,纳入持仓池
2024-11-29,买入,300333,兆日科技,计算机,14,1400,14.04,14.04,19656.0,24.57,0.0,0.0,纳入持仓池
2024-11-29,买入,920207,众诚科技,其他,8,800,23.86,23.86,19088.0,23.86,0.0,0.0,纳入持仓池
2024-11-29,买入,300469,信息发展,计算机,6,600,30.94,30.94,18564.0,23.21,0.0,0.0,纳入持仓池
2024-11-29,持有,300377,赢时胜,计算机,8,800,24.04,37.44,--,--,10720.0,55.74,继续持有
2024-11-29,持有,920799,艾融软件,其他,11,1100,17.78,68.54,--,--,55836.0,285.49,继续持有
2024-11-29,持有,300085,银之杰,计算机,6,600,32.81,52.71,--,--,11940.0,60.65,继续持有
2024-11-29,持有,920790,联迪信息,其他,6,600,29.01,39.93,--,--,6552.0,37.64,继续持有
2024-11-29,持有,688656,浩欧博,医药生物,--,--,--,132.39,--,--,0.0,0.0,继续持有
2024-11-29,持有,920592,华信永道,其他,4,400,42.99,82.32,--,--,15732.0,91.49,继续持有
2024-11-29,持有,920171,志晟信息,其他,7,700,26.95,27.6,--,--,455.0,2.41,继续持有
2024-11-29,持有,002693,*ST双成,医药生物,12,1200,16.36,22.96,--,--,7920.0,40.34,继续持有
2024-11-29,持有,300061,旗天科技,传媒,29,2900,6.78,16.64,--,--,28594.0,145.43,继续持有
2024-11-29,持有,920223,荣亿精密,其他,12,1200,16.51,13.73,--,--,-3336.0,-16.84,继续持有
2024-11-29,持有,002583,海能达,通信,15,1500,13.15,17.55,--,--,6600.0,33.46,继续持有
2024-11-29,持有,300380,安硕信息,计算机,3,300,59.92,61.98,--,--,618.0,3.44,继续持有
2024-11-29,持有,920489,佳先股份,其他,8,800,22.77,25.74,--,--,2376.0,13.04,继续持有
2024-11-29,持有,000158,常山北明,计算机,7,700,26.36,26.12,--,--,-168.0,-0.91,继续持有
2024-11-29,持有,920953,国子软件,其他,4,400,41.93,44.4,--,--,988.0,5.89,继续持有
2024-11-29,持有,920770,艾能聚,其他,6,600,32.56,22.33,--,--,-6138.0,-31.42,继续持有
2024-11-29,持有,920374,云里物里,其他,4,400,47.08,34.87,--,--,-4884.0,-25.93,继续持有
2024-11-29,持有,920249,利尔达,其他,13,1300,14.33,12.58,--,--,-2275.0,-12.21,继续持有
2024-12-17,卖出,603268,松发股份,国防军工,3,300,53.42,39.9,11970.0,14.96,-4070.96,-25.31,移出持仓池
2024-12-17,卖出,920223,荣亿精密,其他,12,1200,16.51,11.42,13704.0,17.13,-6125.13,-30.83,移出持仓池
2024-12-17,卖出,920075,柏星龙,其他,4,400,45.3,35.5,14200.0,17.75,-3937.75,-21.63,移出持仓池
2024-12-17,卖出,920284,灵鸽科技,其他,8,800,24.17,18.25,14600.0,18.25,-4754.25,-24.49,移出持仓池
2024-12-17,卖出,920765,美之高,其他,7,700,26.87,23.03,16121.0,20.15,-2708.15,-14.29,移出持仓池
2024-12-17,卖出,920489,佳先股份,其他,8,800,22.77,20.05,16040.0,20.05,-2196.05,-11.95,移出持仓池
2024-12-17,卖出,920726,朱老六,其他,6,600,28.72,20.99,12594.0,15.74,-4653.74,-26.92,移出持仓池
2024-12-17,卖出,920953,国子软件,其他,4,400,41.93,35.12,14048.0,17.56,-2741.56,-16.24,移出持仓池
2024-12-17,卖出,920770,艾能聚,其他,6,600,32.56,18.59,11154.0,13.94,-8395.94,-42.91,移出持仓池
2024-12-17,卖出,920374,云里物里,其他,4,400,47.08,31.13,12452.0,15.56,-6395.56,-33.88,移出持仓池
2024-12-17,卖出,920249,利尔达,其他,13,1300,14.33,11.2,14560.0,18.2,-4087.2,-21.84,移出持仓池
2024-12-17,卖出,920207,众诚科技,其他,8,800,23.86,20.05,16040.0,20.05,-3068.05,-15.97,移出持仓池
2024-12-17,卖出,300469,信息发展,计算机,6,600,30.94,23.47,14082.0,17.6,-4499.6,-24.14,移出持仓池
2024-12-17,买入,000908,ST景峰,医药生物,43,4300,4.64,4.64,19952.0,24.94,0.0,0.0,纳入持仓池
2024-12-17,买入,688622,*ST禾信,机械设备,1,200,68.0,68.0,13600.0,17.0,0.0,0.0,纳入持仓池
2024-12-17,买入,688165,埃夫特,机械设备,3,600,30.6,30.6,18360.0,22.95,0.0,0.0,纳入持仓池
2024-12-17,买入,002640,跨境通,商贸零售,38,3800,5.15,5.15,19570.0,24.46,0.0,0.0,纳入持仓池
2024-12-17,买入,300338,*ST开元,社会服务,37,3700,5.29,5.29,19573.0,24.47,0.0,0.0,纳入持仓池
2024-12-17,买入,002175,*ST东智,机械设备,30,3000,6.5,6.5,19500.0,24.38,0.0,0.0,纳入持仓池
2024-12-17,买入,300147,*ST香雪,医药生物,16,1600,11.82,11.82,18912.0,23.64,0.0,0.0,纳入持仓池
2024-12-17,买入,002094,青岛金王,美容护理,30,3000,6.51,6.51,19530.0,24.41,0.0,0.0,纳入持仓池
2024-12-17,买入,300125,*ST聆达,公用事业,28,2800,7.04,7.04,19712.0,24.64,0.0,0.0,纳入持仓池
2024-12-17,买入,002822,ST中装,建筑装饰,47,4700,4.17,4.17,19599.0,24.5,0.0,0.0,纳入持仓池
2024-12-17,买入,300622,博士眼镜,商贸零售,4,400,44.99,44.99,17996.0,22.5,0.0,0.0,纳入持仓池
2024-12-17,买入,300493,润欣科技,电子,7,700,25.9,25.9,18130.0,22.66,0.0,0.0,纳入持仓池
2024-12-17,买入,300242,佳云科技,传媒,34,3400,5.75,5.75,19550.0,24.44,0.0,0.0,纳入持仓池
2024-12-17,持有,300561,*ST汇科,计算机,4,400,48.13,60.04,--,--,4764.0,24.75,继续持有
2024-12-17,持有,300377,赢时胜,计算机,8,800,24.04,32.15,--,--,6488.0,33.74,继续持有
2024-12-17,持有,300085,银之杰,计算机,6,600,32.81,48.4,--,--,9354.0,47.52,继续持有
2024-12-17,持有,920799,艾融软件,其他,11,1100,17.78,57.99,--,--,44231.0,226.15,继续持有
2024-12-17,持有,002052,同洲电子,家用电器,37,3700,5.29,5.55,--,--,962.0,4.91,继续持有
2024-12-17,持有,920790,联迪信息,其他,6,600,29.01,36.51,--,--,4500.0,25.85,继续持有
2024-12-17,持有,002693,*ST双成,医药生物,12,1200,16.36,20.93,--,--,5484.0,27.93,继续持有
2024-12-17,持有,002583,海能达,通信,15,1500,13.15,16.7,--,--,5325.0,27.0,继续持有
2024-12-17,持有,688656,浩欧博,医药生物,--,--,--,102.5,--,--,0.0,0.0,继续持有
2024-12-17,持有,300061,旗天科技,传媒,29,2900,6.78,15.82,--,--,26216.0,133.33,继续持有
2024-12-17,持有,603366,日出东方,家用电器,9,900,21.78,14.52,--,--,-6534.0,-33.33,继续持有
2024-12-17,持有,300152,*ST动力,环保,30,3000,6.51,6.05,--,--,-1380.0,-7.07,继续持有
2024-12-17,持有,920592,华信永道,其他,4,400,42.99,67.0,--,--,9604.0,55.85,继续持有
2024-12-17,持有,920171,志晟信息,其他,7,700,26.95,22.68,--,--,-2989.0,-15.84,继续持有
2024-12-17,持有,300380,安硕信息,计算机,3,300,59.92,56.55,--,--,-1011.0,-5.62,继续持有
2024-12-17,持有,300333,兆日科技,计算机,14,1400,14.04,19.14,--,--,7140.0,36.32,继续持有
2024-12-17,持有,000158,常山北明,计算机,7,700,26.36,22.8,--,--,-2492.0,-13.51,继续持有
2024-12-31,卖出,300152,*ST动力,环保,30,3000,6.51,5.05,15150.0,18.94,-4398.94,-22.43,移出持仓池
2024-12-31,卖出,002640,跨境通,商贸零售,38,3800,5.15,3.84,14592.0,18.24,-4996.24,-25.44,移出持仓池
2024-12-31,卖出,300338,*ST开元,社会服务,37,3700,5.29,4.86,17982.0,22.48,-1613.48,-8.13,移出持仓池
2024-12-31,卖出,300380,安硕信息,计算机,3,300,59.92,47.23,14169.0,17.71,-3824.71,-21.18,移出持仓池
2024-12-31,卖出,002175,*ST东智,机械设备,30,3000,6.5,4.18,12540.0,15.68,-6975.68,-35.69,移出持仓池
2024-12-31,卖出,300147,*ST香雪,医药生物,16,1600,11.82,9.77,15632.0,19.54,-3299.54,-17.34,移出持仓池
2024-12-31,卖出,002094,青岛金王,美容护理,30,3000,6.51,5.5,16500.0,20.62,-3050.62,-15.51,移出持仓池
2024-12-31,卖出,002822,ST中装,建筑装饰,47,4700,4.17,4.06,19082.0,23.85,-540.85,-2.64,移出持仓池
2024-12-31,卖出,300242,佳云科技,传媒,34,3400,5.75,4.07,13838.0,17.3,-5729.3,-29.22,移出持仓池
2024-12-31,买入,920765,美之高,其他,5,500,34.06,34.06,17030.0,21.29,0.0,0.0,纳入持仓池
2024-12-31,买入,000759,中百集团,商贸零售,15,1500,13.08,13.08,19620.0,24.53,0.0,0.0,纳入持仓池
2024-12-31,买入,920522,纳科诺尔,其他,3,300,50.52,50.52,15156.0,18.95,0.0,0.0,纳入持仓池
2024-12-31,买入,920725,惠丰钻石,其他,5,500,38.84,38.84,19420.0,24.28,0.0,0.0,纳入持仓池
2024-12-31,买入,300972,万辰集团,商贸零售,2,200,80.41,80.41,16082.0,20.1,0.0,0.0,纳入持仓池
2024-12-31,买入,000506,招金黄金,有色金属,50,5000,3.97,3.97,19850.0,24.81,0.0,0.0,纳入持仓池
2024-12-31,买入,920245,威博液压,其他,5,500,38.2,38.2,19100.0,23.88,0.0,0.0,纳入持仓池
2024-12-31,买入,688256,寒武纪,电子,0,0,658.0,658.0,0,0,0.0,0.0,"资金不足一手（需131,600元，分配20,000元）"
2024-12-31,买入,600889,*ST京化,基础化工,11,1100,17.76,17.76,19536.0,24.42,0.0,0.0,纳入持仓池
2024-12-31,持有,300561,*ST汇科,计算机,4,400,48.13,54.96,--,--,2732.0,14.19,继续持有
2024-12-31,持有,300377,赢时胜,计算机,8,800,24.04,27.56,--,--,2816.0,14.64,继续持有
2024-12-31,持有,920799,艾融软件,其他,11,1100,17.78,51.57,--,--,37169.0,190.04,继续持有
2024-12-31,持有,002052,同洲电子,家用电器,37,3700,5.29,6.22,--,--,3441.0,17.58,继续持有
2024-12-31,持有,000908,ST景峰,医药生物,43,4300,4.64,4.89,--,--,1075.0,5.39,继续持有
2024-12-31,持有,920790,联迪信息,其他,6,600,29.01,34.1,--,--,3054.0,17.55,继续持有
2024-12-31,持有,300085,银之杰,计算机,6,600,32.81,38.25,--,--,3264.0,16.58,继续持有
2024-12-31,持有,300622,博士眼镜,商贸零售,4,400,44.99,49.8,--,--,1924.0,10.69,继续持有
2024-12-31,持有,002693,*ST双成,医药生物,12,1200,16.36,18.33,--,--,2364.0,12.04,继续持有
2024-12-31,持有,920592,华信永道,其他,4,400,42.99,62.02,--,--,7612.0,44.27,继续持有
2024-12-31,持有,688622,*ST禾信,机械设备,2,200,68.0,60.61,--,--,-1478.0,-10.87,继续持有
2024-12-31,持有,688656,浩欧博,医药生物,--,--,--,95.5,--,--,0.0,0.0,继续持有
2024-12-31,持有,300493,润欣科技,电子,7,700,25.9,28.13,--,--,1561.0,8.61,继续持有
2024-12-31,持有,688165,埃夫特,机械设备,6,600,30.6,26.4,--,--,-2520.0,-13.73,继续持有
2024-12-31,持有,002583,海能达,通信,15,1500,13.15,14.21,--,--,1590.0,8.06,继续持有
2024-12-31,持有,300333,兆日科技,计算机,14,1400,14.04,18.16,--,--,5768.0,29.34,继续持有
2024-12-31,持有,920171,志晟信息,其他,7,700,26.95,20.81,--,--,-4298.0,-22.78,继续持有
2024-12-31,持有,300061,旗天科技,传媒,29,2900,6.78,12.9,--,--,17748.0,90.27,继续持有
2024-12-31,持有,603366,日出东方,家用电器,9,900,21.78,11.71,--,--,-9063.0,-46.24,继续持有
2024-12-31,持有,000158,常山北明,计算机,7,700,26.36,20.14,--,--,-4354.0,-23.6,继续持有
2024-12-31,持有,300125,*ST聆达,公用事业,28,2800,7.04,6.58,--,--,-1288.0,-6.53,继续持有
2025-01-15,卖出,000908,ST景峰,医药生物,43,4300,4.64,4.52,19436.0,24.3,-540.3,-2.59,移出持仓池
2025-01-15,卖出,000759,中百集团,商贸零售,15,1500,13.08,9.64,14460.0,18.07,-5178.07,-26.3,移出持仓池
2025-01-15,卖出,920592,华信永道,其他,4,400,42.99,55.21,22084.0,27.61,4860.39,28.43,移出持仓池
2025-01-15,卖出,000506,招金黄金,有色金属,50,5000,3.97,4.24,21200.0,26.5,1323.5,6.8,移出持仓池
2025-01-15,卖出,920171,志晟信息,其他,7,700,26.95,19.32,13524.0,16.91,-5357.91,-28.31,移出持仓池
2025-01-15,卖出,300061,旗天科技,传媒,29,2900,6.78,12.49,36221.0,45.28,16513.72,84.22,移出持仓池
2025-01-15,卖出,300125,*ST聆达,公用事业,28,2800,7.04,4.47,12516.0,15.64,-7211.64,-36.51,移出持仓池
2025-01-15,买入,002265,建设工业,汽车,5,500,33.9,33.9,16950.0,21.19,0.0,0.0,纳入持仓池
2025-01-15,买入,002640,跨境通,商贸零售,38,3800,5.19,5.19,19722.0,24.65,0.0,0.0,纳入持仓池
2025-01-15,买入,920533,骏创科技,其他,4,400,41.46,41.46,16584.0,20.73,0.0,0.0,纳入持仓池
2025-01-15,买入,603662,柯力传感,机械设备,2,200,72.38,72.38,14476.0,18.09,0.0,0.0,纳入持仓池
2025-01-15,买入,300570,太辰光,通信,2,200,99.21,99.21,19842.0,24.8,0.0,0.0,纳入持仓池
2025-01-15,买入,603009,北特科技,汽车,4,400,49.38,49.38,19752.0,24.69,0.0,0.0,纳入持仓池
2025-01-15,买入,300100,双林股份,汽车,5,500,37.5,37.5,18750.0,23.44,0.0,0.0,纳入持仓池
2025-01-15,买入,300276,三丰智能,其他,18,1800,11.08,11.08,19944.0,24.93,0.0,0.0,纳入持仓池
2025-01-15,持有,300561,*ST汇科,计算机,4,400,48.13,59.42,--,--,4516.0,23.46,继续持有
2025-01-15,持有,920799,艾融软件,其他,11,1100,17.78,58.84,--,--,45166.0,230.93,继续持有
2025-01-15,持有,300377,赢时胜,计算机,8,800,24.04,28.51,--,--,3576.0,18.59,继续持有
2025-01-15,持有,688165,埃夫特,机械设备,6,600,30.6,37.74,--,--,4284.0,23.33,继续持有
2025-01-15,持有,300085,银之杰,计算机,6,600,32.81,43.33,--,--,6312.0,32.06,继续持有
2025-01-15,持有,300493,润欣科技,电子,7,700,25.9,33.4,--,--,5250.0,28.96,继续持有
2025-01-15,持有,300972,万辰集团,商贸零售,2,200,80.41,87.2,--,--,1358.0,8.44,继续持有
2025-01-15,持有,002052,同洲电子,家用电器,37,3700,5.29,6.62,--,--,4921.0,25.14,继续持有
2025-01-15,持有,920790,联迪信息,其他,6,600,29.01,33.74,--,--,2838.0,16.3,继续持有
2025-01-15,持有,920725,惠丰钻石,其他,5,500,38.84,39.61,--,--,385.0,1.98,继续持有
2025-01-15,持有,920765,美之高,其他,5,500,34.06,25.34,--,--,-4360.0,-25.6,继续持有
2025-01-15,持有,600889,*ST京化,基础化工,11,1100,17.76,19.23,--,--,1617.0,8.28,继续持有
2025-01-15,持有,002693,*ST双成,医药生物,12,1200,16.36,15.99,--,--,-444.0,-2.26,继续持有
2025-01-15,持有,920522,纳科诺尔,其他,3,300,50.52,46.13,--,--,-1317.0,-8.69,继续持有
2025-01-15,持有,300622,博士眼镜,商贸零售,4,400,44.99,47.7,--,--,1084.0,6.02,继续持有
2025-01-15,持有,300333,兆日科技,计算机,14,1400,14.04,15.84,--,--,2520.0,12.82,继续持有
2025-01-15,持有,002583,海能达,通信,15,1500,13.15,13.58,--,--,645.0,3.27,继续持有
2025-01-15,持有,920245,威博液压,其他,5,500,38.2,39.58,--,--,690.0,3.61,继续持有
2025-01-15,持有,688656,浩欧博,医药生物,--,--,--,84.6,--,--,0.0,0.0,继续持有
2025-01-15,持有,688622,*ST禾信,机械设备,2,200,68.0,57.53,--,--,-2094.0,-15.4,继续持有
2025-01-15,持有,603366,日出东方,家用电器,9,900,21.78,11.15,--,--,-9567.0,-48.81,继续持有
2025-01-15,持有,000158,常山北明,计算机,7,700,26.36,20.08,--,--,-4396.0,-23.82,继续持有
2025-01-27,卖出,002693,*ST双成,医药生物,12,1200,16.36,13.07,15684.0,19.61,-3967.61,-20.11,移出持仓池
2025-01-27,卖出,002640,跨境通,商贸零售,38,3800,5.19,4.25,16150.0,20.19,-3592.19,-18.11,移出持仓池
2025-01-27,卖出,920533,骏创科技,其他,4,400,41.46,33.23,13292.0,16.62,-3308.62,-19.85,移出持仓池
2025-01-27,卖出,300333,兆日科技,计算机,14,1400,14.04,13.85,19390.0,24.24,-290.24,-1.35,移出持仓池
2025-01-27,卖出,603009,北特科技,汽车,4,400,49.38,48.6,19440.0,24.3,-336.3,-1.58,移出持仓池
2025-01-27,卖出,300100,双林股份,汽车,5,500,37.5,36.34,18170.0,22.71,-602.71,-3.09,移出持仓池
2025-01-27,卖出,300276,三丰智能,其他,18,1800,11.08,10.0,18000.0,22.5,-1966.5,-9.75,移出持仓池
2025-01-27,卖出,603366,日出东方,家用电器,9,900,21.78,10.45,9405.0,11.76,-10208.76,-52.02,移出持仓池
2025-01-27,卖出,000158,常山北明,计算机,7,700,26.36,17.79,12453.0,15.57,-6014.57,-32.51,移出持仓池
2025-01-27,买入,300718,长盛轴承,机械设备,3,300,54.09,54.09,16227.0,20.28,0.0,0.0,纳入持仓池
2025-01-27,买入,688205,德科立,通信,0,0,100.77,100.77,0,0,0.0,0.0,"资金不足一手（需20,154元，分配20,000元）"
2025-01-27,买入,002730,电光科技,机械设备,8,800,23.05,23.05,18440.0,23.05,0.0,0.0,纳入持仓池
2025-01-27,买入,300840,酷特智能,纺织服饰,7,700,28.45,28.45,19915.0,24.89,0.0,0.0,纳入持仓池
2025-01-27,买入,300170,汉得信息,计算机,10,1000,19.59,19.59,19590.0,24.49,0.0,0.0,纳入持仓池
2025-01-27,买入,300870,欧陆通,电力设备,1,100,121.33,121.33,12133.0,15.17,0.0,0.0,纳入持仓池
2025-01-27,买入,300548,长芯博创,通信,3,300,55.8,55.8,16740.0,20.93,0.0,0.0,纳入持仓池
2025-01-27,买入,300984,金沃股份,机械设备,3,300,60.9,60.9,18270.0,22.84,0.0,0.0,纳入持仓池
2025-01-27,买入,002862,实丰文化,轻工制造,5,500,39.6,39.6,19800.0,24.75,0.0,0.0,纳入持仓池
2025-01-27,持有,300561,*ST汇科,计算机,4,400,48.13,49.58,--,--,580.0,3.01,继续持有
2025-01-27,持有,920799,艾融软件,其他,11,1100,17.78,58.9,--,--,45232.0,231.27,继续持有
2025-01-27,持有,300972,万辰集团,商贸零售,2,200,80.41,102.8,--,--,4478.0,27.84,继续持有
2025-01-27,持有,300085,银之杰,计算机,6,600,32.81,38.09,--,--,3168.0,16.09,继续持有
2025-01-27,持有,300377,赢时胜,计算机,8,800,24.04,24.83,--,--,632.0,3.29,继续持有
2025-01-27,持有,688165,埃夫特,机械设备,6,600,30.6,32.74,--,--,1284.0,6.99,继续持有
2025-01-27,持有,920790,联迪信息,其他,6,600,29.01,33.5,--,--,2694.0,15.48,继续持有
2025-01-27,持有,688622,*ST禾信,机械设备,2,200,68.0,73.6,--,--,1120.0,8.24,继续持有
2025-01-27,持有,300570,太辰光,通信,2,200,99.21,118.76,--,--,3910.0,19.71,继续持有
2025-01-27,持有,300493,润欣科技,电子,7,700,25.9,30.66,--,--,3332.0,18.38,继续持有
2025-01-27,持有,002052,同洲电子,家用电器,37,3700,5.29,5.79,--,--,1850.0,9.45,继续持有
2025-01-27,持有,600889,*ST京化,基础化工,11,1100,17.76,17.5,--,--,-286.0,-1.46,继续持有
2025-01-27,持有,920522,纳科诺尔,其他,3,300,50.52,43.0,--,--,-2256.0,-14.89,继续持有
2025-01-27,持有,920765,美之高,其他,5,500,34.06,22.6,--,--,-5730.0,-33.65,继续持有
2025-01-27,持有,002265,建设工业,汽车,5,500,33.9,29.8,--,--,-2050.0,-12.09,继续持有
2025-01-27,持有,688656,浩欧博,医药生物,--,--,--,79.9,--,--,0.0,0.0,继续持有
2025-01-27,持有,300622,博士眼镜,商贸零售,4,400,44.99,47.51,--,--,1008.0,5.6,继续持有
2025-01-27,持有,603662,柯力传感,机械设备,2,200,72.38,76.21,--,--,766.0,5.29,继续持有
2025-01-27,持有,920725,惠丰钻石,其他,5,500,38.84,31.42,--,--,-3710.0,-19.1,继续持有
2025-01-27,持有,920245,威博液压,其他,5,500,38.2,37.61,--,--,-295.0,-1.54,继续持有
2025-01-27,持有,002583,海能达,通信,15,1500,13.15,12.35,--,--,-1200.0,-6.08,继续持有
2025-02-18,卖出,300972,万辰集团,商贸零售,2,200,80.41,94.28,18856.0,23.57,2750.43,17.25,移出持仓池
2025-02-18,卖出,300493,润欣科技,电子,7,700,25.9,25.4,17780.0,22.23,-372.23,-1.93,移出持仓池
2025-02-18,卖出,002052,同洲电子,家用电器,37,3700,5.29,5.35,19795.0,24.74,197.26,1.13,移出持仓池
2025-02-18,卖出,002730,电光科技,机械设备,8,800,23.05,19.06,15248.0,19.06,-3211.06,-17.31,移出持仓池
2025-02-18,卖出,300840,酷特智能,纺织服饰,7,700,28.45,23.0,16100.0,20.12,-3835.12,-19.16,移出持仓池
2025-02-18,卖出,300170,汉得信息,计算机,10,1000,19.59,21.1,21100.0,26.38,1483.62,7.71,移出持仓池
2025-02-18,卖出,920765,美之高,其他,5,500,34.06,21.8,10900.0,13.62,-6143.62,-36.0,移出持仓池
2025-02-18,卖出,002265,建设工业,汽车,5,500,33.9,26.17,13085.0,16.36,-3881.36,-22.8,移出持仓池
2025-02-18,卖出,300870,欧陆通,电力设备,1,100,121.33,123.11,12311.0,15.39,162.61,1.47,移出持仓池
2025-02-18,卖出,300622,博士眼镜,商贸零售,4,400,44.99,43.41,17364.0,21.71,-653.71,-3.51,移出持仓池
2025-02-18,卖出,603662,柯力传感,机械设备,2,200,72.38,73.6,14720.0,18.4,225.6,1.69,移出持仓池
2025-02-18,卖出,920245,威博液压,其他,5,500,38.2,37.91,18955.0,23.69,-168.69,-0.76,移出持仓池
2025-02-18,卖出,002862,实丰文化,轻工制造,5,500,39.6,30.43,15215.0,19.02,-4604.02,-23.16,移出持仓池
2025-02-18,卖出,002583,海能达,通信,15,1500,13.15,13.5,20250.0,25.31,499.69,2.66,移出持仓池
2025-02-18,买入,300766,每日互动,计算机,3,300,58.9,58.9,17670.0,22.09,0.0,0.0,纳入持仓池
2025-02-18,买入,920493,并行科技,其他,0,0,233.25,233.25,0,0,0.0,0.0,"资金不足一手（需23,325元，分配20,000元）"
2025-02-18,买入,920533,骏创科技,其他,4,400,47.85,47.85,19140.0,23.93,0.0,0.0,纳入持仓池
2025-02-18,买入,920953,国子软件,其他,3,300,55.08,55.08,16524.0,20.66,0.0,0.0,纳入持仓池
2025-02-18,买入,920305,*ST云创,其他,4,400,44.41,44.41,17764.0,22.21,0.0,0.0,纳入持仓池
2025-02-18,买入,688158,优刻得,计算机,2,400,39.58,39.58,15832.0,19.79,0.0,0.0,纳入持仓池
2025-02-18,买入,000506,招金黄金,有色金属,40,4000,5.0,5.0,20000.0,25.0,0.0,0.0,纳入持仓池
2025-02-18,买入,920592,华信永道,其他,2,200,69.49,69.49,13898.0,17.37,0.0,0.0,纳入持仓池
2025-02-18,买入,605488,福莱新材,基础化工,4,400,47.21,47.21,18884.0,23.61,0.0,0.0,纳入持仓池
2025-02-18,买入,300153,科泰电源,电力设备,9,900,22.14,22.14,19926.0,24.91,0.0,0.0,纳入持仓池
2025-02-18,买入,300251,光线传媒,传媒,7,700,27.8,27.8,19460.0,24.32,0.0,0.0,纳入持仓池
2025-02-18,买入,920171,志晟信息,其他,7,700,25.21,25.21,17647.0,22.06,0.0,0.0,纳入持仓池
2025-02-18,买入,920770,艾能聚,其他,9,900,21.22,21.22,19098.0,23.87,0.0,0.0,纳入持仓池
2025-02-18,买入,002779,中坚科技,机械设备,1,100,113.91,113.91,11391.0,14.24,0.0,0.0,纳入持仓池
2025-02-18,买入,920924,广脉科技,其他,6,600,30.7,30.7,18420.0,23.03,0.0,0.0,纳入持仓池
2025-02-18,持有,300718,长盛轴承,机械设备,3,300,54.09,82.31,--,--,8466.0,52.17,继续持有
2025-02-18,持有,920799,艾融软件,其他,11,1100,17.78,62.46,--,--,49148.0,251.29,继续持有
2025-02-18,持有,300561,*ST汇科,计算机,4,400,48.13,48.41,--,--,112.0,0.58,继续持有
2025-02-18,持有,920790,联迪信息,其他,6,600,29.01,47.28,--,--,10962.0,62.98,继续持有
2025-02-18,持有,300377,赢时胜,计算机,8,800,24.04,29.5,--,--,4368.0,22.71,继续持有
2025-02-18,持有,300085,银之杰,计算机,6,600,32.81,38.96,--,--,3690.0,18.74,继续持有
2025-02-18,持有,688165,埃夫特,机械设备,6,600,30.6,29.64,--,--,-576.0,-3.14,继续持有
2025-02-18,持有,920522,纳科诺尔,其他,3,300,50.52,54.24,--,--,1116.0,7.36,继续持有
2025-02-18,持有,688622,*ST禾信,机械设备,2,200,68.0,67.99,--,--,-2.0,-0.01,继续持有
2025-02-18,持有,300570,太辰光,通信,2,200,99.21,111.48,--,--,2454.0,12.37,继续持有
2025-02-18,持有,300548,长芯博创,通信,3,300,55.8,61.67,--,--,1761.0,10.52,继续持有
2025-02-18,持有,688656,浩欧博,医药生物,--,--,--,81.93,--,--,0.0,0.0,继续持有
2025-02-18,持有,600889,*ST京化,基础化工,11,1100,17.76,17.95,--,--,209.0,1.07,继续持有
2025-02-18,持有,300984,金沃股份,机械设备,3,300,60.9,67.59,--,--,2007.0,10.99,继续持有
2025-02-18,持有,920725,惠丰钻石,其他,5,500,38.84,34.81,--,--,-2015.0,-10.38,继续持有
2025-02-28,卖出,688158,优刻得,计算机,4,400,39.58,35.3,14120.0,17.65,-1729.65,-10.81,移出持仓池
2025-02-28,卖出,000506,招金黄金,有色金属,40,4000,5.0,5.63,22520.0,28.15,2491.85,12.6,移出持仓池
2025-02-28,卖出,300251,光线传媒,传媒,7,700,27.8,23.91,16737.0,20.92,-2743.92,-13.99,移出持仓池
2025-02-28,卖出,688622,*ST禾信,机械设备,2,200,68.0,70.79,14158.0,17.7,540.3,4.1,移出持仓池
2025-02-28,卖出,920770,艾能聚,其他,9,900,21.22,20.52,18468.0,23.09,-653.09,-3.3,移出持仓池
2025-02-28,卖出,300570,太辰光,通信,2,200,99.21,87.2,17440.0,21.8,-2423.8,-12.11,移出持仓池
2025-02-28,卖出,300548,长芯博创,通信,3,300,55.8,45.12,13536.0,16.92,-3220.92,-19.14,移出持仓池
2025-02-28,卖出,600889,*ST京化,基础化工,11,1100,17.76,18.03,19833.0,24.79,272.21,1.52,移出持仓池
2025-02-28,卖出,300984,金沃股份,机械设备,3,300,60.9,59.57,17871.0,22.34,-421.34,-2.18,移出持仓池
2025-02-28,卖出,920725,惠丰钻石,其他,5,500,38.84,31.91,15955.0,19.94,-3484.94,-17.84,移出持仓池
2025-02-28,买入,920284,灵鸽科技,其他,7,700,27.92,27.92,19544.0,24.43,0.0,0.0,纳入持仓池
2025-02-28,买入,920002,万达轴承,其他,0,0,230.0,230.0,0,0,0.0,0.0,"资金不足一手（需23,000元，分配20,000元）"
2025-02-28,买入,920207,众诚科技,其他,5,500,34.2,34.2,17100.0,21.38,0.0,0.0,纳入持仓池
2025-02-28,买入,002031,巨轮智能,其他,20,2000,9.97,9.97,19940.0,24.93,0.0,0.0,纳入持仓池
2025-02-28,买入,300245,ST天玑,计算机,8,800,24.53,24.53,19624.0,24.53,0.0,0.0,纳入持仓池
2025-02-28,买入,002896,中大力德,机械设备,1,100,104.64,104.64,10464.0,13.08,0.0,0.0,纳入持仓池
2025-02-28,买入,920971,天马新材,其他,5,500,35.44,35.44,17720.0,22.15,0.0,0.0,纳入持仓池
2025-02-28,买入,003021,兆威机电,电力设备,1,100,141.3,141.3,14130.0,17.66,0.0,0.0,纳入持仓池
2025-02-28,买入,600126,杭钢股份,钢铁,15,1500,13.25,13.25,19875.0,24.84,0.0,0.0,纳入持仓池
2025-02-28,买入,300276,三丰智能,其他,15,1500,13.16,13.16,19740.0,24.68,0.0,0.0,纳入持仓池
2025-02-28,买入,920593,鼎智科技,其他,3,300,55.8,55.8,16740.0,20.93,0.0,0.0,纳入持仓池
2025-02-28,持有,300718,长盛轴承,机械设备,3,300,54.09,92.9,--,--,11643.0,71.75,继续持有
2025-02-28,持有,920493,并行科技,其他,--,--,--,212.51,--,--,0.0,0.0,继续持有
2025-02-28,持有,920533,骏创科技,其他,4,400,47.85,56.28,--,--,3372.0,17.62,继续持有
2025-02-28,持有,920799,艾融软件,其他,11,1100,17.78,59.19,--,--,45551.0,232.9,继续持有
2025-02-28,持有,300153,科泰电源,电力设备,9,900,22.14,33.7,--,--,10404.0,52.21,继续持有
2025-02-28,持有,300561,*ST汇科,计算机,4,400,48.13,46.88,--,--,-500.0,-2.6,继续持有
2025-02-28,持有,920790,联迪信息,其他,6,600,29.01,42.47,--,--,8076.0,46.4,继续持有
2025-02-28,持有,300766,每日互动,计算机,3,300,58.9,53.33,--,--,-1671.0,-9.46,继续持有
2025-02-28,持有,300377,赢时胜,计算机,8,800,24.04,30.69,--,--,5320.0,27.66,继续持有
2025-02-28,持有,920171,志晟信息,其他,7,700,25.21,28.5,--,--,2303.0,13.05,继续持有
2025-02-28,持有,920522,纳科诺尔,其他,3,300,50.52,64.8,--,--,4284.0,28.27,继续持有
2025-02-28,持有,688165,埃夫特,机械设备,6,600,30.6,32.95,--,--,1410.0,7.68,继续持有
2025-02-28,持有,300085,银之杰,计算机,6,600,32.81,38.23,--,--,3252.0,16.52,继续持有
2025-02-28,持有,920953,国子软件,其他,3,300,55.08,52.0,--,--,-924.0,-5.59,继续持有
2025-02-28,持有,920924,广脉科技,其他,6,600,30.7,32.18,--,--,888.0,4.82,继续持有
2025-02-28,持有,605488,福莱新材,基础化工,4,400,47.21,47.9,--,--,276.0,1.46,继续持有
2025-02-28,持有,920305,*ST云创,其他,4,400,44.41,38.08,--,--,-2532.0,-14.25,继续持有
2025-02-28,持有,002779,中坚科技,机械设备,1,100,113.91,120.35,--,--,644.0,5.65,继续持有
2025-02-28,持有,920592,华信永道,其他,2,200,69.49,65.0,--,--,-898.0,-6.46,继续持有
2025-03-17,卖出,300561,*ST汇科,计算机,4,400,48.13,46.12,18448.0,23.06,-827.06,-4.18,移出持仓池
2025-03-17,卖出,688165,埃夫特,机械设备,6,600,30.6,30.97,18582.0,23.23,198.77,1.21,移出持仓池
2025-03-17,卖出,002031,巨轮智能,其他,20,2000,9.97,10.38,20760.0,25.95,794.05,4.11,移出持仓池
2025-03-17,卖出,300085,银之杰,计算机,6,600,32.81,40.15,24090.0,30.11,4373.89,22.37,移出持仓池
2025-03-17,卖出,300245,ST天玑,计算机,8,800,24.53,23.24,18592.0,23.24,-1055.24,-5.26,移出持仓池
2025-03-17,卖出,920924,广脉科技,其他,6,600,30.7,34.76,20856.0,26.07,2409.93,13.22,移出持仓池
2025-03-17,卖出,600126,杭钢股份,钢铁,15,1500,13.25,12.21,18315.0,22.89,-1582.89,-7.85,移出持仓池
2025-03-17,卖出,300276,三丰智能,其他,15,1500,13.16,14.24,21360.0,26.7,1593.3,8.21,移出持仓池
2025-03-17,卖出,920593,鼎智科技,其他,3,300,55.8,57.99,17397.0,21.75,635.25,3.92,移出持仓池
2025-03-17,卖出,920305,*ST云创,其他,4,400,44.41,37.1,14840.0,18.55,-2942.55,-16.46,移出持仓池
2025-03-17,卖出,002779,中坚科技,机械设备,1,100,113.91,117.56,11756.0,14.7,350.3,3.2,移出持仓池
2025-03-17,卖出,920592,华信永道,其他,2,200,69.49,72.0,14400.0,18.0,484.0,3.61,移出持仓池
2025-03-17,买入,920856,浩淼科技,其他,7,700,26.2,26.2,18340.0,22.93,0.0,0.0,纳入持仓池
2025-03-17,买入,600289,ST信通,通信,26,2600,7.54,7.54,19604.0,24.5,0.0,0.0,纳入持仓池
2025-03-17,买入,920810,春光智能,其他,6,600,29.1,29.1,17460.0,21.82,0.0,0.0,纳入持仓池
2025-03-17,买入,688622,*ST禾信,机械设备,1,200,98.43,98.43,19686.0,24.61,0.0,0.0,纳入持仓池
2025-03-17,买入,920145,恒合股份,其他,8,800,23.63,23.63,18904.0,23.63,0.0,0.0,纳入持仓池
2025-03-17,买入,000510,新金路,其他,5,500,39.78,39.78,19890.0,24.86,0.0,0.0,纳入持仓池
2025-03-17,买入,000880,潍柴重机,其他,5,500,39.78,39.78,19890.0,24.86,0.0,0.0,纳入持仓池
2025-03-17,买入,920249,利尔达,其他,11,1100,17.45,17.45,19195.0,23.99,0.0,0.0,纳入持仓池
2025-03-17,买入,920010,凯添燃气,其他,11,1100,17.03,17.03,18733.0,23.42,0.0,0.0,纳入持仓池
2025-03-17,买入,920689,克莱特,其他,4,400,47.25,47.25,18900.0,23.62,0.0,0.0,纳入持仓池
2025-03-17,买入,300100,双林股份,汽车,3,300,54.78,54.78,16434.0,20.54,0.0,0.0,纳入持仓池
2025-03-17,买入,300870,欧陆通,电力设备,1,100,164.06,164.06,16406.0,20.51,0.0,0.0,纳入持仓池
2025-03-17,持有,300718,长盛轴承,机械设备,3,300,54.09,95.44,--,--,12405.0,76.45,继续持有
2025-03-17,持有,300153,科泰电源,电力设备,9,900,22.14,42.5,--,--,18324.0,91.96,继续持有
2025-03-17,持有,920533,骏创科技,其他,4,400,47.85,59.4,--,--,4620.0,24.14,继续持有
2025-03-17,持有,920799,艾融软件,其他,11,1100,17.78,62.61,--,--,49313.0,252.14,继续持有
2025-03-17,持有,920002,万达轴承,其他,--,--,--,233.97,--,--,0.0,0.0,继续持有
2025-03-17,持有,920790,联迪信息,其他,6,600,29.01,44.57,--,--,9336.0,53.64,继续持有
2025-03-17,持有,920493,并行科技,其他,--,--,--,187.61,--,--,0.0,0.0,继续持有
2025-03-17,持有,920171,志晟信息,其他,7,700,25.21,33.8,--,--,6013.0,34.07,继续持有
2025-03-17,持有,920522,纳科诺尔,其他,3,300,50.52,68.49,--,--,5391.0,35.57,继续持有
2025-03-17,持有,920284,灵鸽科技,其他,7,700,27.92,26.49,--,--,-1001.0,-5.12,继续持有
2025-03-17,持有,605488,福莱新材,基础化工,4,400,47.21,53.0,--,--,2316.0,12.26,继续持有
2025-03-17,持有,920953,国子软件,其他,3,300,55.08,60.48,--,--,1620.0,9.8,继续持有
2025-03-17,持有,300377,赢时胜,计算机,8,800,24.04,29.66,--,--,4496.0,23.38,继续持有
2025-03-17,持有,920207,众诚科技,其他,5,500,34.2,34.04,--,--,-80.0,-0.47,继续持有
2025-03-17,持有,300766,每日互动,计算机,3,300,58.9,45.7,--,--,-3960.0,-22.41,继续持有
2025-03-17,持有,002896,中大力德,机械设备,1,100,104.64,108.46,--,--,382.0,3.65,继续持有
2025-03-17,持有,920971,天马新材,其他,5,500,35.44,36.9,--,--,730.0,4.12,继续持有
2025-03-17,持有,003021,兆威机电,电力设备,1,100,141.3,149.65,--,--,835.0,5.91,继续持有
2025-04-16,卖出,920799,艾融软件,其他,11,1100,17.78,58.74,64614.0,80.77,44975.23,230.37,移出持仓池
2025-04-16,卖出,920790,联迪信息,其他,6,600,29.01,40.13,24078.0,30.1,6641.9,38.33,移出持仓池
2025-04-16,卖出,920171,志晟信息,其他,7,700,25.21,29.15,20405.0,25.51,2732.49,15.63,移出持仓池
2025-04-16,卖出,920810,春光智能,其他,6,600,29.1,16.36,9816.0,12.27,-7656.27,-43.78,移出持仓池
2025-04-16,卖出,920522,纳科诺尔,其他,3,300,50.52,52.97,15891.0,19.86,715.14,4.85,移出持仓池
2025-04-16,卖出,920145,恒合股份,其他,8,800,23.63,19.81,15848.0,19.81,-3075.81,-16.17,移出持仓池
2025-04-16,卖出,920249,利尔达,其他,11,1100,17.45,14.49,15939.0,19.92,-3275.92,-16.96,移出持仓池
2025-04-16,卖出,920010,凯添燃气,其他,11,1100,17.03,13.36,14696.0,18.37,-4055.37,-21.55,移出持仓池
2025-04-16,卖出,920953,国子软件,其他,3,300,55.08,50.4,15120.0,18.9,-1422.9,-8.5,移出持仓池
2025-04-16,卖出,300377,赢时胜,计算机,8,800,24.04,22.3,17840.0,22.3,-1414.3,-7.24,移出持仓池
2025-04-16,卖出,920207,众诚科技,其他,5,500,34.2,23.48,11740.0,14.68,-5374.68,-31.35,移出持仓池
2025-04-16,卖出,920689,克莱特,其他,4,400,47.25,41.59,16636.0,20.8,-2284.8,-11.98,移出持仓池
2025-04-16,卖出,300766,每日互动,计算机,3,300,58.9,34.52,10356.0,12.95,-7326.95,-41.39,移出持仓池
2025-04-16,卖出,300870,欧陆通,电力设备,1,100,164.06,99.86,9986.0,12.48,-6432.48,-39.13,移出持仓池
2025-04-16,卖出,920971,天马新材,其他,5,500,35.44,28.88,14440.0,18.05,-3298.05,-18.51,移出持仓池
2025-04-16,卖出,003021,兆威机电,电力设备,1,100,141.3,112.77,11277.0,14.1,-2867.1,-20.19,移出持仓池
2025-04-16,买入,920273,一致魔芋,其他,3,300,65.98,65.98,19794.0,24.74,0.0,0.0,纳入持仓池
2025-04-16,买入,688068,热景生物,其他,0,0,117.54,117.54,0,0,0.0,0.0,"资金不足一手（需23,508元，分配20,000元）"
2025-04-16,买入,301220,亚香股份,基础化工,2,200,83.83,83.83,16766.0,20.96,0.0,0.0,纳入持仓池
2025-04-16,买入,003010,若羽臣,商贸零售,4,400,47.35,47.35,18940.0,23.68,0.0,0.0,纳入持仓池
2025-04-16,买入,000506,招金黄金,有色金属,31,3100,6.42,6.42,19902.0,24.88,0.0,0.0,纳入持仓池
2025-04-16,买入,920351,华光源海,其他,7,700,28.16,28.16,19712.0,24.64,0.0,0.0,纳入持仓池
2025-04-16,买入,920403,康农种业,其他,5,500,38.3,38.3,19150.0,23.94,0.0,0.0,纳入持仓池
2025-04-16,买入,002165,红 宝 丽,基础化工,20,2000,9.85,9.85,19700.0,24.62,0.0,0.0,纳入持仓池
2025-04-16,买入,920726,朱老六,其他,7,700,27.31,27.31,19117.0,23.9,0.0,0.0,纳入持仓池
2025-04-16,买入,600126,杭钢股份,钢铁,18,1800,11.01,11.01,19818.0,24.77,0.0,0.0,纳入持仓池
2025-04-16,买入,300276,三丰智能,其他,16,1600,12.08,12.08,19328.0,24.16,0.0,0.0,纳入持仓池
2025-04-16,买入,688656,浩欧博,医药生物,1,200,84.89,84.89,16978.0,21.22,0.0,0.0,纳入持仓池
2025-04-16,买入,301000,肇民科技,汽车,5,500,39.7,39.7,19850.0,24.81,0.0,0.0,纳入持仓池
2025-04-16,买入,301396,宏景科技,计算机,2,200,68.18,68.18,13636.0,17.05,0.0,0.0,纳入持仓池
2025-04-16,买入,600610,中毅达,其他,17,1700,11.2,11.2,19040.0,23.8,0.0,0.0,纳入持仓池
2025-04-16,买入,000759,中百集团,商贸零售,21,2100,9.46,9.46,19866.0,24.83,0.0,0.0,纳入持仓池
2025-04-16,持有,300718,长盛轴承,机械设备,3,300,54.09,74.81,--,--,6216.0,38.31,继续持有
2025-04-16,持有,600289,ST信通,通信,26,2600,7.54,7.2,--,--,-884.0,-4.51,继续持有
2025-04-16,持有,300153,科泰电源,电力设备,9,900,22.14,31.39,--,--,8325.0,41.78,继续持有
2025-04-16,持有,920002,万达轴承,其他,--,--,--,219.78,--,--,0.0,0.0,继续持有
2025-04-16,持有,000510,新金路,其他,5,500,39.78,34.47,--,--,-2655.0,-13.35,继续持有
2025-04-16,持有,000880,潍柴重机,其他,5,500,39.78,34.47,--,--,-2655.0,-13.35,继续持有
2025-04-16,持有,300100,双林股份,汽车,3,300,54.78,73.84,--,--,5718.0,34.79,继续持有
2025-04-16,持有,920856,浩淼科技,其他,7,700,26.2,23.67,--,--,-1771.0,-9.66,继续持有
2025-04-16,持有,002896,中大力德,机械设备,1,100,104.64,87.13,--,--,-1751.0,-16.73,继续持有
2025-04-16,持有,920284,灵鸽科技,其他,7,700,27.92,22.75,--,--,-3619.0,-18.52,继续持有
2025-04-16,持有,688622,*ST禾信,机械设备,2,200,98.43,83.41,--,--,-3004.0,-15.26,继续持有
2025-04-16,持有,920533,骏创科技,其他,4,400,47.85,49.83,--,--,792.0,4.14,继续持有
2025-04-16,持有,605488,福莱新材,基础化工,4,400,47.21,38.21,--,--,-3600.0,-19.06,继续持有
2025-04-16,持有,920493,并行科技,其他,--,--,--,149.1,--,--,0.0,0.0,继续持有
2025-04-30,卖出,920273,一致魔芋,其他,3,300,65.98,38.51,11553.0,14.44,-8255.44,-41.63,移出持仓池
2025-04-30,卖出,920856,浩淼科技,其他,7,700,26.2,25.84,18088.0,22.61,-274.61,-1.37,移出持仓池
2025-04-30,卖出,000506,招金黄金,有色金属,31,3100,6.42,6.69,20739.0,25.92,811.08,4.21,移出持仓池
2025-04-30,卖出,920351,华光源海,其他,7,700,28.16,21.29,14903.0,18.63,-4827.63,-24.4,移出持仓池
2025-04-30,卖出,920403,康农种业,其他,5,500,38.3,30.25,15125.0,18.91,-4043.91,-21.02,移出持仓池
2025-04-30,卖出,920726,朱老六,其他,7,700,27.31,22.35,15645.0,19.56,-3491.56,-18.16,移出持仓池
2025-04-30,卖出,920284,灵鸽科技,其他,7,700,27.92,22.09,15463.0,19.33,-4100.33,-20.88,移出持仓池
2025-04-30,卖出,688622,*ST禾信,机械设备,2,200,98.43,79.51,15902.0,19.88,-3803.88,-19.22,移出持仓池
2025-04-30,卖出,688656,浩欧博,医药生物,2,200,84.89,91.6,18320.0,22.9,1319.1,7.9,移出持仓池
2025-04-30,卖出,920533,骏创科技,其他,4,400,47.85,53.28,21312.0,26.64,2145.36,11.35,移出持仓池
2025-04-30,卖出,600610,中毅达,其他,17,1700,11.2,10.77,18309.0,22.89,-753.89,-3.84,移出持仓池
2025-04-30,卖出,000759,中百集团,商贸零售,21,2100,9.46,7.81,16401.0,20.5,-3485.5,-17.44,移出持仓池
2025-04-30,买入,301209,联合化学,基础化工,2,200,94.36,94.36,18872.0,23.59,0.0,0.0,纳入持仓池
2025-04-30,买入,603121,华培动力,汽车,8,800,24.18,24.18,19344.0,24.18,0.0,0.0,纳入持仓池
2025-04-30,买入,300766,每日互动,计算机,4,400,40.06,40.06,16024.0,20.03,0.0,0.0,纳入持仓池
2025-04-30,买入,300984,金沃股份,机械设备,2,200,73.99,73.99,14798.0,18.5,0.0,0.0,纳入持仓池
2025-04-30,买入,300611,美力科技,汽车,7,700,28.28,28.28,19796.0,24.75,0.0,0.0,纳入持仓池
2025-04-30,买入,300723,一品红,医药生物,5,500,39.83,39.83,19915.0,24.89,0.0,0.0,纳入持仓池
2025-04-30,买入,603119,浙江荣泰,汽车,4,400,48.04,48.04,19216.0,24.02,0.0,0.0,纳入持仓池
2025-04-30,买入,002052,同洲电子,家用电器,22,2200,8.85,8.85,19470.0,24.34,0.0,0.0,纳入持仓池
2025-04-30,买入,003021,兆威机电,电力设备,1,100,127.06,127.06,12706.0,15.88,0.0,0.0,纳入持仓池
2025-04-30,买入,603166,福达股份,汽车,12,1200,16.43,16.43,19716.0,24.64,0.0,0.0,纳入持仓池
2025-04-30,买入,300972,万辰集团,商贸零售,1,100,164.75,164.75,16475.0,20.59,0.0,0.0,纳入持仓池
2025-04-30,买入,001212,中旗新材,建筑材料,3,300,54.36,54.36,16308.0,20.39,0.0,0.0,纳入持仓池
2025-04-30,买入,688220,翱捷科技,电子,1,200,96.09,96.09,19218.0,24.02,0.0,0.0,纳入持仓池
2025-04-30,持有,300718,长盛轴承,机械设备,3,300,54.09,79.95,--,--,7758.0,47.81,继续持有
2025-04-30,持有,300100,双林股份,汽车,3,300,54.78,79.04,--,--,7278.0,44.29,继续持有
2025-04-30,持有,688068,热景生物,其他,--,--,--,123.5,--,--,0.0,0.0,继续持有
2025-04-30,持有,300153,科泰电源,电力设备,9,900,22.14,29.71,--,--,6813.0,34.19,继续持有
2025-04-30,持有,605488,福莱新材,基础化工,4,400,47.21,49.26,--,--,820.0,4.34,继续持有
2025-04-30,持有,000510,新金路,其他,5,500,39.78,35.29,--,--,-2245.0,-11.29,继续持有
2025-04-30,持有,000880,潍柴重机,其他,5,500,39.78,35.29,--,--,-2245.0,-11.29,继续持有
2025-04-30,持有,301000,肇民科技,汽车,5,500,39.7,52.52,--,--,6410.0,32.29,继续持有
2025-04-30,持有,002165,红 宝 丽,基础化工,20,2000,9.85,12.44,--,--,5180.0,26.29,继续持有
2025-04-30,持有,920002,万达轴承,其他,--,--,--,240.0,--,--,0.0,0.0,继续持有
2025-04-30,持有,600289,ST信通,通信,26,2600,7.54,5.81,--,--,-4498.0,-22.94,继续持有
2025-04-30,持有,301396,宏景科技,计算机,2,200,68.18,84.87,--,--,3338.0,24.48,继续持有
2025-04-30,持有,003010,若羽臣,商贸零售,4,400,47.35,48.99,--,--,656.0,3.46,继续持有
2025-04-30,持有,002896,中大力德,机械设备,1,100,104.64,91.1,--,--,-1354.0,-12.94,继续持有
2025-04-30,持有,600126,杭钢股份,钢铁,18,1800,11.01,11.01,--,--,0.0,0.0,继续持有
2025-04-30,持有,301220,亚香股份,基础化工,2,200,83.83,76.8,--,--,-1406.0,-8.39,继续持有
2025-04-30,持有,300276,三丰智能,其他,16,1600,12.08,12.03,--,--,-80.0,-0.41,继续持有
2025-05-19,卖出,300100,双林股份,汽车,3,300,54.78,49.1,14730.0,18.41,-1722.41,-10.37,移出持仓池
2025-05-19,卖出,600289,ST信通,通信,26,2600,7.54,5.9,15340.0,19.18,-4283.18,-21.75,移出持仓池
2025-05-19,卖出,301220,亚香股份,基础化工,2,200,83.83,68.52,13704.0,17.13,-3079.13,-18.26,移出持仓池
2025-05-19,卖出,300611,美力科技,汽车,7,700,28.28,25.57,17899.0,22.37,-1919.37,-9.58,移出持仓池
2025-05-19,卖出,300723,一品红,医药生物,5,500,39.83,39.61,19805.0,24.76,-134.76,-0.55,移出持仓池
2025-05-19,卖出,603119,浙江荣泰,汽车,4,400,48.04,42.84,17136.0,21.42,-2101.42,-10.82,移出持仓池
2025-05-19,卖出,002052,同洲电子,家用电器,22,2200,8.85,9.56,21032.0,26.29,1535.71,8.02,移出持仓池
2025-05-19,卖出,300276,三丰智能,其他,16,1600,12.08,12.22,19552.0,24.44,199.56,1.16,移出持仓池
2025-05-19,卖出,003021,兆威机电,电力设备,1,100,127.06,115.35,11535.0,14.42,-1185.42,-9.22,移出持仓池
2025-05-19,卖出,300972,万辰集团,商贸零售,1,100,164.75,155.99,15599.0,19.5,-895.5,-5.32,移出持仓池
2025-05-19,卖出,688220,翱捷科技,电子,2,200,96.09,83.59,16718.0,20.9,-2520.9,-13.01,移出持仓池
2025-05-19,买入,300879,大叶股份,机械设备,3,300,53.9,53.9,16170.0,20.21,0.0,0.0,纳入持仓池
2025-05-19,买入,002289,*ST宇顺,电子,14,1400,13.85,13.85,19390.0,24.24,0.0,0.0,纳入持仓池
2025-05-19,买入,600610,中毅达,其他,12,1200,16.07,16.07,19284.0,24.11,0.0,0.0,纳入持仓池
2025-05-19,买入,300963,中洲特材,有色金属,6,600,29.59,29.59,17754.0,22.19,0.0,0.0,纳入持仓池
2025-05-19,买入,601086,国芳集团,商贸零售,14,1400,14.13,14.13,19782.0,24.73,0.0,0.0,纳入持仓池
2025-05-19,买入,300652,雷迪克,汽车,2,200,83.5,83.5,16700.0,20.88,0.0,0.0,纳入持仓池
2025-05-19,买入,300946,恒而达,机械设备,2,200,84.44,84.44,16888.0,21.11,0.0,0.0,纳入持仓池
2025-05-19,买入,000678,襄阳轴承,其他,11,1100,17.12,17.12,18832.0,23.54,0.0,0.0,纳入持仓池
2025-05-19,买入,600592,龙溪股份,机械设备,7,700,26.74,26.74,18718.0,23.4,0.0,0.0,纳入持仓池
2025-05-19,买入,301550,斯菱智驱,汽车,1,100,147.8,147.8,14780.0,18.48,0.0,0.0,纳入持仓池
2025-05-19,买入,002427,尤夫股份,基础化工,21,2100,9.43,9.43,19803.0,24.75,0.0,0.0,纳入持仓池
2025-05-19,买入,600165,ST宁科,基础化工,38,3800,5.13,5.13,19494.0,24.37,0.0,0.0,纳入持仓池
2025-05-19,持有,300718,长盛轴承,机械设备,3,300,54.09,74.62,--,--,6159.0,37.96,继续持有
2025-05-19,持有,300153,科泰电源,电力设备,9,900,22.14,29.43,--,--,6561.0,32.93,继续持有
2025-05-19,持有,301396,宏景科技,计算机,2,200,68.18,96.0,--,--,5564.0,40.8,继续持有
2025-05-19,持有,003010,若羽臣,商贸零售,4,400,47.35,59.57,--,--,4888.0,25.81,继续持有
2025-05-19,持有,001212,中旗新材,建筑材料,3,300,54.36,71.81,--,--,5235.0,32.1,继续持有
2025-05-19,持有,301209,联合化学,基础化工,2,200,94.36,98.05,--,--,738.0,3.91,继续持有
2025-05-19,持有,605488,福莱新材,基础化工,4,400,47.21,46.22,--,--,-396.0,-2.1,继续持有
2025-05-19,持有,920002,万达轴承,其他,--,--,--,216.54,--,--,0.0,0.0,继续持有
2025-05-19,持有,000510,新金路,其他,5,500,39.78,33.12,--,--,-3330.0,-16.74,继续持有
2025-05-19,持有,000880,潍柴重机,其他,5,500,39.78,33.12,--,--,-3330.0,-16.74,继续持有
2025-05-19,持有,603121,华培动力,汽车,8,800,24.18,23.7,--,--,-384.0,-1.99,继续持有
2025-05-19,持有,301000,肇民科技,汽车,5,500,39.7,49.1,--,--,4700.0,23.68,继续持有
2025-05-19,持有,002165,红 宝 丽,基础化工,20,2000,9.85,12.16,--,--,4620.0,23.45,继续持有
2025-05-19,持有,300766,每日互动,计算机,4,400,40.06,39.28,--,--,-312.0,-1.95,继续持有
2025-05-19,持有,002896,中大力德,机械设备,1,100,104.64,82.9,--,--,-2174.0,-20.78,继续持有
2025-05-19,持有,603166,福达股份,汽车,12,1200,16.43,17.14,--,--,852.0,4.32,继续持有
2025-05-19,持有,300984,金沃股份,机械设备,2,200,73.99,63.43,--,--,-2112.0,-14.27,继续持有
2025-05-19,持有,600126,杭钢股份,钢铁,18,1800,11.01,10.19,--,--,-1476.0,-7.45,继续持有
2025-05-30,卖出,301396,宏景科技,计算机,2,200,68.18,61.95,12390.0,15.49,-1261.49,-9.14,移出持仓池
2025-05-30,卖出,605488,福莱新材,基础化工,4,400,47.21,32.17,12868.0,16.09,-6032.09,-31.86,移出持仓池
2025-05-30,卖出,603121,华培动力,汽车,8,800,24.18,23.28,18624.0,23.28,-743.28,-3.72,移出持仓池
2025-05-30,卖出,301000,肇民科技,汽车,5,500,39.7,44.29,22145.0,27.68,2267.32,11.56,移出持仓池
2025-05-30,卖出,002165,红 宝 丽,基础化工,20,2000,9.85,9.75,19500.0,24.38,-224.38,-1.02,移出持仓池
2025-05-30,卖出,600592,龙溪股份,机械设备,7,700,26.74,23.71,16597.0,20.75,-2141.75,-11.33,移出持仓池
2025-05-30,卖出,300766,每日互动,计算机,4,400,40.06,34.45,13780.0,17.23,-2261.23,-14.0,移出持仓池
2025-05-30,卖出,002896,中大力德,机械设备,1,100,104.64,74.29,7429.0,9.29,-3044.29,-29.0,移出持仓池
2025-05-30,卖出,301550,斯菱智驱,汽车,1,100,147.8,108.0,10800.0,13.5,-3993.5,-26.93,移出持仓池
2025-05-30,卖出,603166,福达股份,汽车,12,1200,16.43,14.55,17460.0,21.82,-2277.82,-11.44,移出持仓池
2025-05-30,卖出,002427,尤夫股份,基础化工,21,2100,9.43,9.43,19803.0,24.75,-24.75,0.0,移出持仓池
2025-05-30,卖出,600165,ST宁科,基础化工,38,3800,5.13,4.65,17670.0,22.09,-1846.09,-9.36,移出持仓池
2025-05-30,卖出,300984,金沃股份,机械设备,2,200,73.99,56.3,11260.0,14.08,-3552.08,-23.91,移出持仓池
2025-05-30,卖出,600126,杭钢股份,钢铁,18,1800,11.01,8.91,16038.0,20.05,-3800.05,-19.07,移出持仓池
2025-05-30,买入,300204,舒泰神,医药生物,7,700,26.5,26.5,18550.0,23.19,0.0,0.0,纳入持仓池
2025-05-30,买入,688136,科兴制药,医药生物,1,200,53.69,53.69,10738.0,13.42,0.0,0.0,纳入持仓池
2025-05-30,买入,300723,一品红,医药生物,4,400,49.65,49.65,19860.0,24.82,0.0,0.0,纳入持仓池
2025-05-30,买入,688648,中邮科技,机械设备,1,200,67.15,67.15,13430.0,16.79,0.0,0.0,纳入持仓池
2025-05-30,买入,688336,三生国健,医药生物,1,200,58.0,58.0,11600.0,14.5,0.0,0.0,纳入持仓池
2025-05-30,买入,002345,潮宏基,纺织服饰,13,1300,14.37,14.37,18681.0,23.35,0.0,0.0,纳入持仓池
2025-05-30,买入,603011,合锻智能,机械设备,9,900,20.4,20.4,18360.0,22.95,0.0,0.0,纳入持仓池
2025-05-30,买入,301225,恒勃股份,汽车,2,200,70.76,70.76,14152.0,17.69,0.0,0.0,纳入持仓池
2025-05-30,买入,002365,永安药业,医药生物,10,1000,19.95,19.95,19950.0,24.94,0.0,0.0,纳入持仓池
2025-05-30,买入,688382,益方生物,其他,3,600,30.8,30.8,18480.0,23.1,0.0,0.0,纳入持仓池
2025-05-30,买入,300972,万辰集团,商贸零售,1,100,161.0,161.0,16100.0,20.12,0.0,0.0,纳入持仓池
2025-05-30,买入,920982,锦波生物,其他,0,0,471.53,471.53,0,0,0.0,0.0,"资金不足一手（需47,153元，分配20,000元）"
2025-05-30,买入,600530,交大昂立,食品饮料,26,2600,7.6,7.6,19760.0,24.7,0.0,0.0,纳入持仓池
2025-05-30,买入,600793,宜宾纸业,轻工制造,6,600,29.77,29.77,17862.0,22.33,0.0,0.0,纳入持仓池
2025-05-30,买入,000506,招金黄金,有色金属,27,2700,7.37,7.37,19899.0,24.87,0.0,0.0,纳入持仓池
2025-05-30,持有,301209,联合化学,基础化工,2,200,94.36,112.5,--,--,3628.0,19.22,继续持有
2025-05-30,持有,002289,*ST宇顺,电子,14,1400,13.85,15.1,--,--,1750.0,9.03,继续持有
2025-05-30,持有,300718,长盛轴承,机械设备,3,300,54.09,69.14,--,--,4515.0,27.82,继续持有
2025-05-30,持有,300153,科泰电源,电力设备,9,900,22.14,26.43,--,--,3861.0,19.38,继续持有
2025-05-30,持有,300963,中洲特材,有色金属,6,600,29.59,29.2,--,--,-234.0,-1.32,继续持有
2025-05-30,持有,003010,若羽臣,商贸零售,4,400,47.35,65.46,--,--,7244.0,38.25,继续持有
2025-05-30,持有,300879,大叶股份,机械设备,3,300,53.9,44.0,--,--,-2970.0,-18.37,继续持有
2025-05-30,持有,300652,雷迪克,汽车,2,200,83.5,77.29,--,--,-1242.0,-7.44,继续持有
2025-05-30,持有,601086,国芳集团,商贸零售,14,1400,14.13,14.19,--,--,84.0,0.42,继续持有
2025-05-30,持有,000510,新金路,其他,5,500,39.78,32.16,--,--,-3810.0,-19.16,继续持有
2025-05-30,持有,000880,潍柴重机,其他,5,500,39.78,32.16,--,--,-3810.0,-19.16,继续持有
2025-05-30,持有,001212,中旗新材,建筑材料,3,300,54.36,57.53,--,--,951.0,5.83,继续持有
2025-05-30,持有,000678,襄阳轴承,其他,11,1100,17.12,15.6,--,--,-1672.0,-8.88,继续持有
2025-05-30,持有,600610,中毅达,其他,12,1200,16.07,13.06,--,--,-3612.0,-18.73,继续持有
2025-05-30,持有,300946,恒而达,机械设备,2,200,84.44,67.9,--,--,-3308.0,-19.59,继续持有
2025-06-17,卖出,688136,科兴制药,医药生物,2,200,53.69,43.99,8798.0,11.0,-1951.0,-18.07,移出持仓池
2025-06-17,卖出,300153,科泰电源,电力设备,9,900,22.14,29.07,26163.0,32.7,6204.3,31.3,移出持仓池
2025-06-17,卖出,003010,若羽臣,商贸零售,4,400,47.35,63.53,25412.0,31.77,6440.23,34.17,移出持仓池
2025-06-17,卖出,300723,一品红,医药生物,4,400,49.65,51.37,20548.0,25.69,662.31,3.46,移出持仓池
2025-06-17,卖出,688648,中邮科技,机械设备,2,200,67.15,51.67,10334.0,12.92,-3108.92,-23.05,移出持仓池
2025-06-17,卖出,300879,大叶股份,机械设备,3,300,53.9,39.98,11994.0,14.99,-4190.99,-25.83,移出持仓池
2025-06-17,卖出,300652,雷迪克,汽车,2,200,83.5,64.86,12972.0,16.21,-3744.21,-22.32,移出持仓池
2025-06-17,卖出,601086,国芳集团,商贸零售,14,1400,14.13,13.18,18452.0,23.07,-1353.07,-6.72,移出持仓池
2025-06-17,卖出,000510,新金路,其他,5,500,39.78,30.81,15405.0,19.26,-4504.26,-22.55,移出持仓池
2025-06-17,卖出,000880,潍柴重机,其他,5,500,39.78,30.81,15405.0,19.26,-4504.26,-22.55,移出持仓池
2025-06-17,卖出,001212,中旗新材,建筑材料,3,300,54.36,46.08,13824.0,17.28,-2501.28,-15.23,移出持仓池
2025-06-17,卖出,300972,万辰集团,商贸零售,1,100,161.0,172.73,17273.0,21.59,1151.41,7.29,移出持仓池
2025-06-17,卖出,300946,恒而达,机械设备,2,200,84.44,47.07,9414.0,11.77,-7485.77,-44.26,移出持仓池
2025-06-17,卖出,600793,宜宾纸业,轻工制造,6,600,29.77,26.44,15864.0,19.83,-2017.83,-11.19,移出持仓池
2025-06-17,买入,920748,路桥信息,其他,2,200,84.99,84.99,16998.0,21.25,0.0,0.0,纳入持仓池
2025-06-17,买入,920505,九菱科技,其他,2,200,68.0,68.0,13600.0,17.0,0.0,0.0,纳入持仓池
2025-06-17,买入,920169,七丰精工,其他,5,500,39.8,39.8,19900.0,24.88,0.0,0.0,纳入持仓池
2025-06-17,买入,002734,利民股份,基础化工,8,800,22.49,22.49,17992.0,22.49,0.0,0.0,纳入持仓池
2025-06-17,买入,300920,润阳科技,基础化工,3,300,53.1,53.1,15930.0,19.91,0.0,0.0,纳入持仓池
2025-06-17,买入,920002,万达轴承,其他,0,0,204.01,204.01,0,0,0.0,0.0,"资金不足一手（需20,401元，分配20,000元）"
2025-06-17,买入,920351,华光源海,其他,5,500,35.93,35.93,17965.0,22.46,0.0,0.0,纳入持仓池
2025-06-17,买入,300255,常山药业,医药生物,3,300,52.79,52.79,15837.0,19.8,0.0,0.0,纳入持仓池
2025-06-17,买入,920895,花溪科技,其他,5,500,39.73,39.73,19865.0,24.83,0.0,0.0,纳入持仓池
2025-06-17,买入,688313,仕佳光子,通信,2,400,36.88,36.88,14752.0,18.44,0.0,0.0,纳入持仓池
2025-06-17,买入,300476,胜宏科技,电子,1,100,111.08,111.08,11108.0,13.88,0.0,0.0,纳入持仓池
2025-06-17,买入,600644,乐山电力,公用事业,12,1200,16.03,16.03,19236.0,24.05,0.0,0.0,纳入持仓池
2025-06-17,买入,600281,华阳新材,有色金属,23,2300,8.45,8.45,19435.0,24.29,0.0,0.0,纳入持仓池
2025-06-17,买入,300804,广康生化,基础化工,3,300,59.16,59.16,17748.0,22.18,0.0,0.0,纳入持仓池
2025-06-17,买入,603086,先达股份,基础化工,19,1900,10.49,10.49,19931.0,24.91,0.0,0.0,纳入持仓池
2025-06-17,持有,300204,舒泰神,医药生物,7,700,26.5,35.75,--,--,6475.0,34.91,继续持有
2025-06-17,持有,002289,*ST宇顺,电子,14,1400,13.85,17.2,--,--,4690.0,24.19,继续持有
2025-06-17,持有,300718,长盛轴承,机械设备,3,300,54.09,67.64,--,--,4065.0,25.05,继续持有
2025-06-17,持有,002365,永安药业,医药生物,10,1000,19.95,25.7,--,--,5750.0,28.82,继续持有
2025-06-17,持有,600610,中毅达,其他,12,1200,16.07,14.3,--,--,-2124.0,-11.01,继续持有
2025-06-17,持有,301209,联合化学,基础化工,2,200,94.36,92.5,--,--,-372.0,-1.97,继续持有
2025-06-17,持有,301225,恒勃股份,汽车,2,200,70.76,79.62,--,--,1772.0,12.52,继续持有
2025-06-17,持有,000678,襄阳轴承,其他,11,1100,17.12,17.2,--,--,88.0,0.47,继续持有
2025-06-17,持有,300963,中洲特材,有色金属,6,600,29.59,24.71,--,--,-2928.0,-16.49,继续持有
2025-06-17,持有,002345,潮宏基,纺织服饰,13,1300,14.37,14.76,--,--,507.0,2.71,继续持有
2025-06-17,持有,688382,益方生物,其他,6,600,30.8,31.2,--,--,240.0,1.3,继续持有
2025-06-17,持有,688336,三生国健,医药生物,2,200,58.0,55.3,--,--,-540.0,-4.66,继续持有
2025-06-17,持有,000506,招金黄金,有色金属,27,2700,7.37,9.14,--,--,4779.0,24.02,继续持有
2025-06-17,持有,603011,合锻智能,机械设备,9,900,20.4,17.88,--,--,-2268.0,-12.35,继续持有
2025-06-17,持有,600530,交大昂立,食品饮料,26,2600,7.6,9.99,--,--,6214.0,31.45,继续持有
2025-06-30,卖出,300718,长盛轴承,机械设备,3,300,54.09,69.49,20847.0,26.06,4593.94,28.47,移出持仓池
2025-06-30,卖出,002734,利民股份,基础化工,8,800,22.49,18.3,14640.0,18.3,-3370.3,-18.63,移出持仓池
2025-06-30,卖出,000678,襄阳轴承,其他,11,1100,17.12,15.32,16852.0,21.07,-2001.07,-10.51,移出持仓池
2025-06-30,卖出,300255,常山药业,医药生物,3,300,52.79,46.61,13983.0,17.48,-1871.48,-11.71,移出持仓池
2025-06-30,卖出,600644,乐山电力,公用事业,12,1200,16.03,13.92,16704.0,20.88,-2552.88,-13.16,移出持仓池
2025-06-30,卖出,688382,益方生物,其他,6,600,30.8,32.82,19692.0,24.62,1187.38,6.56,移出持仓池
2025-06-30,卖出,688336,三生国健,医药生物,2,200,58.0,54.24,10848.0,13.56,-765.56,-6.48,移出持仓池
2025-06-30,卖出,600281,华阳新材,有色金属,23,2300,8.45,7.37,16951.0,21.19,-2505.19,-12.78,移出持仓池
2025-06-30,卖出,300804,广康生化,基础化工,3,300,59.16,52.47,15741.0,19.68,-2026.68,-11.31,移出持仓池
2025-06-30,卖出,603011,合锻智能,机械设备,9,900,20.4,15.58,14022.0,17.53,-4355.53,-23.63,移出持仓池
2025-06-30,卖出,600530,交大昂立,食品饮料,26,2600,7.6,9.08,23608.0,29.51,3818.49,19.47,移出持仓池
2025-06-30,卖出,603086,先达股份,基础化工,19,1900,10.49,9.8,18620.0,23.28,-1334.28,-6.58,移出持仓池
2025-06-30,买入,300468,四方精创,计算机,3,300,50.49,50.49,15147.0,18.93,0.0,0.0,纳入持仓池
2025-06-30,买入,301357,北方长龙,国防军工,2,200,95.46,95.46,19092.0,23.87,0.0,0.0,纳入持仓池
2025-06-30,买入,603226,菲林格尔,轻工制造,14,1400,13.37,13.37,18718.0,23.4,0.0,0.0,纳入持仓池
2025-06-30,买入,300591,万里马,纺织服饰,17,1700,11.25,11.25,19125.0,23.91,0.0,0.0,纳入持仓池
2025-06-30,买入,300995,奇德新材,基础化工,4,400,44.48,44.48,17792.0,22.24,0.0,0.0,纳入持仓池
2025-06-30,买入,002940,昂利康,医药生物,5,500,37.11,37.11,18555.0,23.19,0.0,0.0,纳入持仓池
2025-06-30,买入,300368,汇金股份,计算机,17,1700,11.72,11.72,19924.0,24.91,0.0,0.0,纳入持仓池
2025-06-30,买入,301024,霍普股份,建筑装饰,3,300,57.46,57.46,17238.0,21.55,0.0,0.0,纳入持仓池
2025-06-30,买入,002882,金龙羽,电力设备,5,500,39.5,39.5,19750.0,24.69,0.0,0.0,纳入持仓池
2025-06-30,买入,601606,长城军工,国防军工,6,600,29.05,29.05,17430.0,21.79,0.0,0.0,纳入持仓池
2025-06-30,买入,300810,中科海讯,国防军工,4,400,45.81,45.81,18324.0,22.91,0.0,0.0,纳入持仓池
2025-06-30,买入,002427,尤夫股份,基础化工,22,2200,8.71,8.71,19162.0,23.95,0.0,0.0,纳入持仓池
2025-06-30,买入,688552,航天南湖,国防军工,2,400,39.91,39.91,15964.0,19.96,0.0,0.0,纳入持仓池
2025-06-30,持有,300204,舒泰神,医药生物,7,700,26.5,37.28,--,--,7546.0,40.68,继续持有
2025-06-30,持有,600610,中毅达,其他,12,1200,16.07,16.38,--,--,372.0,1.93,继续持有
2025-06-30,持有,920169,七丰精工,其他,5,500,39.8,45.67,--,--,2935.0,14.75,继续持有
2025-06-30,持有,002289,*ST宇顺,电子,14,1400,13.85,16.2,--,--,3290.0,16.97,继续持有
2025-06-30,持有,920748,路桥信息,其他,2,200,84.99,70.72,--,--,-2854.0,-16.79,继续持有
2025-06-30,持有,301209,联合化学,基础化工,2,200,94.36,103.74,--,--,1876.0,9.94,继续持有
2025-06-30,持有,920505,九菱科技,其他,2,200,68.0,75.69,--,--,1538.0,11.31,继续持有
2025-06-30,持有,300476,胜宏科技,电子,1,100,111.08,134.38,--,--,2330.0,20.98,继续持有
2025-06-30,持有,002365,永安药业,医药生物,10,1000,19.95,26.75,--,--,6800.0,34.09,继续持有
2025-06-30,持有,301225,恒勃股份,汽车,2,200,70.76,75.71,--,--,990.0,7.0,继续持有
2025-06-30,持有,920351,华光源海,其他,5,500,35.93,32.82,--,--,-1555.0,-8.66,继续持有
2025-06-30,持有,300920,润阳科技,基础化工,3,300,53.1,45.83,--,--,-2181.0,-13.69,继续持有
2025-06-30,持有,300963,中洲特材,有色金属,6,600,29.59,22.9,--,--,-4014.0,-22.61,继续持有
2025-06-30,持有,000506,招金黄金,有色金属,27,2700,7.37,9.82,--,--,6615.0,33.24,继续持有
2025-06-30,持有,920002,万达轴承,其他,--,--,--,177.66,--,--,0.0,0.0,继续持有
2025-06-30,持有,002345,潮宏基,纺织服饰,13,1300,14.37,14.63,--,--,338.0,1.81,继续持有
2025-06-30,持有,920895,花溪科技,其他,5,500,39.73,34.99,--,--,-2370.0,-11.93,继续持有
2025-07-16,卖出,603226,菲林格尔,轻工制造,14,1400,13.37,12.67,17738.0,22.17,-1002.17,-5.24,移出持仓池
2025-07-16,卖出,920351,华光源海,其他,5,500,35.93,31.41,15705.0,19.63,-2279.63,-12.58,移出持仓池
2025-07-16,卖出,300368,汇金股份,计算机,17,1700,11.72,10.04,17068.0,21.34,-2877.34,-14.33,移出持仓池
2025-07-16,卖出,301024,霍普股份,建筑装饰,3,300,57.46,50.56,15168.0,18.96,-2088.96,-12.01,移出持仓池
2025-07-16,卖出,300963,中洲特材,有色金属,6,600,29.59,22.35,13410.0,16.76,-4360.76,-24.47,移出持仓池
2025-07-16,卖出,002882,金龙羽,电力设备,5,500,39.5,31.96,15980.0,19.98,-3789.98,-19.09,移出持仓池
2025-07-16,卖出,300810,中科海讯,国防军工,4,400,45.81,43.58,17432.0,21.79,-913.79,-4.87,移出持仓池
2025-07-16,卖出,002427,尤夫股份,基础化工,22,2200,8.71,8.15,17930.0,22.41,-1254.41,-6.43,移出持仓池
2025-07-16,卖出,688552,航天南湖,国防军工,4,400,39.91,34.79,13916.0,17.39,-2065.39,-12.83,移出持仓池
2025-07-16,卖出,920895,花溪科技,其他,5,500,39.73,34.59,17295.0,21.62,-2591.62,-12.94,移出持仓池
2025-07-16,买入,300723,一品红,医药生物,3,300,62.3,62.3,18690.0,23.36,0.0,0.0,纳入持仓池
2025-07-16,买入,603716,塞力医疗,医药生物,9,900,21.67,21.67,19503.0,24.38,0.0,0.0,纳入持仓池
2025-07-16,买入,688382,益方生物,其他,2,400,40.0,40.0,16000.0,20.0,0.0,0.0,纳入持仓池
2025-07-16,买入,688585,上纬新材,基础化工,4,800,23.24,23.24,18592.0,23.24,0.0,0.0,纳入持仓池
2025-07-16,买入,002951,金时科技,电力设备,10,1000,19.33,19.33,19330.0,24.16,0.0,0.0,纳入持仓池
2025-07-16,买入,688068,热景生物,其他,0,0,193.01,193.01,0,0,0.0,0.0,"资金不足一手（需38,602元，分配20,000元）"
2025-07-16,买入,600744,华银电力,公用事业,24,2400,8.3,8.3,19920.0,24.9,0.0,0.0,纳入持仓池
2025-07-16,买入,000678,襄阳轴承,其他,11,1100,17.06,17.06,18766.0,23.46,0.0,0.0,纳入持仓池
2025-07-16,买入,600589,大位科技,计算机,21,2100,9.12,9.12,19152.0,23.94,0.0,0.0,纳入持仓池
2025-07-16,买入,301263,泰恩康,医药生物,4,400,41.26,41.26,16504.0,20.63,0.0,0.0,纳入持仓池
2025-07-16,买入,688136,科兴制药,医药生物,2,400,49.3,49.3,19720.0,24.65,0.0,0.0,纳入持仓池
2025-07-16,持有,300204,舒泰神,医药生物,7,700,26.5,41.8,--,--,10710.0,57.74,继续持有
2025-07-16,持有,002289,*ST宇顺,电子,14,1400,13.85,17.78,--,--,5502.0,28.38,继续持有
2025-07-16,持有,301225,恒勃股份,汽车,2,200,70.76,89.33,--,--,3714.0,26.24,继续持有
2025-07-16,持有,002940,昂利康,医药生物,5,500,37.11,43.2,--,--,3045.0,16.41,继续持有
2025-07-16,持有,600610,中毅达,其他,12,1200,16.07,14.42,--,--,-1980.0,-10.27,继续持有
2025-07-16,持有,300591,万里马,纺织服饰,17,1700,11.25,11.95,--,--,1190.0,6.22,继续持有
2025-07-16,持有,301209,联合化学,基础化工,2,200,94.36,98.28,--,--,784.0,4.15,继续持有
2025-07-16,持有,920169,七丰精工,其他,5,500,39.8,39.62,--,--,-90.0,-0.45,继续持有
2025-07-16,持有,920505,九菱科技,其他,2,200,68.0,73.91,--,--,1182.0,8.69,继续持有
2025-07-16,持有,920748,路桥信息,其他,2,200,84.99,61.36,--,--,-4726.0,-27.8,继续持有
2025-07-16,持有,300995,奇德新材,基础化工,4,400,44.48,46.21,--,--,692.0,3.89,继续持有
2025-07-16,持有,002365,永安药业,医药生物,10,1000,19.95,23.4,--,--,3450.0,17.29,继续持有
2025-07-16,持有,000506,招金黄金,有色金属,27,2700,7.37,11.3,--,--,10611.0,53.32,继续持有
2025-07-16,持有,301357,北方长龙,国防军工,2,200,95.46,80.72,--,--,-2948.0,-15.44,继续持有
2025-07-16,持有,300476,胜宏科技,电子,1,100,111.08,155.03,--,--,4395.0,39.57,继续持有
2025-07-16,持有,300468,四方精创,计算机,3,300,50.49,42.73,--,--,-2328.0,-15.37,继续持有
2025-07-16,持有,002345,潮宏基,纺织服饰,13,1300,14.37,13.55,--,--,-1066.0,-5.71,继续持有
2025-07-16,持有,300920,润阳科技,基础化工,3,300,53.1,48.8,--,--,-1290.0,-8.1,继续持有
2025-07-16,持有,601606,长城军工,国防军工,6,600,29.05,29.18,--,--,78.0,0.45,继续持有
2025-07-31,卖出,920505,九菱科技,其他,2,200,68.0,63.62,12724.0,15.91,-891.91,-6.44,移出持仓池
2025-07-31,卖出,920748,路桥信息,其他,2,200,84.99,58.55,11710.0,14.64,-5302.64,-31.11,移出持仓池
2025-07-31,卖出,300995,奇德新材,基础化工,4,400,44.48,43.32,17328.0,21.66,-485.66,-2.61,移出持仓池
2025-07-31,卖出,002365,永安药业,医药生物,10,1000,19.95,19.59,19590.0,24.49,-384.49,-1.8,移出持仓池
2025-07-31,卖出,000506,招金黄金,有色金属,27,2700,7.37,10.0,27000.0,33.75,7067.25,35.69,移出持仓池
2025-07-31,卖出,600744,华银电力,公用事业,24,2400,8.3,6.88,16512.0,20.64,-3428.64,-17.11,移出持仓池
2025-07-31,卖出,000678,襄阳轴承,其他,11,1100,17.06,15.54,17094.0,21.37,-1693.37,-8.91,移出持仓池
2025-07-31,卖出,300468,四方精创,计算机,3,300,50.49,40.0,12000.0,15.0,-3162.0,-20.78,移出持仓池
2025-07-31,卖出,600589,大位科技,计算机,21,2100,9.12,8.2,17220.0,21.53,-1953.53,-10.09,移出持仓池
2025-07-31,卖出,301263,泰恩康,医药生物,4,400,41.26,36.94,14776.0,18.47,-1746.47,-10.47,移出持仓池
2025-07-31,买入,920942,恒立钻具,其他,3,300,57.9,57.9,17370.0,21.71,0.0,0.0,纳入持仓池
2025-07-31,买入,603389,*ST亚振,轻工制造,8,800,22.55,22.55,18040.0,22.55,0.0,0.0,纳入持仓池
2025-07-31,买入,300436,广生堂,医药生物,1,100,114.5,114.5,11450.0,14.31,0.0,0.0,纳入持仓池
2025-07-31,买入,688166,博瑞医药,医药生物,1,200,97.78,97.78,19556.0,24.45,0.0,0.0,纳入持仓池
2025-07-31,买入,600326,西藏天路,建筑材料,10,1000,19.15,19.15,19150.0,23.94,0.0,0.0,纳入持仓池
2025-07-31,买入,603226,菲林格尔,轻工制造,10,1000,18.52,18.52,18520.0,23.15,0.0,0.0,纳入持仓池
2025-07-31,买入,688313,仕佳光子,通信,1,200,54.1,54.1,10820.0,13.53,0.0,0.0,纳入持仓池
2025-07-31,买入,603590,康辰药业,医药生物,3,300,65.0,65.0,19500.0,24.38,0.0,0.0,纳入持仓池
2025-07-31,买入,301511,德福科技,电力设备,5,500,35.93,35.93,17965.0,22.46,0.0,0.0,纳入持仓池
2025-07-31,买入,603256,宏和科技,建筑材料,8,800,23.54,23.54,18832.0,23.54,0.0,0.0,纳入持仓池
2025-07-31,买入,688189,南新制药,其他,5,1000,17.14,17.14,17140.0,21.43,0.0,0.0,纳入持仓池
2025-07-31,持有,300204,舒泰神,医药生物,7,700,26.5,51.99,--,--,17843.0,96.19,继续持有
2025-07-31,持有,300723,一品红,医药生物,3,300,62.3,77.56,--,--,4578.0,24.49,继续持有
2025-07-31,持有,002289,*ST宇顺,电子,14,1400,13.85,19.39,--,--,7756.0,40.0,继续持有
2025-07-31,持有,300476,胜宏科技,电子,1,100,111.08,192.08,--,--,8100.0,72.92,继续持有
2025-07-31,持有,002940,昂利康,医药生物,5,500,37.11,57.2,--,--,10045.0,54.14,继续持有
2025-07-31,持有,688382,益方生物,其他,4,400,40.0,47.9,--,--,3160.0,19.75,继续持有
2025-07-31,持有,603716,塞力医疗,医药生物,9,900,21.67,30.02,--,--,7515.0,38.53,继续持有
2025-07-31,持有,301357,北方长龙,国防军工,2,200,95.46,102.95,--,--,1498.0,7.85,继续持有
2025-07-31,持有,601606,长城军工,国防军工,6,600,29.05,34.68,--,--,3378.0,19.38,继续持有
2025-07-31,持有,688068,热景生物,其他,--,--,--,195.0,--,--,0.0,0.0,继续持有
2025-07-31,持有,600610,中毅达,其他,12,1200,16.07,12.5,--,--,-4284.0,-22.22,继续持有
2025-07-31,持有,300591,万里马,纺织服饰,17,1700,11.25,11.94,--,--,1173.0,6.13,继续持有
2025-07-31,持有,300920,润阳科技,基础化工,3,300,53.1,54.14,--,--,312.0,1.96,继续持有
2025-07-31,持有,688136,科兴制药,医药生物,4,400,49.3,53.25,--,--,1580.0,8.01,继续持有
2025-07-31,持有,920169,七丰精工,其他,5,500,39.8,38.95,--,--,-425.0,-2.14,继续持有
2025-07-31,持有,301209,联合化学,基础化工,2,200,94.36,94.08,--,--,-56.0,-0.3,继续持有
2025-07-31,持有,301225,恒勃股份,汽车,2,200,70.76,81.67,--,--,2182.0,15.42,继续持有
2025-07-31,持有,002951,金时科技,电力设备,10,1000,19.33,16.1,--,--,-3230.0,-16.71,继续持有
2025-07-31,持有,002345,潮宏基,纺织服饰,13,1300,14.37,14.38,--,--,13.0,0.07,继续持有
2025-08-15,卖出,688382,益方生物,其他,4,400,40.0,40.63,16252.0,20.32,231.68,1.58,移出持仓池
2025-08-15,卖出,603716,塞力医疗,医药生物,9,900,21.67,28.41,25569.0,31.96,6034.04,31.1,移出持仓池
2025-08-15,卖出,600326,西藏天路,建筑材料,10,1000,19.15,16.02,16020.0,20.03,-3150.03,-16.34,移出持仓池
2025-08-15,卖出,688313,仕佳光子,通信,2,200,54.1,56.1,11220.0,14.03,385.97,3.7,移出持仓池
2025-08-15,卖出,300591,万里马,纺织服饰,17,1700,11.25,12.22,20774.0,25.97,1623.03,8.62,移出持仓池
2025-08-15,卖出,603590,康辰药业,医药生物,3,300,65.0,56.89,17067.0,21.33,-2454.33,-12.48,移出持仓池
2025-08-15,卖出,300920,润阳科技,基础化工,3,300,53.1,58.53,17559.0,21.95,1607.05,10.23,移出持仓池
2025-08-15,卖出,688136,科兴制药,医药生物,4,400,49.3,44.63,17852.0,22.32,-1890.32,-9.47,移出持仓池
2025-08-15,卖出,920169,七丰精工,其他,5,500,39.8,37.33,18665.0,23.33,-1258.33,-6.21,移出持仓池
2025-08-15,卖出,301209,联合化学,基础化工,2,200,94.36,95.88,19176.0,23.97,280.03,1.61,移出持仓池
2025-08-15,卖出,301511,德福科技,电力设备,5,500,35.93,40.75,20375.0,25.47,2384.53,13.41,移出持仓池
2025-08-15,卖出,688189,南新制药,其他,10,1000,17.14,13.48,13480.0,16.85,-3676.85,-21.35,移出持仓池
2025-08-15,卖出,002345,潮宏基,纺织服饰,13,1300,14.37,15.26,19838.0,24.8,1132.2,6.19,移出持仓池
2025-08-15,买入,688585,上纬新材,基础化工,1,200,96.69,96.69,19338.0,24.17,0.0,0.0,纳入持仓池
2025-08-15,买入,001238,浙江正特,轻工制造,3,300,50.9,50.9,15270.0,19.09,0.0,0.0,纳入持仓池
2025-08-15,买入,600113,浙江东日,商贸零售,3,300,50.9,50.9,15270.0,19.09,0.0,0.0,纳入持仓池
2025-08-15,买入,300368,汇金股份,计算机,11,1100,16.7,16.7,18370.0,22.96,0.0,0.0,纳入持仓池
2025-08-15,买入,688108,赛诺医疗,医药生物,2,400,34.57,34.57,13828.0,17.29,0.0,0.0,纳入持仓池
2025-08-15,买入,688110,东芯股份,电子,1,200,97.18,97.18,19436.0,24.3,0.0,0.0,纳入持仓池
2025-08-15,买入,002052,同洲电子,家用电器,13,1300,15.08,15.08,19604.0,24.5,0.0,0.0,纳入持仓池
2025-08-15,买入,688648,中邮科技,机械设备,1,200,75.71,75.71,15142.0,18.93,0.0,0.0,纳入持仓池
2025-08-15,买入,300584,海辰药业,医药生物,3,300,59.65,59.65,17895.0,22.37,0.0,0.0,纳入持仓池
2025-08-15,买入,300600,国瑞科技,国防军工,9,900,21.63,21.63,19467.0,24.33,0.0,0.0,纳入持仓池
2025-08-15,买入,002643,万润股份,电子,6,600,31.7,31.7,19020.0,23.78,0.0,0.0,纳入持仓池
2025-08-15,买入,301217,铜冠铜箔,电力设备,6,600,32.15,32.15,19290.0,24.11,0.0,0.0,纳入持仓池
2025-08-15,买入,002342,巨力索具,其他,22,2200,8.86,8.86,19492.0,24.37,0.0,0.0,纳入持仓池
2025-08-15,买入,600513,联环药业,医药生物,7,700,26.64,26.64,18648.0,23.31,0.0,0.0,纳入持仓池
2025-08-15,持有,300204,舒泰神,医药生物,7,700,26.5,53.49,--,--,18893.0,101.85,继续持有
2025-08-15,持有,002289,*ST宇顺,电子,14,1400,13.85,25.0,--,--,15610.0,80.51,继续持有
2025-08-15,持有,300436,广生堂,医药生物,1,100,114.5,167.24,--,--,5274.0,46.06,继续持有
2025-08-15,持有,601606,长城军工,国防军工,6,600,29.05,60.26,--,--,18726.0,107.44,继续持有
2025-08-15,持有,301357,北方长龙,国防军工,2,200,95.46,148.57,--,--,10622.0,55.64,继续持有
2025-08-15,持有,300476,胜宏科技,电子,1,100,111.08,230.7,--,--,11962.0,107.69,继续持有
2025-08-15,持有,603226,菲林格尔,轻工制造,10,1000,18.52,22.45,--,--,3930.0,21.22,继续持有
2025-08-15,持有,603256,宏和科技,建筑材料,8,800,23.54,32.86,--,--,7456.0,39.59,继续持有
2025-08-15,持有,688068,热景生物,其他,--,--,--,227.5,--,--,0.0,0.0,继续持有
2025-08-15,持有,688166,博瑞医药,医药生物,2,200,97.78,114.6,--,--,3364.0,17.2,继续持有
2025-08-15,持有,002940,昂利康,医药生物,5,500,37.11,49.65,--,--,6270.0,33.79,继续持有
2025-08-15,持有,300723,一品红,医药生物,3,300,62.3,70.6,--,--,2490.0,13.32,继续持有
2025-08-15,持有,600610,中毅达,其他,12,1200,16.07,12.98,--,--,-3708.0,-19.23,继续持有
2025-08-15,持有,920942,恒立钻具,其他,3,300,57.9,48.78,--,--,-2736.0,-15.75,继续持有
2025-08-15,持有,002951,金时科技,电力设备,10,1000,19.33,18.4,--,--,-930.0,-4.81,继续持有
2025-08-15,持有,301225,恒勃股份,汽车,2,200,70.76,85.5,--,--,2948.0,20.83,继续持有
2025-08-29,卖出,688166,博瑞医药,医药生物,2,200,97.78,96.47,19294.0,24.12,-286.12,-1.34,移出持仓池
2025-08-29,卖出,300723,一品红,医药生物,3,300,62.3,66.39,19917.0,24.9,1202.1,6.57,移出持仓池
2025-08-29,卖出,688648,中邮科技,机械设备,2,200,75.71,63.64,12728.0,15.91,-2429.91,-15.94,移出持仓池
2025-08-29,卖出,300600,国瑞科技,国防军工,9,900,21.63,19.27,17343.0,21.68,-2145.68,-10.91,移出持仓池
2025-08-29,卖出,002643,万润股份,电子,6,600,31.7,28.46,17076.0,21.34,-1965.34,-10.22,移出持仓池
2025-08-29,卖出,920942,恒立钻具,其他,3,300,57.9,43.9,13170.0,16.46,-4216.46,-24.18,移出持仓池
2025-08-29,卖出,002342,巨力索具,其他,22,2200,8.86,8.68,19096.0,23.87,-419.87,-2.03,移出持仓池
2025-08-29,卖出,002951,金时科技,电力设备,10,1000,19.33,16.43,16430.0,20.54,-2920.54,-15.0,移出持仓池
2025-08-29,卖出,301225,恒勃股份,汽车,2,200,70.76,75.0,15000.0,18.75,829.25,5.99,移出持仓池
2025-08-29,卖出,600513,联环药业,医药生物,7,700,26.64,23.25,16275.0,20.34,-2393.34,-12.73,移出持仓池
2025-08-29,买入,688313,仕佳光子,通信,1,200,83.01,83.01,16602.0,20.75,0.0,0.0,纳入持仓池
2025-08-29,买入,300502,新易盛,通信,0,0,356.2,356.2,0,0,0.0,0.0,"资金不足一手（需35,620元，分配20,000元）"
2025-08-29,买入,603389,*ST亚振,轻工制造,7,700,25.65,25.65,17955.0,22.44,0.0,0.0,纳入持仓池
2025-08-29,买入,300308,中际旭创,通信,0,0,354.92,354.92,0,0,0.0,0.0,"资金不足一手（需35,492元，分配20,000元）"
2025-08-29,买入,603716,塞力医疗,医药生物,5,500,33.95,33.95,16975.0,21.22,0.0,0.0,纳入持仓池
2025-08-29,买入,301489,思泉新材,电子,0,0,208.0,208.0,0,0,0.0,0.0,"资金不足一手（需20,800元，分配20,000元）"
2025-08-29,买入,301389,隆扬电子,电子,2,200,76.3,76.3,15260.0,19.07,0.0,0.0,纳入持仓池
2025-08-29,买入,300548,长芯博创,通信,1,100,141.53,141.53,14153.0,17.69,0.0,0.0,纳入持仓池
2025-08-29,买入,300995,奇德新材,基础化工,3,300,58.82,58.82,17646.0,22.06,0.0,0.0,纳入持仓池
2025-08-29,买入,002190,成飞集成,汽车,3,300,51.88,51.88,15564.0,19.46,0.0,0.0,纳入持仓池
2025-08-29,买入,688660,电气风电,电力设备,4,800,24.17,24.17,19336.0,24.17,0.0,0.0,纳入持仓池
2025-08-29,买入,688668,鼎通科技,通信,0,0,135.0,135.0,0,0,0.0,0.0,"资金不足一手（需27,000元，分配20,000元）"
2025-08-29,持有,688585,上纬新材,基础化工,2,200,96.69,83.0,--,--,-2738.0,-14.16,继续持有
2025-08-29,持有,300204,舒泰神,医药生物,7,700,26.5,53.34,--,--,18788.0,101.28,继续持有
2025-08-29,持有,002289,*ST宇顺,电子,14,1400,13.85,29.12,--,--,21378.0,110.25,继续持有
2025-08-29,持有,601606,长城军工,国防军工,6,600,29.05,69.17,--,--,24072.0,138.11,继续持有
2025-08-29,持有,301357,北方长龙,国防军工,2,200,95.46,182.16,--,--,17340.0,90.82,继续持有
2025-08-29,持有,300476,胜宏科技,电子,1,100,111.08,267.29,--,--,15621.0,140.63,继续持有
2025-08-29,持有,001238,浙江正特,轻工制造,3,300,50.9,59.13,--,--,2469.0,16.17,继续持有
2025-08-29,持有,600113,浙江东日,商贸零售,3,300,50.9,59.13,--,--,2469.0,16.17,继续持有
2025-08-29,持有,603256,宏和科技,建筑材料,8,800,23.54,42.29,--,--,15000.0,79.65,继续持有
2025-08-29,持有,002052,同洲电子,家用电器,13,1300,15.08,17.08,--,--,2600.0,13.26,继续持有
2025-08-29,持有,300436,广生堂,医药生物,1,100,114.5,134.61,--,--,2011.0,17.56,继续持有
2025-08-29,持有,002940,昂利康,医药生物,5,500,37.11,49.42,--,--,6155.0,33.17,继续持有
2025-08-29,持有,300368,汇金股份,计算机,11,1100,16.7,16.55,--,--,-165.0,-0.9,继续持有
2025-08-29,持有,600610,中毅达,其他,12,1200,16.07,13.07,--,--,-3600.0,-18.67,继续持有
2025-08-29,持有,688108,赛诺医疗,医药生物,4,400,34.57,33.19,--,--,-552.0,-3.99,继续持有
2025-08-29,持有,603226,菲林格尔,轻工制造,10,1000,18.52,23.21,--,--,4690.0,25.32,继续持有
2025-08-29,持有,300584,海辰药业,医药生物,3,300,59.65,56.88,--,--,-831.0,-4.64,继续持有
2025-08-29,持有,301217,铜冠铜箔,电力设备,6,600,32.15,33.29,--,--,684.0,3.55,继续持有
2025-09-16,卖出,002052,同洲电子,家用电器,13,1300,15.08,14.33,18629.0,23.29,-998.29,-4.97,移出持仓池
2025-09-16,卖出,300368,汇金股份,计算机,11,1100,16.7,14.23,15653.0,19.57,-2736.57,-14.79,移出持仓池
2025-09-16,卖出,603716,塞力医疗,医药生物,5,500,33.95,31.8,15900.0,19.88,-1094.88,-6.33,移出持仓池
2025-09-16,卖出,301389,隆扬电子,电子,2,200,76.3,69.25,13850.0,17.31,-1427.31,-9.24,移出持仓池
2025-09-16,卖出,300548,长芯博创,通信,1,100,141.53,116.85,11685.0,14.61,-2482.61,-17.44,移出持仓池
2025-09-16,卖出,600610,中毅达,其他,12,1200,16.07,12.15,14580.0,18.23,-4722.23,-24.39,移出持仓池
2025-09-16,卖出,688108,赛诺医疗,医药生物,4,400,34.57,30.38,12152.0,15.19,-1691.19,-12.12,移出持仓池
2025-09-16,卖出,300995,奇德新材,基础化工,3,300,58.82,53.77,16131.0,20.16,-1535.16,-8.59,移出持仓池
2025-09-16,卖出,002190,成飞集成,汽车,3,300,51.88,40.37,12111.0,15.14,-3468.14,-22.19,移出持仓池
2025-09-16,卖出,688660,电气风电,电力设备,8,800,24.17,19.37,15496.0,19.37,-3859.37,-19.86,移出持仓池
2025-09-16,卖出,301217,铜冠铜箔,电力设备,6,600,32.15,33.2,19920.0,24.9,605.1,3.27,移出持仓池
2025-09-16,买入,688110,东芯股份,电子,0,0,118.33,118.33,0,0,0.0,0.0,"资金不足一手（需23,666元，分配20,000元）"
2025-09-16,买入,300528,幸福蓝海,传媒,6,600,30.5,30.5,18300.0,22.88,0.0,0.0,纳入持仓池
2025-09-16,买入,605298,必得科技,机械设备,3,300,51.43,51.43,15429.0,19.29,0.0,0.0,纳入持仓池
2025-09-16,买入,688013,天臣医疗,其他,1,200,66.83,66.83,13366.0,16.71,0.0,0.0,纳入持仓池
2025-09-16,买入,603083,剑桥科技,通信,1,100,119.9,119.9,11990.0,14.99,0.0,0.0,纳入持仓池
2025-09-16,买入,603516,淳中科技,计算机,1,100,154.0,154.0,15400.0,19.25,0.0,0.0,纳入持仓池
2025-09-16,买入,300486,东杰智能,机械设备,8,800,22.65,22.65,18120.0,22.65,0.0,0.0,纳入持仓池
2025-09-16,买入,688228,开普云,其他,0,0,178.38,178.38,0,0,0.0,0.0,"资金不足一手（需35,676元，分配20,000元）"
2025-09-16,买入,601929,吉视传媒,传媒,34,3400,5.87,5.87,19958.0,24.95,0.0,0.0,纳入持仓池
2025-09-16,买入,002558,巨人网络,传媒,4,400,43.43,43.43,17372.0,21.71,0.0,0.0,纳入持仓池
2025-09-16,买入,688183,生益电子,电子,1,200,93.99,93.99,18798.0,23.5,0.0,0.0,纳入持仓池
2025-09-16,买入,301345,涛涛车业,汽车,0,0,208.53,208.53,0,0,0.0,0.0,"资金不足一手（需20,853元，分配20,000元）"
2025-09-16,持有,688585,上纬新材,基础化工,2,200,96.69,99.24,--,--,510.0,2.64,继续持有
2025-09-16,持有,002289,*ST宇顺,电子,14,1400,13.85,34.98,--,--,29582.0,152.56,继续持有
2025-09-16,持有,300204,舒泰神,医药生物,7,700,26.5,38.14,--,--,8148.0,43.92,继续持有
2025-09-16,持有,603389,*ST亚振,轻工制造,7,700,25.65,27.2,--,--,1085.0,6.04,继续持有
2025-09-16,持有,603226,菲林格尔,轻工制造,10,1000,18.52,29.09,--,--,10570.0,57.07,继续持有
2025-09-16,持有,300476,胜宏科技,电子,1,100,111.08,346.99,--,--,23591.0,212.38,继续持有
2025-09-16,持有,603256,宏和科技,建筑材料,8,800,23.54,39.19,--,--,12520.0,66.48,继续持有
2025-09-16,持有,001238,浙江正特,轻工制造,3,300,50.9,57.2,--,--,1890.0,12.38,继续持有
2025-09-16,持有,600113,浙江东日,商贸零售,3,300,50.9,57.2,--,--,1890.0,12.38,继续持有
2025-09-16,持有,300308,中际旭创,通信,--,--,--,411.42,--,--,0.0,0.0,继续持有
2025-09-16,持有,688313,仕佳光子,通信,2,200,83.01,68.59,--,--,-2884.0,-17.37,继续持有
2025-09-16,持有,601606,长城军工,国防军工,6,600,29.05,47.76,--,--,11226.0,64.41,继续持有
2025-09-16,持有,301357,北方长龙,国防军工,2,200,95.46,129.05,--,--,6718.0,35.19,继续持有
2025-09-16,持有,300436,广生堂,医药生物,1,100,114.5,117.06,--,--,256.0,2.24,继续持有
2025-09-16,持有,301489,思泉新材,电子,--,--,--,226.0,--,--,0.0,0.0,继续持有
2025-09-16,持有,300502,新易盛,通信,--,--,--,345.75,--,--,0.0,0.0,继续持有
2025-09-16,持有,300584,海辰药业,医药生物,3,300,59.65,64.61,--,--,1488.0,8.32,继续持有
2025-09-16,持有,002940,昂利康,医药生物,5,500,37.11,43.24,--,--,3065.0,16.52,继续持有
2025-09-30,卖出,601606,长城军工,国防军工,6,600,29.05,42.68,25608.0,32.01,8145.99,46.92,移出持仓池
2025-09-30,卖出,300528,幸福蓝海,传媒,6,600,30.5,21.7,13020.0,16.27,-5296.27,-28.85,移出持仓池
2025-09-30,卖出,605298,必得科技,机械设备,3,300,51.43,42.56,12768.0,15.96,-2676.96,-17.25,移出持仓池
2025-09-30,卖出,300436,广生堂,医药生物,1,100,114.5,98.91,9891.0,12.36,-1571.36,-13.62,移出持仓池
2025-09-30,卖出,688013,天臣医疗,其他,2,200,66.83,60.36,12072.0,15.09,-1309.09,-9.68,移出持仓池
2025-09-30,卖出,300584,海辰药业,医药生物,3,300,59.65,56.09,16827.0,21.03,-1089.03,-5.97,移出持仓池
2025-09-30,卖出,002940,昂利康,医药生物,5,500,37.11,38.02,19010.0,23.76,431.24,2.45,移出持仓池
2025-09-30,卖出,601929,吉视传媒,传媒,34,3400,5.87,3.77,12818.0,16.02,-7156.02,-35.78,移出持仓池
2025-09-30,卖出,688183,生益电子,电子,2,200,93.99,78.5,15700.0,19.62,-3117.62,-16.48,移出持仓池
2025-09-30,买入,688411,海博思创,电力设备,0,0,323.92,323.92,0,0,0.0,0.0,"资金不足一手（需64,784元，分配20,000元）"
2025-09-30,买入,300368,汇金股份,计算机,10,1000,19.11,19.11,19110.0,23.89,0.0,0.0,纳入持仓池
2025-09-30,买入,688498,源杰科技,电子,0,0,429.0,429.0,0,0,0.0,0.0,"资金不足一手（需85,800元，分配20,000元）"
2025-09-30,买入,600629,华建集团,建筑装饰,6,600,28.69,28.69,17214.0,21.52,0.0,0.0,纳入持仓池
2025-09-30,买入,000691,*ST亚太,基础化工,16,1600,12.41,12.41,19856.0,24.82,0.0,0.0,纳入持仓池
2025-09-30,买入,688109,品茗科技,计算机,0,0,100.6,100.6,0,0,0.0,0.0,"资金不足一手（需20,120元，分配20,000元）"
2025-09-30,买入,601138,工业富联,电子,3,300,66.01,66.01,19803.0,24.75,0.0,0.0,纳入持仓池
2025-09-30,买入,300539,横河精密,基础化工,4,400,46.68,46.68,18672.0,23.34,0.0,0.0,纳入持仓池
2025-09-30,买入,688210,统联精密,电子,1,200,62.45,62.45,12490.0,15.61,0.0,0.0,纳入持仓池
2025-09-30,买入,688215,瑞晟智能,机械设备,1,200,82.48,82.48,16496.0,20.62,0.0,0.0,纳入持仓池
2025-09-30,买入,301389,隆扬电子,电子,3,300,60.3,60.3,18090.0,22.61,0.0,0.0,纳入持仓池
2025-09-30,持有,603226,菲林格尔,轻工制造,10,1000,18.52,38.61,--,--,20090.0,108.48,继续持有
2025-09-30,持有,603389,*ST亚振,轻工制造,7,700,25.65,38.18,--,--,8771.0,48.85,继续持有
2025-09-30,持有,002289,*ST宇顺,电子,14,1400,13.85,37.28,--,--,32802.0,169.17,继续持有
2025-09-30,持有,300308,中际旭创,通信,--,--,--,403.68,--,--,0.0,0.0,继续持有
2025-09-30,持有,300204,舒泰神,医药生物,7,700,26.5,35.01,--,--,5957.0,32.11,继续持有
2025-09-30,持有,300502,新易盛,通信,--,--,--,365.77,--,--,0.0,0.0,继续持有
2025-09-30,持有,688313,仕佳光子,通信,2,200,83.01,71.3,--,--,-2342.0,-14.11,继续持有
2025-09-30,持有,603516,淳中科技,计算机,1,100,154.0,164.7,--,--,1070.0,6.95,继续持有
2025-09-30,持有,603256,宏和科技,建筑材料,8,800,23.54,34.87,--,--,9064.0,48.13,继续持有
2025-09-30,持有,300476,胜宏科技,电子,1,100,111.08,285.5,--,--,17442.0,157.02,继续持有
2025-09-30,持有,301489,思泉新材,电子,--,--,--,240.0,--,--,0.0,0.0,继续持有
2025-09-30,持有,603083,剑桥科技,通信,1,100,119.9,127.8,--,--,790.0,6.59,继续持有
2025-09-30,持有,688110,东芯股份,电子,2,200,97.18,106.9,--,--,1944.0,10.0,继续持有
2025-09-30,持有,001238,浙江正特,轻工制造,3,300,50.9,54.77,--,--,1161.0,7.6,继续持有
2025-09-30,持有,600113,浙江东日,商贸零售,3,300,50.9,54.77,--,--,1161.0,7.6,继续持有
2025-09-30,持有,688228,开普云,其他,--,--,--,205.0,--,--,0.0,0.0,继续持有
2025-09-30,持有,301357,北方长龙,国防军工,2,200,95.46,114.86,--,--,3880.0,20.32,继续持有
2025-09-30,持有,002558,巨人网络,传媒,4,400,43.43,45.18,--,--,700.0,4.03,继续持有
2025-09-30,持有,300486,东杰智能,机械设备,8,800,22.65,21.7,--,--,-760.0,-4.19,继续持有
2025-10-21,卖出,688313,仕佳光子,通信,2,200,83.01,67.71,13542.0,16.93,-3076.93,-18.43,移出持仓池
2025-10-21,卖出,000691,*ST亚太,基础化工,16,1600,12.41,10.62,16992.0,21.24,-2885.24,-14.42,移出持仓池
2025-10-21,卖出,688110,东芯股份,电子,2,200,97.18,98.61,19722.0,24.65,261.35,1.47,移出持仓池
2025-10-21,卖出,688210,统联精密,电子,2,200,62.45,52.1,10420.0,13.03,-2083.03,-16.57,移出持仓池
2025-10-21,卖出,002558,巨人网络,传媒,4,400,43.43,40.1,16040.0,20.05,-1352.05,-7.67,移出持仓池
2025-10-21,卖出,688215,瑞晟智能,机械设备,2,200,82.48,85.0,17000.0,21.25,482.75,3.06,移出持仓池
2025-10-21,卖出,301389,隆扬电子,电子,3,300,60.3,55.05,16515.0,20.64,-1595.64,-8.71,移出持仓池
2025-10-21,卖出,300486,东杰智能,机械设备,8,800,22.65,20.34,16272.0,20.34,-1868.34,-10.2,移出持仓池
2025-10-21,买入,688585,上纬新材,基础化工,1,200,92.0,92.0,18400.0,23.0,0.0,0.0,纳入持仓池
2025-10-21,买入,605255,天普股份,汽车,2,200,83.8,83.8,16760.0,20.95,0.0,0.0,纳入持仓池
2025-10-21,买入,601606,长城军工,国防军工,4,400,48.88,48.88,19552.0,24.44,0.0,0.0,纳入持仓池
2025-10-21,买入,300436,广生堂,医药生物,1,100,118.43,118.43,11843.0,14.8,0.0,0.0,纳入持仓池
2025-10-21,买入,301345,涛涛车业,汽车,0,0,240.5,240.5,0,0,0.0,0.0,"资金不足一手（需24,050元，分配20,000元）"
2025-10-21,买入,603301,振德医疗,医药生物,2,200,70.91,70.91,14182.0,17.73,0.0,0.0,纳入持仓池
2025-10-21,买入,300475,香农芯创,电子,1,100,104.9,104.9,10490.0,13.11,0.0,0.0,纳入持仓池
2025-10-21,买入,002759,天际股份,电力设备,8,800,23.77,23.77,19016.0,23.77,0.0,0.0,纳入持仓池
2025-10-21,买入,300111,向日葵,医药生物,22,2200,8.98,8.98,19756.0,24.7,0.0,0.0,纳入持仓池
2025-10-21,持有,603389,*ST亚振,轻工制造,7,700,25.65,40.73,--,--,10556.0,58.79,继续持有
2025-10-21,持有,603226,菲林格尔,轻工制造,10,1000,18.52,43.55,--,--,25030.0,135.15,继续持有
2025-10-21,持有,300308,中际旭创,通信,--,--,--,441.5,--,--,0.0,0.0,继续持有
2025-10-21,持有,688109,品茗科技,计算机,--,--,--,144.0,--,--,0.0,0.0,继续持有
2025-10-21,持有,600629,华建集团,建筑装饰,6,600,28.69,40.93,--,--,7344.0,42.66,继续持有
2025-10-21,持有,688498,源杰科技,电子,--,--,--,496.78,--,--,0.0,0.0,继续持有
2025-10-21,持有,603516,淳中科技,计算机,1,100,154.0,154.3,--,--,30.0,0.19,继续持有
2025-10-21,持有,301357,北方长龙,国防军工,2,200,95.46,142.21,--,--,9350.0,48.97,继续持有
2025-10-21,持有,688411,海博思创,电力设备,--,--,--,291.49,--,--,0.0,0.0,继续持有
2025-10-21,持有,300502,新易盛,通信,--,--,--,365.42,--,--,0.0,0.0,继续持有
2025-10-21,持有,300539,横河精密,基础化工,4,400,46.68,53.14,--,--,2584.0,13.84,继续持有
2025-10-21,持有,601138,工业富联,电子,3,300,66.01,68.0,--,--,597.0,3.01,继续持有
2025-10-21,持有,300476,胜宏科技,电子,1,100,111.08,281.15,--,--,17007.0,153.11,继续持有
2025-10-21,持有,001238,浙江正特,轻工制造,3,300,50.9,52.49,--,--,477.0,3.12,继续持有
2025-10-21,持有,600113,浙江东日,商贸零售,3,300,50.9,52.49,--,--,477.0,3.12,继续持有
2025-10-21,持有,002289,*ST宇顺,电子,14,1400,13.85,35.36,--,--,30114.0,155.31,继续持有
2025-10-21,持有,300368,汇金股份,计算机,10,1000,19.11,19.2,--,--,90.0,0.47,继续持有
2025-10-21,持有,301489,思泉新材,电子,--,--,--,210.38,--,--,0.0,0.0,继续持有
2025-10-21,持有,603256,宏和科技,建筑材料,8,800,23.54,33.35,--,--,7848.0,41.67,继续持有
2025-10-21,持有,300204,舒泰神,医药生物,7,700,26.5,36.99,--,--,7343.0,39.58,继续持有
2025-10-21,持有,603083,剑桥科技,通信,1,100,119.9,112.48,--,--,-742.0,-6.19,继续持有
2025-10-31,卖出,600629,华建集团,建筑装饰,6,600,28.69,23.02,13812.0,17.27,-3419.27,-19.76,移出持仓池
2025-10-31,卖出,001238,浙江正特,轻工制造,3,300,50.9,47.6,14280.0,17.85,-1007.85,-6.48,移出持仓池
2025-10-31,卖出,600113,浙江东日,商贸零售,3,300,50.9,47.6,14280.0,17.85,-1007.85,-6.48,移出持仓池
2025-10-31,卖出,002289,*ST宇顺,电子,14,1400,13.85,34.11,47754.0,59.69,28304.31,146.28,移出持仓池
2025-10-31,卖出,300368,汇金股份,计算机,10,1000,19.11,17.79,17790.0,22.24,-1342.24,-6.91,移出持仓池
2025-10-31,卖出,603083,剑桥科技,通信,1,100,119.9,103.04,10304.0,12.88,-1698.88,-14.06,移出持仓池
2025-10-31,卖出,300111,向日葵,医药生物,22,2200,8.98,8.73,19206.0,24.01,-574.01,-2.78,移出持仓池
2025-10-31,买入,301377,鼎泰高科,机械设备,1,100,123.0,123.0,12300.0,15.38,0.0,0.0,纳入持仓池
2025-10-31,买入,605178,时空科技,建筑装饰,2,200,69.83,69.83,13966.0,17.46,0.0,0.0,纳入持仓池
2025-10-31,买入,688183,生益电子,电子,0,0,108.8,108.8,0,0,0.0,0.0,"资金不足一手（需21,760元，分配20,000元）"
2025-10-31,买入,688210,统联精密,电子,1,200,62.68,62.68,12536.0,15.67,0.0,0.0,纳入持仓池
2025-10-31,买入,600021,上海电力,公用事业,6,600,29.69,29.69,17814.0,22.27,0.0,0.0,纳入持仓池
2025-10-31,买入,301308,江波龙,电子,0,0,261.31,261.31,0,0,0.0,0.0,"资金不足一手（需26,131元，分配20,000元）"
2025-10-31,买入,300300,海峡创新,计算机,19,1900,10.25,10.25,19475.0,24.34,0.0,0.0,纳入持仓池
2025-10-31,买入,301217,铜冠铜箔,电力设备,5,500,35.0,35.0,17500.0,21.88,0.0,0.0,纳入持仓池
2025-10-31,买入,300486,东杰智能,机械设备,8,800,23.39,23.39,18712.0,23.39,0.0,0.0,纳入持仓池
2025-10-31,持有,688585,上纬新材,基础化工,2,200,92.0,105.31,--,--,2662.0,14.47,继续持有
2025-10-31,持有,603389,*ST亚振,轻工制造,7,700,25.65,44.65,--,--,13300.0,74.07,继续持有
2025-10-31,持有,603226,菲林格尔,轻工制造,10,1000,18.52,42.01,--,--,23490.0,126.84,继续持有
2025-10-31,持有,605255,天普股份,汽车,2,200,83.8,92.62,--,--,1764.0,10.53,继续持有
2025-10-31,持有,603301,振德医疗,医药生物,2,200,70.91,95.0,--,--,4818.0,33.97,继续持有
2025-10-31,持有,300308,中际旭创,通信,--,--,--,473.01,--,--,0.0,0.0,继续持有
2025-10-31,持有,603516,淳中科技,计算机,1,100,154.0,172.7,--,--,1870.0,12.14,继续持有
2025-10-31,持有,300475,香农芯创,电子,1,100,104.9,132.52,--,--,2762.0,26.33,继续持有
2025-10-31,持有,688109,品茗科技,计算机,--,--,--,129.98,--,--,0.0,0.0,继续持有
2025-10-31,持有,002759,天际股份,电力设备,8,800,23.77,30.84,--,--,5656.0,29.74,继续持有
2025-10-31,持有,301357,北方长龙,国防军工,2,200,95.46,151.0,--,--,11108.0,58.18,继续持有
2025-10-31,持有,300436,广生堂,医药生物,1,100,118.43,121.97,--,--,354.0,2.99,继续持有
2025-10-31,持有,601606,长城军工,国防军工,4,400,48.88,51.26,--,--,952.0,4.87,继续持有
2025-10-31,持有,688498,源杰科技,电子,--,--,--,508.07,--,--,0.0,0.0,继续持有
2025-10-31,持有,601138,工业富联,电子,3,300,66.01,72.0,--,--,1797.0,9.07,继续持有
2025-10-31,持有,300476,胜宏科技,电子,1,100,111.08,294.0,--,--,18292.0,164.67,继续持有
2025-10-31,持有,688411,海博思创,电力设备,--,--,--,274.85,--,--,0.0,0.0,继续持有
2025-10-31,持有,603256,宏和科技,建筑材料,8,800,23.54,35.4,--,--,9488.0,50.38,继续持有
2025-10-31,持有,301345,涛涛车业,汽车,--,--,--,237.49,--,--,0.0,0.0,继续持有
2025-10-31,持有,300204,舒泰神,医药生物,7,700,26.5,38.3,--,--,8260.0,44.53,继续持有
2025-10-31,持有,300539,横河精密,基础化工,4,400,46.68,48.51,--,--,732.0,3.92,继续持有
2025-11-17,卖出,301357,北方长龙,国防军工,2,200,95.46,175.77,35154.0,43.94,16018.06,84.13,移出持仓池
2025-11-17,卖出,603256,宏和科技,建筑材料,8,800,23.54,30.15,24120.0,30.15,5257.85,28.08,移出持仓池
2025-11-17,卖出,688210,统联精密,电子,2,200,62.68,52.55,10510.0,13.14,-2039.14,-16.16,移出持仓池
2025-11-17,卖出,300204,舒泰神,医药生物,7,700,26.5,36.31,25417.0,31.77,6835.23,37.02,移出持仓池
2025-11-17,卖出,600021,上海电力,公用事业,6,600,29.69,26.2,15720.0,19.65,-2113.65,-11.75,移出持仓池
2025-11-17,卖出,301217,铜冠铜箔,电力设备,5,500,35.0,33.72,16860.0,21.07,-661.07,-3.66,移出持仓池
2025-11-17,卖出,300486,东杰智能,机械设备,8,800,23.39,21.05,16840.0,21.05,-1893.05,-10.0,移出持仓池
2025-11-17,买入,688353,华盛锂电,电力设备,0,0,136.87,136.87,0,0,0.0,0.0,"资金不足一手（需27,374元，分配20,000元）"
2025-11-17,买入,301292,海科新源,电力设备,2,200,77.12,77.12,15424.0,19.28,0.0,0.0,纳入持仓池
2025-11-17,买入,001238,浙江正特,轻工制造,3,300,56.85,56.85,17055.0,21.32,0.0,0.0,纳入持仓池
2025-11-17,买入,600113,浙江东日,商贸零售,3,300,56.85,56.85,17055.0,21.32,0.0,0.0,纳入持仓池
2025-11-17,买入,300959,线上线下,通信,1,100,146.47,146.47,14647.0,18.31,0.0,0.0,纳入持仓池
2025-11-17,买入,600408,安泰集团,煤炭,29,2900,6.89,6.89,19981.0,24.98,0.0,0.0,纳入持仓池
2025-11-17,买入,002407,多氟多,基础化工,4,400,40.65,40.65,16260.0,20.32,0.0,0.0,纳入持仓池
2025-11-17,买入,300390,天华新能,电力设备,3,300,59.77,59.77,17931.0,22.41,0.0,0.0,纳入持仓池
2025-11-17,买入,688195,腾景科技,电子,0,0,135.61,135.61,0,0,0.0,0.0,"资金不足一手（需27,122元，分配20,000元）"
2025-11-17,持有,688585,上纬新材,基础化工,2,200,92.0,116.16,--,--,4832.0,26.26,继续持有
2025-11-17,持有,002759,天际股份,电力设备,8,800,23.77,47.17,--,--,18720.0,98.44,继续持有
2025-11-17,持有,605255,天普股份,汽车,2,200,83.8,103.49,--,--,3938.0,23.5,继续持有
2025-11-17,持有,603516,淳中科技,计算机,1,100,154.0,201.88,--,--,4788.0,31.09,继续持有
2025-11-17,持有,300475,香农芯创,电子,1,100,104.9,170.89,--,--,6599.0,62.91,继续持有
2025-11-17,持有,300300,海峡创新,计算机,19,1900,10.25,18.24,--,--,15181.0,77.95,继续持有
2025-11-17,持有,688411,海博思创,电力设备,--,--,--,361.23,--,--,0.0,0.0,继续持有
2025-11-17,持有,300308,中际旭创,通信,--,--,--,483.2,--,--,0.0,0.0,继续持有
2025-11-17,持有,605178,时空科技,建筑装饰,2,200,69.83,84.05,--,--,2844.0,20.36,继续持有
2025-11-17,持有,688109,品茗科技,计算机,--,--,--,133.0,--,--,0.0,0.0,继续持有
2025-11-17,持有,603226,菲林格尔,轻工制造,10,1000,18.52,38.5,--,--,19980.0,107.88,继续持有
2025-11-17,持有,301377,鼎泰高科,机械设备,1,100,123.0,109.6,--,--,-1340.0,-10.89,继续持有
2025-11-17,持有,688498,源杰科技,电子,--,--,--,527.01,--,--,0.0,0.0,继续持有
2025-11-17,持有,301308,江波龙,电子,--,--,--,287.73,--,--,0.0,0.0,继续持有
2025-11-17,持有,603389,*ST亚振,轻工制造,7,700,25.65,45.89,--,--,14168.0,78.91,继续持有
2025-11-17,持有,603301,振德医疗,医药生物,2,200,70.91,80.16,--,--,1850.0,13.04,继续持有
2025-11-17,持有,601606,长城军工,国防军工,4,400,48.88,53.55,--,--,1868.0,9.55,继续持有
2025-11-17,持有,300476,胜宏科技,电子,1,100,111.08,281.18,--,--,17010.0,153.13,继续持有
2025-11-17,持有,300436,广生堂,医药生物,1,100,118.43,99.99,--,--,-1844.0,-15.57,继续持有
2025-11-17,持有,601138,工业富联,电子,3,300,66.01,64.94,--,--,-321.0,-1.62,继续持有
2025-11-17,持有,300539,横河精密,基础化工,4,400,46.68,48.15,--,--,588.0,3.15,继续持有
2025-11-28,卖出,300959,线上线下,通信,1,100,146.47,125.72,12572.0,15.71,-2090.71,-14.17,移出持仓池
2025-11-28,卖出,600408,安泰集团,煤炭,29,2900,6.89,4.67,13543.0,16.93,-6454.93,-32.22,移出持仓池
2025-11-28,卖出,002407,多氟多,基础化工,4,400,40.65,34.55,13820.0,17.28,-2457.28,-15.01,移出持仓池
2025-11-28,卖出,300390,天华新能,电力设备,3,300,59.77,51.94,15582.0,19.48,-2368.48,-13.1,移出持仓池
2025-11-28,卖出,300476,胜宏科技,电子,1,100,111.08,270.7,27070.0,33.84,15928.16,143.7,移出持仓池
2025-11-28,卖出,300436,广生堂,医药生物,1,100,118.43,100.0,10000.0,12.5,-1855.5,-15.56,移出持仓池
2025-11-28,卖出,601138,工业富联,电子,3,300,66.01,60.72,18216.0,22.77,-1609.77,-8.01,移出持仓池
2025-11-28,买入,688110,东芯股份,电子,0,0,130.0,130.0,0,0,0.0,0.0,"资金不足一手（需26,000元，分配20,000元）"
2025-11-28,买入,605580,恒盛能源,公用事业,4,400,43.6,43.6,17440.0,21.8,0.0,0.0,纳入持仓池
2025-11-28,买入,603778,国晟科技,建筑装饰,17,1700,11.59,11.59,19703.0,24.63,0.0,0.0,纳入持仓池
2025-11-28,买入,300620,光库科技,通信,1,100,153.8,153.8,15380.0,19.23,0.0,0.0,纳入持仓池
2025-11-28,买入,000609,*ST中迪,房地产,16,1600,12.01,12.01,19216.0,24.02,0.0,0.0,纳入持仓池
2025-11-28,买入,300502,新易盛,通信,0,0,347.8,347.8,0,0,0.0,0.0,"资金不足一手（需34,780元，分配20,000元）"
2025-11-28,买入,603122,合富中国,医药生物,8,800,23.82,23.82,19056.0,23.82,0.0,0.0,纳入持仓池
2025-11-28,买入,301489,思泉新材,电子,1,100,181.04,181.04,18104.0,22.63,0.0,0.0,纳入持仓池
2025-11-28,持有,688585,上纬新材,基础化工,2,200,92.0,113.27,--,--,4254.0,23.12,继续持有
2025-11-28,持有,002759,天际股份,电力设备,8,800,23.77,45.03,--,--,17008.0,89.44,继续持有
2025-11-28,持有,301292,海科新源,电力设备,2,200,77.12,80.62,--,--,700.0,4.54,继续持有
2025-11-28,持有,688109,品茗科技,计算机,--,--,--,159.24,--,--,0.0,0.0,继续持有
2025-11-28,持有,300308,中际旭创,通信,--,--,--,514.5,--,--,0.0,0.0,继续持有
2025-11-28,持有,688353,华盛锂电,电力设备,--,--,--,111.8,--,--,0.0,0.0,继续持有
2025-11-28,持有,603516,淳中科技,计算机,1,100,154.0,177.95,--,--,2395.0,15.55,继续持有
2025-11-28,持有,300475,香农芯创,电子,1,100,104.9,141.89,--,--,3699.0,35.26,继续持有
2025-11-28,持有,688195,腾景科技,电子,--,--,--,176.0,--,--,0.0,0.0,继续持有
2025-11-28,持有,688411,海博思创,电力设备,--,--,--,302.9,--,--,0.0,0.0,继续持有
2025-11-28,持有,601606,长城军工,国防军工,4,400,48.88,52.95,--,--,1628.0,8.33,继续持有
2025-11-28,持有,001238,浙江正特,轻工制造,3,300,56.85,54.8,--,--,-615.0,-3.61,继续持有
2025-11-28,持有,600113,浙江东日,商贸零售,3,300,56.85,54.8,--,--,-615.0,-3.61,继续持有
2025-11-28,持有,603301,振德医疗,医药生物,2,200,70.91,79.28,--,--,1674.0,11.8,继续持有
2025-11-28,持有,300300,海峡创新,计算机,19,1900,10.25,16.05,--,--,11020.0,56.59,继续持有
2025-11-28,持有,688498,源杰科技,电子,--,--,--,538.91,--,--,0.0,0.0,继续持有
2025-11-28,持有,301377,鼎泰高科,机械设备,1,100,123.0,100.39,--,--,-2261.0,-18.38,继续持有
2025-11-28,持有,603389,*ST亚振,轻工制造,7,700,25.65,40.81,--,--,10612.0,59.1,继续持有
2025-11-28,持有,301308,江波龙,电子,--,--,--,249.19,--,--,0.0,0.0,继续持有
2025-11-28,持有,603226,菲林格尔,轻工制造,10,1000,18.52,38.33,--,--,19810.0,106.97,继续持有
2025-11-28,持有,605178,时空科技,建筑装饰,2,200,69.83,62.25,--,--,-1516.0,-10.85,继续持有
2025-11-28,持有,300539,横河精密,基础化工,4,400,46.68,43.76,--,--,-1168.0,-6.26,继续持有
2025-12-16,卖出,301292,海科新源,电力设备,2,200,77.12,57.83,11566.0,14.46,-3872.46,-25.01,移出持仓池
2025-12-16,卖出,605580,恒盛能源,公用事业,4,400,43.6,34.2,13680.0,17.1,-3777.1,-21.56,移出持仓池
2025-12-16,卖出,601606,长城军工,国防军工,4,400,48.88,46.11,18444.0,23.05,-1131.05,-5.67,移出持仓池
2025-12-16,卖出,001238,浙江正特,轻工制造,3,300,56.85,61.5,18450.0,23.06,1371.94,8.18,移出持仓池
2025-12-16,卖出,600113,浙江东日,商贸零售,3,300,56.85,61.5,18450.0,23.06,1371.94,8.18,移出持仓池
2025-12-16,卖出,000609,*ST中迪,房地产,16,1600,12.01,9.4,15040.0,18.8,-4194.8,-21.73,移出持仓池
2025-12-16,卖出,603389,*ST亚振,轻工制造,7,700,25.65,31.62,22134.0,27.67,4151.33,23.27,移出持仓池
2025-12-16,卖出,603226,菲林格尔,轻工制造,10,1000,18.52,30.15,30150.0,37.69,11592.31,62.8,移出持仓池
2025-12-16,卖出,605178,时空科技,建筑装饰,2,200,69.83,50.98,10196.0,12.75,-3782.75,-26.99,移出持仓池
2025-12-16,卖出,300539,横河精密,基础化工,4,400,46.68,38.7,15480.0,19.35,-3211.35,-17.1,移出持仓池
2025-12-16,买入,605255,天普股份,汽车,1,100,156.13,156.13,15613.0,19.52,0.0,0.0,纳入持仓池
2025-12-16,买入,300456,赛微电子,电子,3,300,64.4,64.4,19320.0,24.15,0.0,0.0,纳入持仓池
2025-12-16,买入,301232,飞沃科技,电力设备,1,100,107.09,107.09,10709.0,13.39,0.0,0.0,纳入持仓池
2025-12-16,买入,600343,航天动力,机械设备,5,500,39.35,39.35,19675.0,24.59,0.0,0.0,纳入持仓池
2025-12-16,买入,301183,东田微,电子,1,100,165.0,165.0,16500.0,20.62,0.0,0.0,纳入持仓池
2025-12-16,买入,603929,亚翔集成,建筑装饰,2,200,92.5,92.5,18500.0,23.12,0.0,0.0,纳入持仓池
2025-12-16,买入,600693,东百集团,商贸零售,11,1100,17.59,17.59,19349.0,24.19,0.0,0.0,纳入持仓池
2025-12-16,买入,000547,航天发展,国防军工,8,800,22.93,22.93,18344.0,22.93,0.0,0.0,纳入持仓池
2025-12-16,买入,002837,英维克,机械设备,2,200,84.5,84.5,16900.0,21.12,0.0,0.0,纳入持仓池
2025-12-16,买入,688228,开普云,其他,0,0,186.0,186.0,0,0,0.0,0.0,"资金不足一手（需37,200元，分配20,000元）"
2025-12-16,买入,688102,斯瑞新材,有色金属,2,400,38.53,38.53,15412.0,19.27,0.0,0.0,纳入持仓池
2025-12-16,持有,688585,上纬新材,基础化工,2,200,92.0,96.4,--,--,880.0,4.78,继续持有
2025-12-16,持有,603516,淳中科技,计算机,1,100,154.0,196.48,--,--,4248.0,27.58,继续持有
2025-12-16,持有,300308,中际旭创,通信,--,--,--,551.79,--,--,0.0,0.0,继续持有
2025-12-16,持有,300502,新易盛,通信,--,--,--,407.2,--,--,0.0,0.0,继续持有
2025-12-16,持有,603122,合富中国,医药生物,8,800,23.82,26.2,--,--,1904.0,9.99,继续持有
2025-12-16,持有,688195,腾景科技,电子,--,--,--,166.37,--,--,0.0,0.0,继续持有
2025-12-16,持有,603778,国晟科技,建筑装饰,17,1700,11.59,12.0,--,--,697.0,3.54,继续持有
2025-12-16,持有,688110,东芯股份,电子,--,--,--,112.0,--,--,0.0,0.0,继续持有
2025-12-16,持有,301377,鼎泰高科,机械设备,1,100,123.0,119.8,--,--,-320.0,-2.6,继续持有
2025-12-16,持有,688498,源杰科技,电子,--,--,--,599.99,--,--,0.0,0.0,继续持有
2025-12-16,持有,688109,品茗科技,计算机,--,--,--,112.02,--,--,0.0,0.0,继续持有
2025-12-16,持有,300475,香农芯创,电子,1,100,104.9,128.9,--,--,2400.0,22.88,继续持有
2025-12-16,持有,300620,光库科技,通信,1,100,153.8,155.81,--,--,201.0,1.31,继续持有
2025-12-16,持有,300300,海峡创新,计算机,19,1900,10.25,16.11,--,--,11134.0,57.17,继续持有
2025-12-16,持有,002759,天际股份,电力设备,8,800,23.77,31.57,--,--,6240.0,32.81,继续持有
2025-12-16,持有,301489,思泉新材,电子,1,100,181.04,183.65,--,--,261.0,1.44,继续持有
2025-12-16,持有,688411,海博思创,电力设备,--,--,--,256.4,--,--,0.0,0.0,继续持有
2025-12-16,持有,603301,振德医疗,医药生物,2,200,70.91,65.08,--,--,-1166.0,-8.22,继续持有
2025-12-16,持有,688353,华盛锂电,电力设备,--,--,--,94.0,--,--,0.0,0.0,继续持有
2025-12-31,卖出,300300,海峡创新,计算机,19,1900,10.25,15.03,28557.0,35.7,9046.3,46.63,移出持仓池
2025-12-31,卖出,301183,东田微,电子,1,100,165.0,155.09,15509.0,19.39,-1010.39,-6.01,移出持仓池
2025-12-31,卖出,603929,亚翔集成,建筑装饰,2,200,92.5,95.5,19100.0,23.88,576.12,3.24,移出持仓池
2025-12-31,卖出,600693,东百集团,商贸零售,11,1100,17.59,17.82,19602.0,24.5,228.5,1.31,移出持仓池
2025-12-31,卖出,301489,思泉新材,电子,1,100,181.04,199.0,19900.0,24.88,1771.12,9.92,移出持仓池
2025-12-31,卖出,688102,斯瑞新材,有色金属,4,400,38.53,38.74,15496.0,19.37,64.63,0.55,移出持仓池
2025-12-31,买入,301005,超捷股份,汽车,1,100,155.27,155.27,15527.0,19.41,0.0,0.0,纳入持仓池
2025-12-31,买入,603216,梦天家居,轻工制造,4,400,47.0,47.0,18800.0,23.5,0.0,0.0,纳入持仓池
2025-12-31,买入,688125,安达智能,其他,0,0,135.05,135.05,0,0,0.0,0.0,"资金不足一手（需27,010元，分配20,000元）"
2025-12-31,买入,600118,中国卫星,国防军工,2,200,94.95,94.95,18990.0,23.74,0.0,0.0,纳入持仓池
2025-12-31,买入,002969,嘉美包装,轻工制造,15,1500,12.66,12.66,18990.0,23.74,0.0,0.0,纳入持仓池
2025-12-31,买入,605598,上海港湾,建筑装饰,2,200,69.48,69.48,13896.0,17.37,0.0,0.0,纳入持仓池
2025-12-31,买入,301529,福赛科技,汽车,1,100,113.1,113.1,11310.0,14.14,0.0,0.0,纳入持仓池
2025-12-31,买入,301292,海科新源,电力设备,3,300,64.41,64.41,19323.0,24.15,0.0,0.0,纳入持仓池
2025-12-31,买入,300503,昊志机电,机械设备,3,300,63.72,63.72,19116.0,23.89,0.0,0.0,纳入持仓池
2025-12-31,持有,688585,上纬新材,基础化工,2,200,92.0,127.37,--,--,7074.0,38.45,继续持有
2025-12-31,持有,603516,淳中科技,计算机,1,100,154.0,223.5,--,--,6950.0,45.13,继续持有
2025-12-31,持有,301232,飞沃科技,电力设备,1,100,107.09,168.37,--,--,6128.0,57.22,继续持有
2025-12-31,持有,002759,天际股份,电力设备,8,800,23.77,46.43,--,--,18128.0,95.33,继续持有
2025-12-31,持有,603778,国晟科技,建筑装饰,17,1700,11.59,17.6,--,--,10217.0,51.86,继续持有
2025-12-31,持有,000547,航天发展,国防军工,8,800,22.93,33.01,--,--,8064.0,43.96,继续持有
2025-12-31,持有,300308,中际旭创,通信,--,--,--,610.0,--,--,0.0,0.0,继续持有
2025-12-31,持有,688110,东芯股份,电子,--,--,--,131.35,--,--,0.0,0.0,继续持有
2025-12-31,持有,300475,香农芯创,电子,1,100,104.9,144.34,--,--,3944.0,37.6,继续持有
2025-12-31,持有,600343,航天动力,机械设备,5,500,39.35,48.97,--,--,4810.0,24.45,继续持有
2025-12-31,持有,688195,腾景科技,电子,--,--,--,169.55,--,--,0.0,0.0,继续持有
2025-12-31,持有,301377,鼎泰高科,机械设备,1,100,123.0,139.1,--,--,1610.0,13.09,继续持有
2025-12-31,持有,688109,品茗科技,计算机,--,--,--,127.1,--,--,0.0,0.0,继续持有
2025-12-31,持有,002837,英维克,机械设备,2,200,84.5,106.89,--,--,4478.0,26.5,继续持有
2025-12-31,持有,603122,合富中国,医药生物,8,800,23.82,24.4,--,--,464.0,2.43,继续持有
2025-12-31,持有,688353,华盛锂电,电力设备,--,--,--,113.7,--,--,0.0,0.0,继续持有
2025-12-31,持有,300456,赛微电子,电子,3,300,64.4,55.96,--,--,-2532.0,-13.11,继续持有
2025-12-31,持有,603301,振德医疗,医药生物,2,200,70.91,70.5,--,--,-82.0,-0.58,继续持有
2025-12-31,持有,688498,源杰科技,电子,--,--,--,641.99,--,--,0.0,0.0,继续持有
2025-12-31,持有,300502,新易盛,通信,--,--,--,430.88,--,--,0.0,0.0,继续持有
2025-12-31,持有,300620,光库科技,通信,1,100,153.8,147.05,--,--,-675.0,-4.39,继续持有
2026-01-19,卖出,688585,上纬新材,基础化工,2,200,92.0,148.66,29732.0,37.16,11294.84,61.59,移出持仓池
2026-01-19,卖出,600343,航天动力,机械设备,5,500,39.35,37.19,18595.0,23.24,-1103.24,-5.49,移出持仓池
2026-01-19,卖出,002837,英维克,机械设备,2,200,84.5,102.39,20478.0,25.6,3552.4,21.17,移出持仓池
2026-01-19,卖出,603122,合富中国,医药生物,8,800,23.82,18.29,14632.0,18.29,-4442.29,-23.22,移出持仓池
2026-01-19,卖出,605598,上海港湾,建筑装饰,2,200,69.48,61.61,12322.0,15.4,-1589.4,-11.33,移出持仓池
2026-01-19,卖出,301529,福赛科技,汽车,1,100,113.1,160.53,16053.0,20.07,4722.93,41.94,移出持仓池
2026-01-19,卖出,300456,赛微电子,电子,3,300,64.4,54.98,16494.0,20.62,-2846.62,-14.63,移出持仓池
2026-01-19,卖出,603301,振德医疗,医药生物,2,200,70.91,70.79,14158.0,17.7,-41.7,-0.17,移出持仓池
2026-01-19,卖出,300620,光库科技,通信,1,100,153.8,152.2,15220.0,19.03,-179.03,-1.04,移出持仓池
2026-01-19,卖出,301292,海科新源,电力设备,3,300,64.41,59.5,17850.0,22.31,-1495.31,-7.62,移出持仓池
2026-01-19,卖出,300503,昊志机电,机械设备,3,300,63.72,67.5,20250.0,25.31,1108.69,5.93,移出持仓池
2026-01-19,买入,605255,天普股份,汽车,1,100,173.97,173.97,17397.0,21.75,0.0,0.0,纳入持仓池
2026-01-19,买入,001331,胜通能源,公用事业,3,300,54.78,54.78,16434.0,20.54,0.0,0.0,纳入持仓池
2026-01-19,买入,688270,ST臻镭,电子,0,0,201.0,201.0,0,0,0.0,0.0,"资金不足一手（需40,200元，分配20,000元）"
2026-01-19,买入,002796,世嘉科技,通信,4,400,44.95,44.95,17980.0,22.48,0.0,0.0,纳入持仓池
2026-01-19,买入,603929,亚翔集成,建筑装饰,1,100,147.11,147.11,14711.0,18.39,0.0,0.0,纳入持仓池
2026-01-19,买入,301308,江波龙,电子,0,0,336.25,336.25,0,0,0.0,0.0,"资金不足一手（需33,625元，分配20,000元）"
2026-01-19,买入,688228,开普云,其他,0,0,237.19,237.19,0,0,0.0,0.0,"资金不足一手（需47,438元，分配20,000元）"
2026-01-19,买入,002931,锋龙股份,机械设备,2,200,67.97,67.97,13594.0,16.99,0.0,0.0,纳入持仓池
2026-01-19,买入,300751,迈为股份,电力设备,0,0,257.6,257.6,0,0,0.0,0.0,"资金不足一手（需25,760元，分配20,000元）"
2026-01-19,买入,001270,*ST铖昌,国防军工,1,100,135.43,135.43,13543.0,16.93,0.0,0.0,纳入持仓池
2026-01-19,买入,300342,天银机电,家用电器,3,300,56.6,56.6,16980.0,21.23,0.0,0.0,纳入持仓池
2026-01-19,买入,688031,星环科技,其他,0,0,189.7,189.7,0,0,0.0,0.0,"资金不足一手（需37,940元，分配20,000元）"
2026-01-19,买入,002718,友邦吊顶,建筑材料,3,300,61.08,61.08,18324.0,22.91,0.0,0.0,纳入持仓池
2026-01-19,买入,688387,信科移动,通信,5,1000,19.09,19.09,19090.0,23.86,0.0,0.0,纳入持仓池
2026-01-19,持有,301005,超捷股份,汽车,1,100,155.27,219.52,--,--,6425.0,41.38,继续持有
2026-01-19,持有,301232,飞沃科技,电力设备,1,100,107.09,173.4,--,--,6631.0,61.92,继续持有
2026-01-19,持有,603778,国晟科技,建筑装饰,17,1700,11.59,20.21,--,--,14654.0,74.37,继续持有
2026-01-19,持有,300475,香农芯创,电子,1,100,104.9,164.7,--,--,5980.0,57.01,继续持有
2026-01-19,持有,002969,嘉美包装,轻工制造,15,1500,12.66,17.2,--,--,6810.0,35.86,继续持有
2026-01-19,持有,603516,淳中科技,计算机,1,100,154.0,233.5,--,--,7950.0,51.62,继续持有
2026-01-19,持有,002759,天际股份,电力设备,8,800,23.77,41.87,--,--,14480.0,76.15,继续持有
2026-01-19,持有,688195,腾景科技,电子,--,--,--,181.0,--,--,0.0,0.0,继续持有
2026-01-19,持有,688125,安达智能,其他,--,--,--,170.0,--,--,0.0,0.0,继续持有
2026-01-19,持有,688498,源杰科技,电子,--,--,--,748.29,--,--,0.0,0.0,继续持有
2026-01-19,持有,688109,品茗科技,计算机,--,--,--,147.22,--,--,0.0,0.0,继续持有
2026-01-19,持有,603216,梦天家居,轻工制造,4,400,47.0,49.98,--,--,1192.0,6.34,继续持有
2026-01-19,持有,600118,中国卫星,国防军工,2,200,94.95,104.89,--,--,1988.0,10.47,继续持有
2026-01-19,持有,000547,航天发展,国防军工,8,800,22.93,28.9,--,--,4776.0,26.04,继续持有
2026-01-19,持有,301377,鼎泰高科,机械设备,1,100,123.0,157.35,--,--,3435.0,27.93,继续持有
2026-01-19,持有,300308,中际旭创,通信,--,--,--,605.5,--,--,0.0,0.0,继续持有
2026-01-30,卖出,603516,淳中科技,计算机,1,100,154.0,165.7,16570.0,20.71,1149.29,7.6,移出持仓池
2026-01-30,卖出,002796,世嘉科技,通信,4,400,44.95,44.6,17840.0,22.3,-162.3,-0.78,移出持仓池
2026-01-30,卖出,600118,中国卫星,国防军工,2,200,94.95,91.26,18252.0,22.82,-760.82,-3.89,移出持仓池
2026-01-30,卖出,300342,天银机电,家用电器,3,300,56.6,49.84,14952.0,18.69,-2046.69,-11.94,移出持仓池
2026-01-30,卖出,688387,信科移动,通信,10,1000,19.09,18.46,18460.0,23.07,-653.07,-3.3,移出持仓池
2026-01-30,买入,688766,普冉股份,其他,0,0,306.0,306.0,0,0,0.0,0.0,"资金不足一手（需61,200元，分配20,000元）"
2026-01-30,买入,601212,白银有色,有色金属,14,1400,13.67,13.67,19138.0,23.92,0.0,0.0,纳入持仓池
2026-01-30,买入,002716,湖南白银,有色金属,10,1000,19.04,19.04,19040.0,23.8,0.0,0.0,纳入持仓池
2026-01-30,买入,688028,沃尔德,其他,1,200,91.8,91.8,18360.0,22.95,0.0,0.0,纳入持仓池
2026-01-30,买入,300058,蓝色光标,传媒,8,800,23.33,23.33,18664.0,23.33,0.0,0.0,纳入持仓池
2026-01-30,买入,300139,晓程科技,有色金属,2,200,67.5,67.5,13500.0,16.88,0.0,0.0,纳入持仓池
2026-01-30,买入,300136,信维通信,电子,2,200,80.03,80.03,16006.0,20.01,0.0,0.0,纳入持仓池
2026-01-30,买入,688257,新锐股份,机械设备,1,200,54.17,54.17,10834.0,13.54,0.0,0.0,纳入持仓池
2026-01-30,持有,301232,飞沃科技,电力设备,1,100,107.09,245.07,--,--,13798.0,128.84,继续持有
2026-01-30,持有,300475,香农芯创,电子,1,100,104.9,168.56,--,--,6366.0,60.69,继续持有
2026-01-30,持有,605255,天普股份,汽车,1,100,173.97,121.74,--,--,-5223.0,-30.02,继续持有
2026-01-30,持有,688195,腾景科技,电子,--,--,--,206.0,--,--,0.0,0.0,继续持有
2026-01-30,持有,001331,胜通能源,公用事业,3,300,54.78,53.67,--,--,-333.0,-2.03,继续持有
2026-01-30,持有,603929,亚翔集成,建筑装饰,1,100,147.11,158.29,--,--,1118.0,7.6,继续持有
2026-01-30,持有,300751,迈为股份,电力设备,--,--,--,310.52,--,--,0.0,0.0,继续持有
2026-01-30,持有,002718,友邦吊顶,建筑材料,3,300,61.08,75.18,--,--,4230.0,23.08,继续持有
2026-01-30,持有,002759,天际股份,电力设备,8,800,23.77,37.72,--,--,11160.0,58.69,继续持有
2026-01-30,持有,688031,星环科技,其他,--,--,--,209.94,--,--,0.0,0.0,继续持有
2026-01-30,持有,688498,源杰科技,电子,--,--,--,823.0,--,--,0.0,0.0,继续持有
2026-01-30,持有,301005,超捷股份,汽车,1,100,155.27,177.8,--,--,2253.0,14.51,继续持有
2026-01-30,持有,001270,*ST铖昌,国防军工,1,100,135.43,157.29,--,--,2186.0,16.14,继续持有
2026-01-30,持有,301308,江波龙,电子,--,--,--,336.0,--,--,0.0,0.0,继续持有
2026-01-30,持有,688228,开普云,其他,--,--,--,244.8,--,--,0.0,0.0,继续持有
2026-01-30,持有,688270,ST臻镭,电子,--,--,--,208.99,--,--,0.0,0.0,继续持有
2026-01-30,持有,688125,安达智能,其他,--,--,--,171.01,--,--,0.0,0.0,继续持有
2026-01-30,持有,301377,鼎泰高科,机械设备,1,100,123.0,180.49,--,--,5749.0,46.74,继续持有
2026-01-30,持有,603216,梦天家居,轻工制造,4,400,47.0,47.17,--,--,68.0,0.36,继续持有
2026-01-30,持有,000547,航天发展,国防军工,8,800,22.93,28.48,--,--,4440.0,24.2,继续持有
2026-01-30,持有,603778,国晟科技,建筑装饰,17,1700,11.59,12.89,--,--,2210.0,11.22,继续持有
2026-01-30,持有,300308,中际旭创,通信,--,--,--,649.0,--,--,0.0,0.0,继续持有
2026-02-11,卖出,605255,天普股份,汽车,1,100,173.97,130.0,13000.0,16.25,-4413.25,-25.27,移出持仓池
2026-02-11,卖出,601212,白银有色,有色金属,14,1400,13.67,9.77,13678.0,17.1,-5477.1,-28.53,移出持仓池
2026-02-11,卖出,001270,*ST铖昌,国防军工,1,100,135.43,127.33,12733.0,15.92,-825.92,-5.98,移出持仓池
2026-02-11,卖出,002716,湖南白银,有色金属,10,1000,19.04,14.19,14190.0,17.74,-4867.74,-25.47,移出持仓池
2026-02-11,卖出,301377,鼎泰高科,机械设备,1,100,123.0,177.01,17701.0,22.13,5378.87,43.91,移出持仓池
2026-02-11,卖出,300058,蓝色光标,传媒,8,800,23.33,18.92,15136.0,18.92,-3546.92,-18.9,移出持仓池
2026-02-11,卖出,603216,梦天家居,轻工制造,4,400,47.0,44.12,17648.0,22.06,-1174.06,-6.13,移出持仓池
2026-02-11,卖出,300136,信维通信,电子,2,200,80.03,76.2,15240.0,19.05,-785.05,-4.79,移出持仓池
2026-02-11,买入,002969,嘉美包装,轻工制造,6,600,31.3,31.3,18780.0,23.48,0.0,0.0,纳入持仓池
2026-02-11,买入,002931,锋龙股份,机械设备,2,200,95.5,95.5,19100.0,23.88,0.0,0.0,纳入持仓池
2026-02-11,买入,601869,长飞光纤,通信,0,0,218.26,218.26,0,0,0.0,0.0,"资金不足一手（需21,826元，分配20,000元）"
2026-02-11,买入,605287,德才股份,建筑装饰,3,300,61.24,61.24,18372.0,22.96,0.0,0.0,纳入持仓池
2026-02-11,买入,603163,圣晖集成,建筑装饰,1,100,117.74,117.74,11774.0,14.72,0.0,0.0,纳入持仓池
2026-02-11,买入,603301,振德医疗,医药生物,2,200,93.97,93.97,18794.0,23.49,0.0,0.0,纳入持仓池
2026-02-11,买入,002842,翔鹭钨业,有色金属,5,500,35.01,35.01,17505.0,21.88,0.0,0.0,纳入持仓池
2026-02-11,买入,002796,世嘉科技,通信,4,400,44.0,44.0,17600.0,22.0,0.0,0.0,纳入持仓池
2026-02-11,买入,600118,中国卫星,国防军工,2,200,89.12,89.12,17824.0,22.28,0.0,0.0,纳入持仓池
2026-02-11,买入,001230,劲旅环境,环保,7,700,27.7,27.7,19390.0,24.24,0.0,0.0,纳入持仓池
2026-02-11,买入,600105,永鼎股份,通信,7,700,27.7,27.7,19390.0,24.24,0.0,0.0,纳入持仓池
2026-02-11,买入,688167,炬光科技,电子,0,0,337.0,337.0,0,0,0.0,0.0,"资金不足一手（需67,400元，分配20,000元）"
2026-02-11,持有,301232,飞沃科技,电力设备,1,100,107.09,196.11,--,--,8902.0,83.13,继续持有
2026-02-11,持有,002759,天际股份,电力设备,8,800,23.77,43.96,--,--,16152.0,84.94,继续持有
2026-02-11,持有,603929,亚翔集成,建筑装饰,1,100,147.11,143.78,--,--,-333.0,-2.26,继续持有
2026-02-11,持有,688125,安达智能,其他,--,--,--,183.5,--,--,0.0,0.0,继续持有
2026-02-11,持有,001331,胜通能源,公用事业,3,300,54.78,51.33,--,--,-1035.0,-6.3,继续持有
2026-02-11,持有,300751,迈为股份,电力设备,--,--,--,306.07,--,--,0.0,0.0,继续持有
2026-02-11,持有,603778,国晟科技,建筑装饰,17,1700,11.59,15.45,--,--,6562.0,33.3,继续持有
2026-02-11,持有,300475,香农芯创,电子,1,100,104.9,132.97,--,--,2807.0,26.76,继续持有
2026-02-11,持有,688766,普冉股份,其他,--,--,--,257.26,--,--,0.0,0.0,继续持有
2026-02-11,持有,002718,友邦吊顶,建筑材料,3,300,61.08,69.36,--,--,2484.0,13.56,继续持有
2026-02-11,持有,688031,星环科技,其他,--,--,--,180.3,--,--,0.0,0.0,继续持有
2026-02-11,持有,301005,超捷股份,汽车,1,100,155.27,168.06,--,--,1279.0,8.24,继续持有
2026-02-11,持有,688028,沃尔德,其他,2,200,91.8,86.3,--,--,-1100.0,-5.99,继续持有
2026-02-11,持有,688195,腾景科技,电子,--,--,--,222.7,--,--,0.0,0.0,继续持有
2026-02-11,持有,000547,航天发展,国防军工,8,800,22.93,28.0,--,--,4056.0,22.11,继续持有
2026-02-11,持有,301308,江波龙,电子,--,--,--,284.14,--,--,0.0,0.0,继续持有
2026-02-11,持有,300139,晓程科技,有色金属,2,200,67.5,59.47,--,--,-1606.0,-11.9,继续持有
2026-02-11,持有,688257,新锐股份,机械设备,2,200,54.17,52.55,--,--,-324.0,-2.99,继续持有
2026-02-27,卖出,300139,晓程科技,有色金属,2,200,67.5,66.48,13296.0,16.62,-220.62,-1.51,移出持仓池
2026-02-27,卖出,600118,中国卫星,国防军工,2,200,89.12,91.68,18336.0,22.92,489.08,2.87,移出持仓池
2026-02-27,卖出,001230,劲旅环境,环保,7,700,27.7,29.94,20958.0,26.2,1541.8,8.09,移出持仓池
2026-02-27,卖出,600105,永鼎股份,通信,7,700,27.7,29.94,20958.0,26.2,1541.8,8.09,移出持仓池
2026-02-27,买入,688308,欧科亿,其他,1,200,74.1,74.1,14820.0,18.53,0.0,0.0,纳入持仓池
2026-02-27,买入,300749,顶固集创,轻工制造,6,600,32.23,32.23,19338.0,24.17,0.0,0.0,纳入持仓池
2026-02-27,买入,000657,中钨高新,有色金属,3,300,66.22,66.22,19866.0,24.83,0.0,0.0,纳入持仓池
2026-02-27,买入,300658,延江股份,美容护理,9,900,21.97,21.97,19773.0,24.72,0.0,0.0,纳入持仓池
2026-02-27,买入,688480,赛恩斯,环保,0,0,148.0,148.0,0,0,0.0,0.0,"资金不足一手（需29,600元，分配20,000元）"
2026-02-27,买入,301468,博盈特焊,机械设备,2,200,77.05,77.05,15410.0,19.26,0.0,0.0,纳入持仓池
2026-02-27,买入,688109,品茗科技,计算机,0,0,138.1,138.1,0,0,0.0,0.0,"资金不足一手（需27,620元，分配20,000元）"
2026-02-27,买入,001270,*ST铖昌,国防军工,1,100,139.05,139.05,13905.0,17.38,0.0,0.0,纳入持仓池
2026-02-27,持有,002969,嘉美包装,轻工制造,6,600,31.3,23.49,--,--,-4686.0,-24.95,继续持有
2026-02-27,持有,688125,安达智能,其他,--,--,--,240.97,--,--,0.0,0.0,继续持有
2026-02-27,持有,301232,飞沃科技,电力设备,1,100,107.09,210.52,--,--,10343.0,96.58,继续持有
2026-02-27,持有,002931,锋龙股份,机械设备,2,200,95.5,82.56,--,--,-2588.0,-13.55,继续持有
2026-02-27,持有,001331,胜通能源,公用事业,3,300,54.78,55.17,--,--,117.0,0.71,继续持有
2026-02-27,持有,688031,星环科技,其他,--,--,--,225.8,--,--,0.0,0.0,继续持有
2026-02-27,持有,603778,国晟科技,建筑装饰,17,1700,11.59,14.98,--,--,5763.0,29.25,继续持有
2026-02-27,持有,688028,沃尔德,其他,2,200,91.8,114.13,--,--,4466.0,24.32,继续持有
2026-02-27,持有,000547,航天发展,国防军工,8,800,22.93,30.75,--,--,6256.0,34.1,继续持有
2026-02-27,持有,688257,新锐股份,机械设备,2,200,54.17,64.45,--,--,2056.0,18.98,继续持有
2026-02-27,持有,002842,翔鹭钨业,有色金属,5,500,35.01,41.56,--,--,3275.0,18.71,继续持有
2026-02-27,持有,002796,世嘉科技,通信,4,400,44.0,52.32,--,--,3328.0,18.91,继续持有
2026-02-27,持有,301005,超捷股份,汽车,1,100,155.27,175.8,--,--,2053.0,13.22,继续持有
2026-02-27,持有,002718,友邦吊顶,建筑材料,3,300,61.08,68.0,--,--,2076.0,11.33,继续持有
2026-02-27,持有,688766,普冉股份,其他,--,--,--,259.5,--,--,0.0,0.0,继续持有
2026-02-27,持有,603301,振德医疗,医药生物,2,200,93.97,87.5,--,--,-1294.0,-6.89,继续持有
2026-02-27,持有,603163,圣晖集成,建筑装饰,1,100,117.74,145.74,--,--,2800.0,23.78,继续持有
2026-02-27,持有,300475,香农芯创,电子,1,100,104.9,148.98,--,--,4408.0,42.02,继续持有
2026-02-27,持有,603929,亚翔集成,建筑装饰,1,100,147.11,144.22,--,--,-289.0,-1.96,继续持有
2026-02-27,持有,002759,天际股份,电力设备,8,800,23.77,38.02,--,--,11400.0,59.95,继续持有
2026-02-27,持有,605287,德才股份,建筑装饰,3,300,61.24,51.3,--,--,-2982.0,-16.23,继续持有
2026-02-27,持有,301308,江波龙,电子,--,--,--,291.7,--,--,0.0,0.0,继续持有
2026-03-17,卖出,688028,沃尔德,其他,2,200,91.8,96.09,19218.0,24.02,833.98,4.67,移出持仓池
2026-03-17,卖出,002796,世嘉科技,通信,4,400,44.0,56.31,22524.0,28.16,4895.84,27.98,移出持仓池
2026-03-17,卖出,002718,友邦吊顶,建筑材料,3,300,61.08,59.25,17775.0,22.22,-571.22,-3.0,移出持仓池
2026-03-17,卖出,603301,振德医疗,医药生物,2,200,93.97,92.0,18400.0,23.0,-417.0,-2.1,移出持仓池
2026-03-17,卖出,300475,香农芯创,电子,1,100,104.9,153.65,15365.0,19.21,4855.79,46.47,移出持仓池
2026-03-17,卖出,002759,天际股份,电力设备,8,800,23.77,35.67,28536.0,35.67,9484.33,50.06,移出持仓池
2026-03-17,卖出,301468,博盈特焊,机械设备,2,200,77.05,52.28,10456.0,13.07,-4967.07,-32.15,移出持仓池
2026-03-17,卖出,001270,*ST铖昌,国防军工,1,100,139.05,106.53,10653.0,13.32,-3265.32,-23.39,移出持仓池
2026-03-17,卖出,605287,德才股份,建筑装饰,3,300,61.24,44.29,13287.0,16.61,-5101.61,-27.68,移出持仓池
2026-03-17,买入,300164,通源石油,石油石化,9,900,20.48,20.48,18432.0,23.04,0.0,0.0,纳入持仓池
2026-03-17,买入,301292,海科新源,电力设备,3,300,65.39,65.39,19617.0,24.52,0.0,0.0,纳入持仓池
2026-03-17,买入,000890,法尔胜,环保,14,1400,13.42,13.42,18788.0,23.48,0.0,0.0,纳入持仓池
2026-03-17,买入,688525,佰维存储,电子,0,0,235.78,235.78,0,0,0.0,0.0,"资金不足一手（需47,156元，分配20,000元）"
2026-03-17,买入,600759,ST洲际,石油石化,27,2700,7.23,7.23,19521.0,24.4,0.0,0.0,纳入持仓池
2026-03-17,买入,600722,金牛化工,基础化工,10,1000,19.3,19.3,19300.0,24.12,0.0,0.0,纳入持仓池
2026-03-17,买入,300903,科翔股份,电子,5,500,36.81,36.81,18405.0,23.01,0.0,0.0,纳入持仓池
2026-03-17,买入,002378,章源钨业,有色金属,5,500,36.1,36.1,18050.0,22.56,0.0,0.0,纳入持仓池
2026-03-17,买入,300751,迈为股份,电力设备,0,0,255.5,255.5,0,0,0.0,0.0,"资金不足一手（需25,550元，分配20,000元）"
2026-03-17,买入,002498,汉缆股份,电力设备,20,2000,9.61,9.61,19220.0,24.03,0.0,0.0,纳入持仓池
2026-03-17,买入,001230,劲旅环境,环保,7,700,27.07,27.07,18949.0,23.69,0.0,0.0,纳入持仓池
2026-03-17,买入,600105,永鼎股份,通信,7,700,27.07,27.07,18949.0,23.69,0.0,0.0,纳入持仓池
2026-03-17,买入,001896,豫能控股,公用事业,14,1400,13.9,13.9,19460.0,24.32,0.0,0.0,纳入持仓池
2026-03-17,持有,002969,嘉美包装,轻工制造,6,600,31.3,29.0,--,--,-1380.0,-7.35,继续持有
2026-03-17,持有,603778,国晟科技,建筑装饰,17,1700,11.59,24.79,--,--,22440.0,113.89,继续持有
2026-03-17,持有,002931,锋龙股份,机械设备,2,200,95.5,71.17,--,--,-4866.0,-25.48,继续持有
2026-03-17,持有,688125,安达智能,其他,--,--,--,249.1,--,--,0.0,0.0,继续持有
2026-03-17,持有,603929,亚翔集成,建筑装饰,1,100,147.11,170.4,--,--,2329.0,15.83,继续持有
2026-03-17,持有,300749,顶固集创,轻工制造,6,600,32.23,35.5,--,--,1962.0,10.15,继续持有
2026-03-17,持有,301232,飞沃科技,电力设备,1,100,107.09,163.48,--,--,5639.0,52.66,继续持有
2026-03-17,持有,688308,欧科亿,其他,2,200,74.1,90.01,--,--,3182.0,21.47,继续持有
2026-03-17,持有,000547,航天发展,国防军工,8,800,22.93,30.49,--,--,6048.0,32.97,继续持有
2026-03-17,持有,001331,胜通能源,公用事业,3,300,54.78,52.73,--,--,-615.0,-3.74,继续持有
2026-03-17,持有,688257,新锐股份,机械设备,2,200,54.17,71.23,--,--,3412.0,31.49,继续持有
2026-03-17,持有,002842,翔鹭钨业,有色金属,5,500,35.01,33.79,--,--,-610.0,-3.48,继续持有
2026-03-17,持有,000657,中钨高新,有色金属,3,300,66.22,53.55,--,--,-3801.0,-19.13,继续持有
2026-03-17,持有,301005,超捷股份,汽车,1,100,155.27,139.73,--,--,-1554.0,-10.01,继续持有
2026-03-17,持有,300658,延江股份,美容护理,9,900,21.97,25.53,--,--,3204.0,16.2,继续持有
2026-03-17,持有,688031,星环科技,其他,--,--,--,179.2,--,--,0.0,0.0,继续持有
2026-03-17,持有,603163,圣晖集成,建筑装饰,1,100,117.74,122.49,--,--,475.0,4.03,继续持有
2026-04-16,卖出,300749,顶固集创,轻工制造,6,600,32.23,25.26,15156.0,18.95,-4200.95,-21.63,移出持仓池
2026-04-16,卖出,300164,通源石油,石油石化,9,900,20.48,13.64,12276.0,15.35,-6171.35,-33.4,移出持仓池
2026-04-16,卖出,000890,法尔胜,环保,14,1400,13.42,12.39,17346.0,21.68,-1463.68,-7.68,移出持仓池
2026-04-16,卖出,600759,ST洲际,石油石化,27,2700,7.23,5.27,14229.0,17.79,-5309.79,-27.11,移出持仓池
2026-04-16,卖出,600722,金牛化工,基础化工,10,1000,19.3,13.92,13920.0,17.4,-5397.4,-27.88,移出持仓池
2026-04-16,卖出,000657,中钨高新,有色金属,3,300,66.22,51.9,15570.0,19.46,-4315.46,-21.62,移出持仓池
2026-04-16,卖出,300658,延江股份,美容护理,9,900,21.97,22.32,20088.0,25.11,289.89,1.59,移出持仓池
2026-04-16,卖出,300903,科翔股份,电子,5,500,36.81,39.11,19555.0,24.44,1125.56,6.25,移出持仓池
2026-04-16,卖出,002378,章源钨业,有色金属,5,500,36.1,32.39,16195.0,20.24,-1875.24,-10.28,移出持仓池
2026-04-16,卖出,603163,圣晖集成,建筑装饰,1,100,117.74,111.08,11108.0,13.88,-679.88,-5.66,移出持仓池
2026-04-16,卖出,002498,汉缆股份,电力设备,20,2000,9.61,8.99,17980.0,22.48,-1262.48,-6.45,移出持仓池
2026-04-16,卖出,001230,劲旅环境,环保,7,700,27.07,39.47,27629.0,34.54,8645.46,45.81,移出持仓池
2026-04-16,卖出,600105,永鼎股份,通信,7,700,27.07,39.47,27629.0,34.54,8645.46,45.81,移出持仓池
2026-04-16,卖出,001896,豫能控股,公用事业,14,1400,13.9,17.06,23884.0,29.86,4394.14,22.73,移出持仓池
2026-04-16,买入,301396,宏景科技,计算机,0,0,289.42,289.42,0,0,0.0,0.0,"资金不足一手（需28,942元，分配20,000元）"
2026-04-16,买入,603629,利通电子,电子,2,200,95.85,95.85,19170.0,23.96,0.0,0.0,纳入持仓池
2026-04-16,买入,688048,长光华芯,电子,0,0,298.0,298.0,0,0,0.0,0.0,"资金不足一手（需59,600元，分配20,000元）"
2026-04-16,买入,601869,长飞光纤,通信,0,0,368.52,368.52,0,0,0.0,0.0,"资金不足一手（需36,852元，分配20,000元）"
2026-04-16,买入,300390,天华新能,电力设备,2,200,85.68,85.68,17136.0,21.42,0.0,0.0,纳入持仓池
2026-04-16,买入,301362,民爆光电,家用电器,1,100,155.8,155.8,15580.0,19.48,0.0,0.0,纳入持仓池
2026-04-16,买入,688195,腾景科技,电子,0,0,342.26,342.26,0,0,0.0,0.0,"资金不足一手（需68,452元，分配20,000元）"
2026-04-16,买入,000688,国城矿业,有色金属,4,400,46.73,46.73,18692.0,23.37,0.0,0.0,纳入持仓池
2026-04-16,买入,301306,西测测试,国防军工,1,100,173.0,173.0,17300.0,21.62,0.0,0.0,纳入持仓池
2026-04-16,买入,603601,再升科技,建筑材料,13,1300,15.03,15.03,19539.0,24.42,0.0,0.0,纳入持仓池
2026-04-16,买入,603256,宏和科技,建筑材料,1,100,101.5,101.5,10150.0,12.69,0.0,0.0,纳入持仓池
2026-04-16,买入,300461,田中精机,机械设备,3,300,61.12,61.12,18336.0,22.92,0.0,0.0,纳入持仓池
2026-04-16,买入,002361,神剑股份,基础化工,10,1000,19.26,19.26,19260.0,24.07,0.0,0.0,纳入持仓池
2026-04-16,买入,300342,天银机电,家用电器,3,300,55.8,55.8,16740.0,20.93,0.0,0.0,纳入持仓池
2026-04-16,买入,300668,杰恩股份,建筑装饰,3,300,56.8,56.8,17040.0,21.3,0.0,0.0,纳入持仓池
2026-04-16,买入,002149,西部材料,有色金属,3,300,53.64,53.64,16092.0,20.12,0.0,0.0,纳入持仓池
2026-04-16,买入,002491,通鼎互联,通信,12,1200,15.62,15.62,18744.0,23.43,0.0,0.0,纳入持仓池
2026-04-16,持有,002969,嘉美包装,轻工制造,6,600,31.3,22.93,--,--,-5022.0,-26.74,继续持有
2026-04-16,持有,603778,国晟科技,建筑装饰,17,1700,11.59,26.4,--,--,25177.0,127.78,继续持有
2026-04-16,持有,301232,飞沃科技,电力设备,1,100,107.09,217.67,--,--,11058.0,103.26,继续持有
2026-04-16,持有,603929,亚翔集成,建筑装饰,1,100,147.11,187.07,--,--,3996.0,27.16,继续持有
2026-04-16,持有,688125,安达智能,其他,--,--,--,260.58,--,--,0.0,0.0,继续持有
2026-04-16,持有,688308,欧科亿,其他,2,200,74.1,104.0,--,--,5980.0,40.35,继续持有
2026-04-16,持有,002931,锋龙股份,机械设备,2,200,95.5,70.16,--,--,-5068.0,-26.53,继续持有
2026-04-16,持有,688257,新锐股份,机械设备,2,200,54.17,79.32,--,--,5030.0,46.43,继续持有
2026-04-16,持有,000547,航天发展,国防军工,8,800,22.93,27.4,--,--,3576.0,19.49,继续持有
2026-04-16,持有,001331,胜通能源,公用事业,3,300,54.78,51.2,--,--,-1074.0,-6.54,继续持有
2026-04-16,持有,301005,超捷股份,汽车,1,100,155.27,169.47,--,--,1420.0,9.15,继续持有
2026-04-16,持有,002842,翔鹭钨业,有色金属,5,500,35.01,33.85,--,--,-580.0,-3.31,继续持有
2026-04-16,持有,301292,海科新源,电力设备,3,300,65.39,92.95,--,--,8268.0,42.15,继续持有
2026-04-30,卖出,688257,新锐股份,机械设备,2,200,54.17,75.88,15176.0,18.97,4323.03,40.08,移出持仓池
2026-04-30,卖出,000547,航天发展,国防军工,8,800,22.93,24.58,19664.0,24.58,1295.42,7.2,移出持仓池
2026-04-30,卖出,001331,胜通能源,公用事业,3,300,54.78,46.65,13995.0,17.49,-2456.49,-14.84,移出持仓池
2026-04-30,卖出,301306,西测测试,国防军工,1,100,173.0,165.72,16572.0,20.71,-748.71,-4.21,移出持仓池
2026-04-30,卖出,300461,田中精机,机械设备,3,300,61.12,52.78,15834.0,19.79,-2521.79,-13.65,移出持仓池
2026-04-30,卖出,002361,神剑股份,基础化工,10,1000,19.26,20.55,20550.0,25.69,1264.31,6.7,移出持仓池
2026-04-30,卖出,300668,杰恩股份,建筑装饰,3,300,56.8,55.29,16587.0,20.73,-473.73,-2.66,移出持仓池
2026-04-30,卖出,301292,海科新源,电力设备,3,300,65.39,84.83,25449.0,31.81,5800.19,29.73,移出持仓池
2026-04-30,卖出,002491,通鼎互联,通信,12,1200,15.62,15.8,18960.0,23.7,192.3,1.15,移出持仓池
2026-04-30,买入,688227,品高股份,其他,0,0,143.55,143.55,0,0,0.0,0.0,"资金不足一手（需28,710元，分配20,000元）"
2026-04-30,买入,003018,金富科技,轻工制造,3,300,53.2,53.2,15960.0,19.95,0.0,0.0,纳入持仓池
2026-04-30,买入,688485,九州一轨,其他,1,200,55.2,55.2,11040.0,13.8,0.0,0.0,纳入持仓池
2026-04-30,买入,301373,凌玮科技,基础化工,1,100,115.98,115.98,11598.0,14.5,0.0,0.0,纳入持仓池
2026-04-30,买入,603618,杭电股份,电力设备,7,700,28.26,28.26,19782.0,24.73,0.0,0.0,纳入持仓池
2026-04-30,买入,301248,杰创智能,计算机,2,200,85.2,85.2,17040.0,21.3,0.0,0.0,纳入持仓池
2026-04-30,买入,002980,华盛昌,电力设备,2,200,79.94,79.94,15988.0,19.98,0.0,0.0,纳入持仓池
2026-04-30,买入,001267,汇绿生态,建筑装饰,3,300,53.96,53.96,16188.0,20.23,0.0,0.0,纳入持仓池
2026-04-30,买入,688498,源杰科技,电子,0,0,1571.0,1571.0,0,0,0.0,0.0,"资金不足一手（需314,200元，分配20,000元）"
2026-04-30,买入,000890,法尔胜,环保,12,1200,15.66,15.66,18792.0,23.49,0.0,0.0,纳入持仓池
2026-04-30,买入,002636,金安国纪,电子,4,400,44.9,44.9,17960.0,22.45,0.0,0.0,纳入持仓池
2026-04-30,持有,002969,嘉美包装,轻工制造,6,600,31.3,22.6,--,--,-5220.0,-27.8,继续持有
2026-04-30,持有,603778,国晟科技,建筑装饰,17,1700,11.59,26.6,--,--,25517.0,129.51,继续持有
2026-04-30,持有,603629,利通电子,电子,2,200,95.85,144.41,--,--,9712.0,50.66,继续持有
2026-04-30,持有,688048,长光华芯,电子,--,--,--,352.03,--,--,0.0,0.0,继续持有
2026-04-30,持有,301396,宏景科技,计算机,--,--,--,316.74,--,--,0.0,0.0,继续持有
2026-04-30,持有,301232,飞沃科技,电力设备,1,100,107.09,217.72,--,--,11063.0,103.31,继续持有
2026-04-30,持有,601869,长飞光纤,通信,--,--,--,353.9,--,--,0.0,0.0,继续持有
2026-04-30,持有,603256,宏和科技,建筑材料,1,100,101.5,119.1,--,--,1760.0,17.34,继续持有
2026-04-30,持有,301362,民爆光电,家用电器,1,100,155.8,157.0,--,--,120.0,0.77,继续持有
2026-04-30,持有,300342,天银机电,家用电器,3,300,55.8,68.31,--,--,3753.0,22.42,继续持有
2026-04-30,持有,002149,西部材料,有色金属,3,300,53.64,63.51,--,--,2961.0,18.4,继续持有
2026-04-30,持有,603929,亚翔集成,建筑装饰,1,100,147.11,188.3,--,--,4119.0,28.0,继续持有
2026-04-30,持有,301005,超捷股份,汽车,1,100,155.27,174.6,--,--,1933.0,12.45,继续持有
2026-04-30,持有,300390,天华新能,电力设备,2,200,85.68,110.5,--,--,4964.0,28.97,继续持有
2026-04-30,持有,603601,再升科技,建筑材料,13,1300,15.03,15.85,--,--,1066.0,5.46,继续持有
2026-04-30,持有,002931,锋龙股份,机械设备,2,200,95.5,57.38,--,--,-7624.0,-39.92,继续持有
2026-04-30,持有,688308,欧科亿,其他,2,200,74.1,95.64,--,--,4308.0,29.07,继续持有
2026-04-30,持有,000688,国城矿业,有色金属,4,400,46.73,51.48,--,--,1900.0,10.16,继续持有
2026-04-30,持有,002842,翔鹭钨业,有色金属,5,500,35.01,38.49,--,--,1740.0,9.94,继续持有
2026-05-08,卖出,003018,金富科技,轻工制造,3,300,53.2,48.36,14508.0,18.14,-1470.14,-9.1,移出持仓池
2026-05-08,卖出,300390,天华新能,电力设备,2,200,85.68,103.45,20690.0,25.86,3528.14,20.74,移出持仓池
2026-05-08,卖出,688308,欧科亿,其他,2,200,74.1,99.66,19932.0,24.91,5087.09,34.49,移出持仓池
2026-05-08,卖出,000688,国城矿业,有色金属,4,400,46.73,45.5,18200.0,22.75,-514.75,-2.63,移出持仓池
2026-05-08,卖出,001267,汇绿生态,建筑装饰,3,300,53.96,62.38,18714.0,23.39,2502.61,15.6,移出持仓池
2026-05-08,卖出,000890,法尔胜,环保,12,1200,15.66,14.13,16956.0,21.2,-1857.2,-9.77,移出持仓池
2026-05-08,卖出,002636,金安国纪,电子,4,400,44.9,47.93,19172.0,23.96,1188.04,6.75,移出持仓池
2026-05-08,卖出,002842,翔鹭钨业,有色金属,5,500,35.01,37.55,18775.0,23.47,1246.53,7.26,移出持仓池
2026-05-08,买入,300209,行云科技,计算机,8,800,23.24,23.24,18592.0,23.24,0.0,0.0,纳入持仓池
2026-05-08,买入,002491,通鼎互联,通信,9,900,20.66,20.66,18594.0,23.24,0.0,0.0,纳入持仓池
2026-05-08,买入,600396,华电辽能,公用事业,16,1600,12.44,12.44,19904.0,24.88,0.0,0.0,纳入持仓池
2026-05-08,买入,600487,亨通光电,通信,2,200,77.27,77.27,15454.0,19.32,0.0,0.0,纳入持仓池
2026-05-08,买入,001230,劲旅环境,环保,4,400,49.94,49.94,19976.0,24.97,0.0,0.0,纳入持仓池
2026-05-08,买入,600105,永鼎股份,通信,4,400,49.94,49.94,19976.0,24.97,0.0,0.0,纳入持仓池
2026-05-08,买入,001400,江顺科技,机械设备,0,0,217.27,217.27,0,0,0.0,0.0,"资金不足一手（需21,727元，分配20,000元）"
2026-05-08,买入,600683,京投发展,房地产,11,1100,17.23,17.23,18953.0,23.69,0.0,0.0,纳入持仓池
2026-05-08,买入,301338,凯格精机,机械设备,0,0,211.08,211.08,0,0,0.0,0.0,"资金不足一手（需21,108元，分配20,000元）"
2026-05-08,持有,603629,利通电子,电子,2,200,95.85,167.59,--,--,14348.0,74.85,继续持有
2026-05-08,持有,301396,宏景科技,计算机,--,--,--,345.0,--,--,0.0,0.0,继续持有
2026-05-08,持有,002969,嘉美包装,轻工制造,6,600,31.3,23.3,--,--,-4800.0,-25.56,继续持有
2026-05-08,持有,688048,长光华芯,电子,--,--,--,438.88,--,--,0.0,0.0,继续持有
2026-05-08,持有,601869,长飞光纤,通信,--,--,--,397.23,--,--,0.0,0.0,继续持有
2026-05-08,持有,603256,宏和科技,建筑材料,1,100,101.5,148.87,--,--,4737.0,46.67,继续持有
2026-05-08,持有,301232,飞沃科技,电力设备,1,100,107.09,233.69,--,--,12660.0,118.22,继续持有
2026-05-08,持有,603618,杭电股份,电力设备,7,700,28.26,37.62,--,--,6552.0,33.12,继续持有
2026-05-08,持有,002149,西部材料,有色金属,3,300,53.64,72.44,--,--,5640.0,35.05,继续持有
2026-05-08,持有,688485,九州一轨,其他,2,200,55.2,63.99,--,--,1758.0,15.92,继续持有
2026-05-08,持有,603929,亚翔集成,建筑装饰,1,100,147.11,200.97,--,--,5386.0,36.61,继续持有
2026-05-08,持有,301373,凌玮科技,基础化工,1,100,115.98,135.4,--,--,1942.0,16.74,继续持有
2026-05-08,持有,301362,民爆光电,家用电器,1,100,155.8,163.53,--,--,773.0,4.96,继续持有
2026-05-08,持有,301005,超捷股份,汽车,1,100,155.27,196.83,--,--,4156.0,26.77,继续持有
2026-05-08,持有,603601,再升科技,建筑材料,13,1300,15.03,17.9,--,--,3731.0,19.1,继续持有
2026-05-08,持有,301248,杰创智能,计算机,2,200,85.2,92.45,--,--,1450.0,8.51,继续持有
2026-05-08,持有,603778,国晟科技,建筑装饰,17,1700,11.59,26.99,--,--,26180.0,132.87,继续持有
2026-05-08,持有,688227,品高股份,其他,--,--,--,132.98,--,--,0.0,0.0,继续持有
2026-05-08,持有,002931,锋龙股份,机械设备,2,200,95.5,63.12,--,--,-6476.0,-33.91,继续持有
2026-05-08,持有,002980,华盛昌,电力设备,2,200,79.94,84.14,--,--,840.0,5.25,继续持有
2026-05-08,持有,300342,天银机电,家用电器,3,300,55.8,68.4,--,--,3780.0,22.58,继续持有
